split,image,mask
train,/sessions/rcw-01rhzohs6sarhhp2xkz1oted/mnt/MVI_Brain_Tumor/images/2506.png,/sessions/rcw-01rhzohs6sarhhp2xkz1oted/mnt/MVI_Brain_Tumor/masks/2506.png
train,/sessions/rcw-01rhzohs6sarhhp2xkz1oted/mnt/MVI_Brain_Tumor/images/1566.png,/sessions/rcw-01rhzohs6sarhhp2xkz1oted/mnt/MVI_Brain_Tumor/masks/1566.png
train,/sessions/rcw-01rhzohs6sarhhp2xkz1oted/mnt/MVI_Brain_Tumor/images/1064.png,/sessions/rcw-01rhzohs6sarhhp2xkz1oted/mnt/MVI_Brain_Tumor/masks/1064.png
train,/sessions/rcw-01rhzohs6sarhhp2xkz1oted/mnt/MVI_Brain_Tumor/images/2219.png,/sessions/rcw-01rhzohs6sarhhp2xkz1oted/mnt/MVI_Brain_Tumor/masks/2219.png
train,/sessions/rcw-01rhzohs6sarhhp2xkz1oted/mnt/MVI_Brain_Tumor/images/642.png,/sessions/rcw-01rhzohs6sarhhp2xkz1oted/mnt/MVI_Brain_Tumor/masks/642.png
train,/sessions/rcw-01rhzohs6sarhhp2xkz1oted/mnt/MVI_Brain_Tumor/images/2685.png,/sessions/rcw-01rhzohs6sarhhp2xkz1oted/mnt/MVI_Brain_Tumor/masks/2685.png
train,/sessions/rcw-01rhzohs6sarhhp2xkz1oted/mnt/MVI_Brain_Tumor/images/2184.png,/sessions/rcw-01rhzohs6sarhhp2xkz1oted/mnt/MVI_Brain_Tumor/masks/2184.png
train,/sessions/rcw-01rhzohs6sarhhp2xkz1oted/mnt/MVI_Brain_Tumor/images/2999.png,/sessions/rcw-01rhzohs6sarhhp2xkz1oted/mnt/MVI_Brain_Tumor/masks/2999.png
train,/sessions/rcw-01rhzohs6sarhhp2xkz1oted/mnt/MVI_Brain_Tumor/images/2984.png,/sessions/rcw-01rhzohs6sarhhp2xkz1oted/mnt/MVI_Brain_Tumor/masks/2984.png
train,/sessions/rcw-01rhzohs6sarhhp2xkz1oted/mnt/MVI_Brain_Tumor/images/2386.png,/sessions/rcw-01rhzohs6sarhhp2xkz1oted/mnt/MVI_Brain_Tumor/masks/2386.png
train,/sessions/rcw-01rhzohs6sarhhp2xkz1oted/mnt/MVI_Brain_Tumor/images/2877.png,/sessions/rcw-01rhzohs6sarhhp2xkz1oted/mnt/MVI_Brain_Tumor/masks/2877.png
train,/sessions/rcw-01rhzohs6sarhhp2xkz1oted/mnt/MVI_Brain_Tumor/images/2.png,/sessions/rcw-01rhzohs6sarhhp2xkz1oted/mnt/MVI_Brain_Tumor/masks/2.png
train,/sessions/rcw-01rhzohs6sarhhp2xkz1oted/mnt/MVI_Brain_Tumor/images/1453.png,/sessions/rcw-01rhzohs6sarhhp2xkz1oted/mnt/MVI_Brain_Tumor/masks/1453.png
train,/sessions/rcw-01rhzohs6sarhhp2xkz1oted/mnt/MVI_Brain_Tumor/images/383.png,/sessions/rcw-01rhzohs6sarhhp2xkz1oted/mnt/MVI_Brain_Tumor/masks/383.png
train,/sessions/rcw-01rhzohs6sarhhp2xkz1oted/mnt/MVI_Brain_Tumor/images/2623.png,/sessions/rcw-01rhzohs6sarhhp2xkz1oted/mnt/MVI_Brain_Tumor/masks/2623.png
train,/sessions/rcw-01rhzohs6sarhhp2xkz1oted/mnt/MVI_Brain_Tumor/images/2567.png,/sessions/rcw-01rhzohs6sarhhp2xkz1oted/mnt/MVI_Brain_Tumor/masks/2567.png
train,/sessions/rcw-01rhzohs6sarhhp2xkz1oted/mnt/MVI_Brain_Tumor/images/80.png,/sessions/rcw-01rhzohs6sarhhp2xkz1oted/mnt/MVI_Brain_Tumor/masks/80.png
train,/sessions/rcw-01rhzohs6sarhhp2xkz1oted/mnt/MVI_Brain_Tumor/images/124.png,/sessions/rcw-01rhzohs6sarhhp2xkz1oted/mnt/MVI_Brain_Tumor/masks/124.png
train,/sessions/rcw-01rhzohs6sarhhp2xkz1oted/mnt/MVI_Brain_Tumor/images/889.png,/sessions/rcw-01rhzohs6sarhhp2xkz1oted/mnt/MVI_Brain_Tumor/masks/889.png
train,/sessions/rcw-01rhzohs6sarhhp2xkz1oted/mnt/MVI_Brain_Tumor/images/2340.png,/sessions/rcw-01rhzohs6sarhhp2xkz1oted/mnt/MVI_Brain_Tumor/masks/2340.png
train,/sessions/rcw-01rhzohs6sarhhp2xkz1oted/mnt/MVI_Brain_Tumor/images/2997.png,/sessions/rcw-01rhzohs6sarhhp2xkz1oted/mnt/MVI_Brain_Tumor/masks/2997.png
train,/sessions/rcw-01rhzohs6sarhhp2xkz1oted/mnt/MVI_Brain_Tumor/images/186.png,/sessions/rcw-01rhzohs6sarhhp2xkz1oted/mnt/MVI_Brain_Tumor/masks/186.png
train,/sessions/rcw-01rhzohs6sarhhp2xkz1oted/mnt/MVI_Brain_Tumor/images/2737.png,/sessions/rcw-01rhzohs6sarhhp2xkz1oted/mnt/MVI_Brain_Tumor/masks/2737.png
train,/sessions/rcw-01rhzohs6sarhhp2xkz1oted/mnt/MVI_Brain_Tumor/images/1685.png,/sessions/rcw-01rhzohs6sarhhp2xkz1oted/mnt/MVI_Brain_Tumor/masks/1685.png
train,/sessions/rcw-01rhzohs6sarhhp2xkz1oted/mnt/MVI_Brain_Tumor/images/2368.png,/sessions/rcw-01rhzohs6sarhhp2xkz1oted/mnt/MVI_Brain_Tumor/masks/2368.png
train,/sessions/rcw-01rhzohs6sarhhp2xkz1oted/mnt/MVI_Brain_Tumor/images/589.png,/sessions/rcw-01rhzohs6sarhhp2xkz1oted/mnt/MVI_Brain_Tumor/masks/589.png
train,/sessions/rcw-01rhzohs6sarhhp2xkz1oted/mnt/MVI_Brain_Tumor/images/1246.png,/sessions/rcw-01rhzohs6sarhhp2xkz1oted/mnt/MVI_Brain_Tumor/masks/1246.png
train,/sessions/rcw-01rhzohs6sarhhp2xkz1oted/mnt/MVI_Brain_Tumor/images/2443.png,/sessions/rcw-01rhzohs6sarhhp2xkz1oted/mnt/MVI_Brain_Tumor/masks/2443.png
train,/sessions/rcw-01rhzohs6sarhhp2xkz1oted/mnt/MVI_Brain_Tumor/images/1748.png,/sessions/rcw-01rhzohs6sarhhp2xkz1oted/mnt/MVI_Brain_Tumor/masks/1748.png
train,/sessions/rcw-01rhzohs6sarhhp2xkz1oted/mnt/MVI_Brain_Tumor/images/710.png,/sessions/rcw-01rhzohs6sarhhp2xkz1oted/mnt/MVI_Brain_Tumor/masks/710.png
train,/sessions/rcw-01rhzohs6sarhhp2xkz1oted/mnt/MVI_Brain_Tumor/images/2048.png,/sessions/rcw-01rhzohs6sarhhp2xkz1oted/mnt/MVI_Brain_Tumor/masks/2048.png
train,/sessions/rcw-01rhzohs6sarhhp2xkz1oted/mnt/MVI_Brain_Tumor/images/1305.png,/sessions/rcw-01rhzohs6sarhhp2xkz1oted/mnt/MVI_Brain_Tumor/masks/1305.png
train,/sessions/rcw-01rhzohs6sarhhp2xkz1oted/mnt/MVI_Brain_Tumor/images/2961.png,/sessions/rcw-01rhzohs6sarhhp2xkz1oted/mnt/MVI_Brain_Tumor/masks/2961.png
train,/sessions/rcw-01rhzohs6sarhhp2xkz1oted/mnt/MVI_Brain_Tumor/images/2993.png,/sessions/rcw-01rhzohs6sarhhp2xkz1oted/mnt/MVI_Brain_Tumor/masks/2993.png
train,/sessions/rcw-01rhzohs6sarhhp2xkz1oted/mnt/MVI_Brain_Tumor/images/996.png,/sessions/rcw-01rhzohs6sarhhp2xkz1oted/mnt/MVI_Brain_Tumor/masks/996.png
train,/sessions/rcw-01rhzohs6sarhhp2xkz1oted/mnt/MVI_Brain_Tumor/images/2736.png,/sessions/rcw-01rhzohs6sarhhp2xkz1oted/mnt/MVI_Brain_Tumor/masks/2736.png
train,/sessions/rcw-01rhzohs6sarhhp2xkz1oted/mnt/MVI_Brain_Tumor/images/625.png,/sessions/rcw-01rhzohs6sarhhp2xkz1oted/mnt/MVI_Brain_Tumor/masks/625.png
train,/sessions/rcw-01rhzohs6sarhhp2xkz1oted/mnt/MVI_Brain_Tumor/images/44.png,/sessions/rcw-01rhzohs6sarhhp2xkz1oted/mnt/MVI_Brain_Tumor/masks/44.png
train,/sessions/rcw-01rhzohs6sarhhp2xkz1oted/mnt/MVI_Brain_Tumor/images/689.png,/sessions/rcw-01rhzohs6sarhhp2xkz1oted/mnt/MVI_Brain_Tumor/masks/689.png
train,/sessions/rcw-01rhzohs6sarhhp2xkz1oted/mnt/MVI_Brain_Tumor/images/1416.png,/sessions/rcw-01rhzohs6sarhhp2xkz1oted/mnt/MVI_Brain_Tumor/masks/1416.png
train,/sessions/rcw-01rhzohs6sarhhp2xkz1oted/mnt/MVI_Brain_Tumor/images/480.png,/sessions/rcw-01rhzohs6sarhhp2xkz1oted/mnt/MVI_Brain_Tumor/masks/480.png
train,/sessions/rcw-01rhzohs6sarhhp2xkz1oted/mnt/MVI_Brain_Tumor/images/420.png,/sessions/rcw-01rhzohs6sarhhp2xkz1oted/mnt/MVI_Brain_Tumor/masks/420.png
train,/sessions/rcw-01rhzohs6sarhhp2xkz1oted/mnt/MVI_Brain_Tumor/images/1079.png,/sessions/rcw-01rhzohs6sarhhp2xkz1oted/mnt/MVI_Brain_Tumor/masks/1079.png
train,/sessions/rcw-01rhzohs6sarhhp2xkz1oted/mnt/MVI_Brain_Tumor/images/139.png,/sessions/rcw-01rhzohs6sarhhp2xkz1oted/mnt/MVI_Brain_Tumor/masks/139.png
train,/sessions/rcw-01rhzohs6sarhhp2xkz1oted/mnt/MVI_Brain_Tumor/images/2339.png,/sessions/rcw-01rhzohs6sarhhp2xkz1oted/mnt/MVI_Brain_Tumor/masks/2339.png
train,/sessions/rcw-01rhzohs6sarhhp2xkz1oted/mnt/MVI_Brain_Tumor/images/716.png,/sessions/rcw-01rhzohs6sarhhp2xkz1oted/mnt/MVI_Brain_Tumor/masks/716.png
train,/sessions/rcw-01rhzohs6sarhhp2xkz1oted/mnt/MVI_Brain_Tumor/images/2090.png,/sessions/rcw-01rhzohs6sarhhp2xkz1oted/mnt/MVI_Brain_Tumor/masks/2090.png
train,/sessions/rcw-01rhzohs6sarhhp2xkz1oted/mnt/MVI_Brain_Tumor/images/1971.png,/sessions/rcw-01rhzohs6sarhhp2xkz1oted/mnt/MVI_Brain_Tumor/masks/1971.png
train,/sessions/rcw-01rhzohs6sarhhp2xkz1oted/mnt/MVI_Brain_Tumor/images/2626.png,/sessions/rcw-01rhzohs6sarhhp2xkz1oted/mnt/MVI_Brain_Tumor/masks/2626.png
train,/sessions/rcw-01rhzohs6sarhhp2xkz1oted/mnt/MVI_Brain_Tumor/images/626.png,/sessions/rcw-01rhzohs6sarhhp2xkz1oted/mnt/MVI_Brain_Tumor/masks/626.png
train,/sessions/rcw-01rhzohs6sarhhp2xkz1oted/mnt/MVI_Brain_Tumor/images/2244.png,/sessions/rcw-01rhzohs6sarhhp2xkz1oted/mnt/MVI_Brain_Tumor/masks/2244.png
train,/sessions/rcw-01rhzohs6sarhhp2xkz1oted/mnt/MVI_Brain_Tumor/images/2181.png,/sessions/rcw-01rhzohs6sarhhp2xkz1oted/mnt/MVI_Brain_Tumor/masks/2181.png
train,/sessions/rcw-01rhzohs6sarhhp2xkz1oted/mnt/MVI_Brain_Tumor/images/1746.png,/sessions/rcw-01rhzohs6sarhhp2xkz1oted/mnt/MVI_Brain_Tumor/masks/1746.png
train,/sessions/rcw-01rhzohs6sarhhp2xkz1oted/mnt/MVI_Brain_Tumor/images/1969.png,/sessions/rcw-01rhzohs6sarhhp2xkz1oted/mnt/MVI_Brain_Tumor/masks/1969.png
train,/sessions/rcw-01rhzohs6sarhhp2xkz1oted/mnt/MVI_Brain_Tumor/images/1427.png,/sessions/rcw-01rhzohs6sarhhp2xkz1oted/mnt/MVI_Brain_Tumor/masks/1427.png
train,/sessions/rcw-01rhzohs6sarhhp2xkz1oted/mnt/MVI_Brain_Tumor/images/715.png,/sessions/rcw-01rhzohs6sarhhp2xkz1oted/mnt/MVI_Brain_Tumor/masks/715.png
train,/sessions/rcw-01rhzohs6sarhhp2xkz1oted/mnt/MVI_Brain_Tumor/images/1021.png,/sessions/rcw-01rhzohs6sarhhp2xkz1oted/mnt/MVI_Brain_Tumor/masks/1021.png
train,/sessions/rcw-01rhzohs6sarhhp2xkz1oted/mnt/MVI_Brain_Tumor/images/696.png,/sessions/rcw-01rhzohs6sarhhp2xkz1oted/mnt/MVI_Brain_Tumor/masks/696.png
train,/sessions/rcw-01rhzohs6sarhhp2xkz1oted/mnt/MVI_Brain_Tumor/images/768.png,/sessions/rcw-01rhzohs6sarhhp2xkz1oted/mnt/MVI_Brain_Tumor/masks/768.png
train,/sessions/rcw-01rhzohs6sarhhp2xkz1oted/mnt/MVI_Brain_Tumor/images/1563.png,/sessions/rcw-01rhzohs6sarhhp2xkz1oted/mnt/MVI_Brain_Tumor/masks/1563.png
train,/sessions/rcw-01rhzohs6sarhhp2xkz1oted/mnt/MVI_Brain_Tumor/images/488.png,/sessions/rcw-01rhzohs6sarhhp2xkz1oted/mnt/MVI_Brain_Tumor/masks/488.png
train,/sessions/rcw-01rhzohs6sarhhp2xkz1oted/mnt/MVI_Brain_Tumor/images/1361.png,/sessions/rcw-01rhzohs6sarhhp2xkz1oted/mnt/MVI_Brain_Tumor/masks/1361.png
train,/sessions/rcw-01rhzohs6sarhhp2xkz1oted/mnt/MVI_Brain_Tumor/images/1795.png,/sessions/rcw-01rhzohs6sarhhp2xkz1oted/mnt/MVI_Brain_Tumor/masks/1795.png
train,/sessions/rcw-01rhzohs6sarhhp2xkz1oted/mnt/MVI_Brain_Tumor/images/666.png,/sessions/rcw-01rhzohs6sarhhp2xkz1oted/mnt/MVI_Brain_Tumor/masks/666.png
train,/sessions/rcw-01rhzohs6sarhhp2xkz1oted/mnt/MVI_Brain_Tumor/images/22.png,/sessions/rcw-01rhzohs6sarhhp2xkz1oted/mnt/MVI_Brain_Tumor/masks/22.png
train,/sessions/rcw-01rhzohs6sarhhp2xkz1oted/mnt/MVI_Brain_Tumor/images/2466.png,/sessions/rcw-01rhzohs6sarhhp2xkz1oted/mnt/MVI_Brain_Tumor/masks/2466.png
train,/sessions/rcw-01rhzohs6sarhhp2xkz1oted/mnt/MVI_Brain_Tumor/images/1873.png,/sessions/rcw-01rhzohs6sarhhp2xkz1oted/mnt/MVI_Brain_Tumor/masks/1873.png
train,/sessions/rcw-01rhzohs6sarhhp2xkz1oted/mnt/MVI_Brain_Tumor/images/1056.png,/sessions/rcw-01rhzohs6sarhhp2xkz1oted/mnt/MVI_Brain_Tumor/masks/1056.png
train,/sessions/rcw-01rhzohs6sarhhp2xkz1oted/mnt/MVI_Brain_Tumor/images/2168.png,/sessions/rcw-01rhzohs6sarhhp2xkz1oted/mnt/MVI_Brain_Tumor/masks/2168.png
train,/sessions/rcw-01rhzohs6sarhhp2xkz1oted/mnt/MVI_Brain_Tumor/images/367.png,/sessions/rcw-01rhzohs6sarhhp2xkz1oted/mnt/MVI_Brain_Tumor/masks/367.png
train,/sessions/rcw-01rhzohs6sarhhp2xkz1oted/mnt/MVI_Brain_Tumor/images/790.png,/sessions/rcw-01rhzohs6sarhhp2xkz1oted/mnt/MVI_Brain_Tumor/masks/790.png
train,/sessions/rcw-01rhzohs6sarhhp2xkz1oted/mnt/MVI_Brain_Tumor/images/1734.png,/sessions/rcw-01rhzohs6sarhhp2xkz1oted/mnt/MVI_Brain_Tumor/masks/1734.png
train,/sessions/rcw-01rhzohs6sarhhp2xkz1oted/mnt/MVI_Brain_Tumor/images/2621.png,/sessions/rcw-01rhzohs6sarhhp2xkz1oted/mnt/MVI_Brain_Tumor/masks/2621.png
train,/sessions/rcw-01rhzohs6sarhhp2xkz1oted/mnt/MVI_Brain_Tumor/images/2422.png,/sessions/rcw-01rhzohs6sarhhp2xkz1oted/mnt/MVI_Brain_Tumor/masks/2422.png
train,/sessions/rcw-01rhzohs6sarhhp2xkz1oted/mnt/MVI_Brain_Tumor/images/296.png,/sessions/rcw-01rhzohs6sarhhp2xkz1oted/mnt/MVI_Brain_Tumor/masks/296.png
train,/sessions/rcw-01rhzohs6sarhhp2xkz1oted/mnt/MVI_Brain_Tumor/images/2253.png,/sessions/rcw-01rhzohs6sarhhp2xkz1oted/mnt/MVI_Brain_Tumor/masks/2253.png
train,/sessions/rcw-01rhzohs6sarhhp2xkz1oted/mnt/MVI_Brain_Tumor/images/454.png,/sessions/rcw-01rhzohs6sarhhp2xkz1oted/mnt/MVI_Brain_Tumor/masks/454.png
train,/sessions/rcw-01rhzohs6sarhhp2xkz1oted/mnt/MVI_Brain_Tumor/images/1495.png,/sessions/rcw-01rhzohs6sarhhp2xkz1oted/mnt/MVI_Brain_Tumor/masks/1495.png
train,/sessions/rcw-01rhzohs6sarhhp2xkz1oted/mnt/MVI_Brain_Tumor/images/2917.png,/sessions/rcw-01rhzohs6sarhhp2xkz1oted/mnt/MVI_Brain_Tumor/masks/2917.png
train,/sessions/rcw-01rhzohs6sarhhp2xkz1oted/mnt/MVI_Brain_Tumor/images/2348.png,/sessions/rcw-01rhzohs6sarhhp2xkz1oted/mnt/MVI_Brain_Tumor/masks/2348.png
train,/sessions/rcw-01rhzohs6sarhhp2xkz1oted/mnt/MVI_Brain_Tumor/images/1227.png,/sessions/rcw-01rhzohs6sarhhp2xkz1oted/mnt/MVI_Brain_Tumor/masks/1227.png
train,/sessions/rcw-01rhzohs6sarhhp2xkz1oted/mnt/MVI_Brain_Tumor/images/609.png,/sessions/rcw-01rhzohs6sarhhp2xkz1oted/mnt/MVI_Brain_Tumor/masks/609.png
train,/sessions/rcw-01rhzohs6sarhhp2xkz1oted/mnt/MVI_Brain_Tumor/images/1292.png,/sessions/rcw-01rhzohs6sarhhp2xkz1oted/mnt/MVI_Brain_Tumor/masks/1292.png
train,/sessions/rcw-01rhzohs6sarhhp2xkz1oted/mnt/MVI_Brain_Tumor/images/101.png,/sessions/rcw-01rhzohs6sarhhp2xkz1oted/mnt/MVI_Brain_Tumor/masks/101.png
train,/sessions/rcw-01rhzohs6sarhhp2xkz1oted/mnt/MVI_Brain_Tumor/images/1459.png,/sessions/rcw-01rhzohs6sarhhp2xkz1oted/mnt/MVI_Brain_Tumor/masks/1459.png
train,/sessions/rcw-01rhzohs6sarhhp2xkz1oted/mnt/MVI_Brain_Tumor/images/2242.png,/sessions/rcw-01rhzohs6sarhhp2xkz1oted/mnt/MVI_Brain_Tumor/masks/2242.png
train,/sessions/rcw-01rhzohs6sarhhp2xkz1oted/mnt/MVI_Brain_Tumor/images/1062.png,/sessions/rcw-01rhzohs6sarhhp2xkz1oted/mnt/MVI_Brain_Tumor/masks/1062.png
train,/sessions/rcw-01rhzohs6sarhhp2xkz1oted/mnt/MVI_Brain_Tumor/images/1354.png,/sessions/rcw-01rhzohs6sarhhp2xkz1oted/mnt/MVI_Brain_Tumor/masks/1354.png
train,/sessions/rcw-01rhzohs6sarhhp2xkz1oted/mnt/MVI_Brain_Tumor/images/2774.png,/sessions/rcw-01rhzohs6sarhhp2xkz1oted/mnt/MVI_Brain_Tumor/masks/2774.png
train,/sessions/rcw-01rhzohs6sarhhp2xkz1oted/mnt/MVI_Brain_Tumor/images/1896.png,/sessions/rcw-01rhzohs6sarhhp2xkz1oted/mnt/MVI_Brain_Tumor/masks/1896.png
train,/sessions/rcw-01rhzohs6sarhhp2xkz1oted/mnt/MVI_Brain_Tumor/images/37.png,/sessions/rcw-01rhzohs6sarhhp2xkz1oted/mnt/MVI_Brain_Tumor/masks/37.png
train,/sessions/rcw-01rhzohs6sarhhp2xkz1oted/mnt/MVI_Brain_Tumor/images/1851.png,/sessions/rcw-01rhzohs6sarhhp2xkz1oted/mnt/MVI_Brain_Tumor/masks/1851.png
train,/sessions/rcw-01rhzohs6sarhhp2xkz1oted/mnt/MVI_Brain_Tumor/images/930.png,/sessions/rcw-01rhzohs6sarhhp2xkz1oted/mnt/MVI_Brain_Tumor/masks/930.png
train,/sessions/rcw-01rhzohs6sarhhp2xkz1oted/mnt/MVI_Brain_Tumor/images/363.png,/sessions/rcw-01rhzohs6sarhhp2xkz1oted/mnt/MVI_Brain_Tumor/masks/363.png
train,/sessions/rcw-01rhzohs6sarhhp2xkz1oted/mnt/MVI_Brain_Tumor/images/60.png,/sessions/rcw-01rhzohs6sarhhp2xkz1oted/mnt/MVI_Brain_Tumor/masks/60.png
train,/sessions/rcw-01rhzohs6sarhhp2xkz1oted/mnt/MVI_Brain_Tumor/images/343.png,/sessions/rcw-01rhzohs6sarhhp2xkz1oted/mnt/MVI_Brain_Tumor/masks/343.png
train,/sessions/rcw-01rhzohs6sarhhp2xkz1oted/mnt/MVI_Brain_Tumor/images/87.png,/sessions/rcw-01rhzohs6sarhhp2xkz1oted/mnt/MVI_Brain_Tumor/masks/87.png
train,/sessions/rcw-01rhzohs6sarhhp2xkz1oted/mnt/MVI_Brain_Tumor/images/245.png,/sessions/rcw-01rhzohs6sarhhp2xkz1oted/mnt/MVI_Brain_Tumor/masks/245.png
train,/sessions/rcw-01rhzohs6sarhhp2xkz1oted/mnt/MVI_Brain_Tumor/images/2204.png,/sessions/rcw-01rhzohs6sarhhp2xkz1oted/mnt/MVI_Brain_Tumor/masks/2204.png
train,/sessions/rcw-01rhzohs6sarhhp2xkz1oted/mnt/MVI_Brain_Tumor/images/1355.png,/sessions/rcw-01rhzohs6sarhhp2xkz1oted/mnt/MVI_Brain_Tumor/masks/1355.png
train,/sessions/rcw-01rhzohs6sarhhp2xkz1oted/mnt/MVI_Brain_Tumor/images/2611.png,/sessions/rcw-01rhzohs6sarhhp2xkz1oted/mnt/MVI_Brain_Tumor/masks/2611.png
train,/sessions/rcw-01rhzohs6sarhhp2xkz1oted/mnt/MVI_Brain_Tumor/images/239.png,/sessions/rcw-01rhzohs6sarhhp2xkz1oted/mnt/MVI_Brain_Tumor/masks/239.png
train,/sessions/rcw-01rhzohs6sarhhp2xkz1oted/mnt/MVI_Brain_Tumor/images/1023.png,/sessions/rcw-01rhzohs6sarhhp2xkz1oted/mnt/MVI_Brain_Tumor/masks/1023.png
train,/sessions/rcw-01rhzohs6sarhhp2xkz1oted/mnt/MVI_Brain_Tumor/images/945.png,/sessions/rcw-01rhzohs6sarhhp2xkz1oted/mnt/MVI_Brain_Tumor/masks/945.png
train,/sessions/rcw-01rhzohs6sarhhp2xkz1oted/mnt/MVI_Brain_Tumor/images/1274.png,/sessions/rcw-01rhzohs6sarhhp2xkz1oted/mnt/MVI_Brain_Tumor/masks/1274.png
train,/sessions/rcw-01rhzohs6sarhhp2xkz1oted/mnt/MVI_Brain_Tumor/images/1510.png,/sessions/rcw-01rhzohs6sarhhp2xkz1oted/mnt/MVI_Brain_Tumor/masks/1510.png
train,/sessions/rcw-01rhzohs6sarhhp2xkz1oted/mnt/MVI_Brain_Tumor/images/278.png,/sessions/rcw-01rhzohs6sarhhp2xkz1oted/mnt/MVI_Brain_Tumor/masks/278.png
train,/sessions/rcw-01rhzohs6sarhhp2xkz1oted/mnt/MVI_Brain_Tumor/images/2378.png,/sessions/rcw-01rhzohs6sarhhp2xkz1oted/mnt/MVI_Brain_Tumor/masks/2378.png
train,/sessions/rcw-01rhzohs6sarhhp2xkz1oted/mnt/MVI_Brain_Tumor/images/2138.png,/sessions/rcw-01rhzohs6sarhhp2xkz1oted/mnt/MVI_Brain_Tumor/masks/2138.png
train,/sessions/rcw-01rhzohs6sarhhp2xkz1oted/mnt/MVI_Brain_Tumor/images/1141.png,/sessions/rcw-01rhzohs6sarhhp2xkz1oted/mnt/MVI_Brain_Tumor/masks/1141.png
train,/sessions/rcw-01rhzohs6sarhhp2xkz1oted/mnt/MVI_Brain_Tumor/images/2195.png,/sessions/rcw-01rhzohs6sarhhp2xkz1oted/mnt/MVI_Brain_Tumor/masks/2195.png
train,/sessions/rcw-01rhzohs6sarhhp2xkz1oted/mnt/MVI_Brain_Tumor/images/2520.png,/sessions/rcw-01rhzohs6sarhhp2xkz1oted/mnt/MVI_Brain_Tumor/masks/2520.png
train,/sessions/rcw-01rhzohs6sarhhp2xkz1oted/mnt/MVI_Brain_Tumor/images/1352.png,/sessions/rcw-01rhzohs6sarhhp2xkz1oted/mnt/MVI_Brain_Tumor/masks/1352.png
train,/sessions/rcw-01rhzohs6sarhhp2xkz1oted/mnt/MVI_Brain_Tumor/images/957.png,/sessions/rcw-01rhzohs6sarhhp2xkz1oted/mnt/MVI_Brain_Tumor/masks/957.png
train,/sessions/rcw-01rhzohs6sarhhp2xkz1oted/mnt/MVI_Brain_Tumor/images/1718.png,/sessions/rcw-01rhzohs6sarhhp2xkz1oted/mnt/MVI_Brain_Tumor/masks/1718.png
train,/sessions/rcw-01rhzohs6sarhhp2xkz1oted/mnt/MVI_Brain_Tumor/images/2962.png,/sessions/rcw-01rhzohs6sarhhp2xkz1oted/mnt/MVI_Brain_Tumor/masks/2962.png
train,/sessions/rcw-01rhzohs6sarhhp2xkz1oted/mnt/MVI_Brain_Tumor/images/2860.png,/sessions/rcw-01rhzohs6sarhhp2xkz1oted/mnt/MVI_Brain_Tumor/masks/2860.png
train,/sessions/rcw-01rhzohs6sarhhp2xkz1oted/mnt/MVI_Brain_Tumor/images/2251.png,/sessions/rcw-01rhzohs6sarhhp2xkz1oted/mnt/MVI_Brain_Tumor/masks/2251.png
train,/sessions/rcw-01rhzohs6sarhhp2xkz1oted/mnt/MVI_Brain_Tumor/images/959.png,/sessions/rcw-01rhzohs6sarhhp2xkz1oted/mnt/MVI_Brain_Tumor/masks/959.png
train,/sessions/rcw-01rhzohs6sarhhp2xkz1oted/mnt/MVI_Brain_Tumor/images/1723.png,/sessions/rcw-01rhzohs6sarhhp2xkz1oted/mnt/MVI_Brain_Tumor/masks/1723.png
train,/sessions/rcw-01rhzohs6sarhhp2xkz1oted/mnt/MVI_Brain_Tumor/images/971.png,/sessions/rcw-01rhzohs6sarhhp2xkz1oted/mnt/MVI_Brain_Tumor/masks/971.png
train,/sessions/rcw-01rhzohs6sarhhp2xkz1oted/mnt/MVI_Brain_Tumor/images/2978.png,/sessions/rcw-01rhzohs6sarhhp2xkz1oted/mnt/MVI_Brain_Tumor/masks/2978.png
train,/sessions/rcw-01rhzohs6sarhhp2xkz1oted/mnt/MVI_Brain_Tumor/images/1386.png,/sessions/rcw-01rhzohs6sarhhp2xkz1oted/mnt/MVI_Brain_Tumor/masks/1386.png
train,/sessions/rcw-01rhzohs6sarhhp2xkz1oted/mnt/MVI_Brain_Tumor/images/1973.png,/sessions/rcw-01rhzohs6sarhhp2xkz1oted/mnt/MVI_Brain_Tumor/masks/1973.png
train,/sessions/rcw-01rhzohs6sarhhp2xkz1oted/mnt/MVI_Brain_Tumor/images/2107.png,/sessions/rcw-01rhzohs6sarhhp2xkz1oted/mnt/MVI_Brain_Tumor/masks/2107.png
train,/sessions/rcw-01rhzohs6sarhhp2xkz1oted/mnt/MVI_Brain_Tumor/images/2970.png,/sessions/rcw-01rhzohs6sarhhp2xkz1oted/mnt/MVI_Brain_Tumor/masks/2970.png
train,/sessions/rcw-01rhzohs6sarhhp2xkz1oted/mnt/MVI_Brain_Tumor/images/1388.png,/sessions/rcw-01rhzohs6sarhhp2xkz1oted/mnt/MVI_Brain_Tumor/masks/1388.png
train,/sessions/rcw-01rhzohs6sarhhp2xkz1oted/mnt/MVI_Brain_Tumor/images/2261.png,/sessions/rcw-01rhzohs6sarhhp2xkz1oted/mnt/MVI_Brain_Tumor/masks/2261.png
train,/sessions/rcw-01rhzohs6sarhhp2xkz1oted/mnt/MVI_Brain_Tumor/images/262.png,/sessions/rcw-01rhzohs6sarhhp2xkz1oted/mnt/MVI_Brain_Tumor/masks/262.png
train,/sessions/rcw-01rhzohs6sarhhp2xkz1oted/mnt/MVI_Brain_Tumor/images/2277.png,/sessions/rcw-01rhzohs6sarhhp2xkz1oted/mnt/MVI_Brain_Tumor/masks/2277.png
train,/sessions/rcw-01rhzohs6sarhhp2xkz1oted/mnt/MVI_Brain_Tumor/images/496.png,/sessions/rcw-01rhzohs6sarhhp2xkz1oted/mnt/MVI_Brain_Tumor/masks/496.png
train,/sessions/rcw-01rhzohs6sarhhp2xkz1oted/mnt/MVI_Brain_Tumor/images/2681.png,/sessions/rcw-01rhzohs6sarhhp2xkz1oted/mnt/MVI_Brain_Tumor/masks/2681.png
train,/sessions/rcw-01rhzohs6sarhhp2xkz1oted/mnt/MVI_Brain_Tumor/images/1468.png,/sessions/rcw-01rhzohs6sarhhp2xkz1oted/mnt/MVI_Brain_Tumor/masks/1468.png
train,/sessions/rcw-01rhzohs6sarhhp2xkz1oted/mnt/MVI_Brain_Tumor/images/1961.png,/sessions/rcw-01rhzohs6sarhhp2xkz1oted/mnt/MVI_Brain_Tumor/masks/1961.png
train,/sessions/rcw-01rhzohs6sarhhp2xkz1oted/mnt/MVI_Brain_Tumor/images/2062.png,/sessions/rcw-01rhzohs6sarhhp2xkz1oted/mnt/MVI_Brain_Tumor/masks/2062.png
train,/sessions/rcw-01rhzohs6sarhhp2xkz1oted/mnt/MVI_Brain_Tumor/images/1862.png,/sessions/rcw-01rhzohs6sarhhp2xkz1oted/mnt/MVI_Brain_Tumor/masks/1862.png
train,/sessions/rcw-01rhzohs6sarhhp2xkz1oted/mnt/MVI_Brain_Tumor/images/463.png,/sessions/rcw-01rhzohs6sarhhp2xkz1oted/mnt/MVI_Brain_Tumor/masks/463.png
train,/sessions/rcw-01rhzohs6sarhhp2xkz1oted/mnt/MVI_Brain_Tumor/images/2756.png,/sessions/rcw-01rhzohs6sarhhp2xkz1oted/mnt/MVI_Brain_Tumor/masks/2756.png
train,/sessions/rcw-01rhzohs6sarhhp2xkz1oted/mnt/MVI_Brain_Tumor/images/2311.png,/sessions/rcw-01rhzohs6sarhhp2xkz1oted/mnt/MVI_Brain_Tumor/masks/2311.png
train,/sessions/rcw-01rhzohs6sarhhp2xkz1oted/mnt/MVI_Brain_Tumor/images/595.png,/sessions/rcw-01rhzohs6sarhhp2xkz1oted/mnt/MVI_Brain_Tumor/masks/595.png
train,/sessions/rcw-01rhzohs6sarhhp2xkz1oted/mnt/MVI_Brain_Tumor/images/2605.png,/sessions/rcw-01rhzohs6sarhhp2xkz1oted/mnt/MVI_Brain_Tumor/masks/2605.png
train,/sessions/rcw-01rhzohs6sarhhp2xkz1oted/mnt/MVI_Brain_Tumor/images/2362.png,/sessions/rcw-01rhzohs6sarhhp2xkz1oted/mnt/MVI_Brain_Tumor/masks/2362.png
train,/sessions/rcw-01rhzohs6sarhhp2xkz1oted/mnt/MVI_Brain_Tumor/images/1294.png,/sessions/rcw-01rhzohs6sarhhp2xkz1oted/mnt/MVI_Brain_Tumor/masks/1294.png
train,/sessions/rcw-01rhzohs6sarhhp2xkz1oted/mnt/MVI_Brain_Tumor/images/1339.png,/sessions/rcw-01rhzohs6sarhhp2xkz1oted/mnt/MVI_Brain_Tumor/masks/1339.png
train,/sessions/rcw-01rhzohs6sarhhp2xkz1oted/mnt/MVI_Brain_Tumor/images/1320.png,/sessions/rcw-01rhzohs6sarhhp2xkz1oted/mnt/MVI_Brain_Tumor/masks/1320.png
train,/sessions/rcw-01rhzohs6sarhhp2xkz1oted/mnt/MVI_Brain_Tumor/images/1858.png,/sessions/rcw-01rhzohs6sarhhp2xkz1oted/mnt/MVI_Brain_Tumor/masks/1858.png
train,/sessions/rcw-01rhzohs6sarhhp2xkz1oted/mnt/MVI_Brain_Tumor/images/1108.png,/sessions/rcw-01rhzohs6sarhhp2xkz1oted/mnt/MVI_Brain_Tumor/masks/1108.png
train,/sessions/rcw-01rhzohs6sarhhp2xkz1oted/mnt/MVI_Brain_Tumor/images/1659.png,/sessions/rcw-01rhzohs6sarhhp2xkz1oted/mnt/MVI_Brain_Tumor/masks/1659.png
train,/sessions/rcw-01rhzohs6sarhhp2xkz1oted/mnt/MVI_Brain_Tumor/images/2012.png,/sessions/rcw-01rhzohs6sarhhp2xkz1oted/mnt/MVI_Brain_Tumor/masks/2012.png
train,/sessions/rcw-01rhzohs6sarhhp2xkz1oted/mnt/MVI_Brain_Tumor/images/1283.png,/sessions/rcw-01rhzohs6sarhhp2xkz1oted/mnt/MVI_Brain_Tumor/masks/1283.png
train,/sessions/rcw-01rhzohs6sarhhp2xkz1oted/mnt/MVI_Brain_Tumor/images/1449.png,/sessions/rcw-01rhzohs6sarhhp2xkz1oted/mnt/MVI_Brain_Tumor/masks/1449.png
train,/sessions/rcw-01rhzohs6sarhhp2xkz1oted/mnt/MVI_Brain_Tumor/images/2585.png,/sessions/rcw-01rhzohs6sarhhp2xkz1oted/mnt/MVI_Brain_Tumor/masks/2585.png
train,/sessions/rcw-01rhzohs6sarhhp2xkz1oted/mnt/MVI_Brain_Tumor/images/519.png,/sessions/rcw-01rhzohs6sarhhp2xkz1oted/mnt/MVI_Brain_Tumor/masks/519.png
train,/sessions/rcw-01rhzohs6sarhhp2xkz1oted/mnt/MVI_Brain_Tumor/images/31.png,/sessions/rcw-01rhzohs6sarhhp2xkz1oted/mnt/MVI_Brain_Tumor/masks/31.png
train,/sessions/rcw-01rhzohs6sarhhp2xkz1oted/mnt/MVI_Brain_Tumor/images/2126.png,/sessions/rcw-01rhzohs6sarhhp2xkz1oted/mnt/MVI_Brain_Tumor/masks/2126.png
train,/sessions/rcw-01rhzohs6sarhhp2xkz1oted/mnt/MVI_Brain_Tumor/images/2027.png,/sessions/rcw-01rhzohs6sarhhp2xkz1oted/mnt/MVI_Brain_Tumor/masks/2027.png
train,/sessions/rcw-01rhzohs6sarhhp2xkz1oted/mnt/MVI_Brain_Tumor/images/855.png,/sessions/rcw-01rhzohs6sarhhp2xkz1oted/mnt/MVI_Brain_Tumor/masks/855.png
train,/sessions/rcw-01rhzohs6sarhhp2xkz1oted/mnt/MVI_Brain_Tumor/images/110.png,/sessions/rcw-01rhzohs6sarhhp2xkz1oted/mnt/MVI_Brain_Tumor/masks/110.png
train,/sessions/rcw-01rhzohs6sarhhp2xkz1oted/mnt/MVI_Brain_Tumor/images/615.png,/sessions/rcw-01rhzohs6sarhhp2xkz1oted/mnt/MVI_Brain_Tumor/masks/615.png
train,/sessions/rcw-01rhzohs6sarhhp2xkz1oted/mnt/MVI_Brain_Tumor/images/1157.png,/sessions/rcw-01rhzohs6sarhhp2xkz1oted/mnt/MVI_Brain_Tumor/masks/1157.png
train,/sessions/rcw-01rhzohs6sarhhp2xkz1oted/mnt/MVI_Brain_Tumor/images/1414.png,/sessions/rcw-01rhzohs6sarhhp2xkz1oted/mnt/MVI_Brain_Tumor/masks/1414.png
train,/sessions/rcw-01rhzohs6sarhhp2xkz1oted/mnt/MVI_Brain_Tumor/images/1807.png,/sessions/rcw-01rhzohs6sarhhp2xkz1oted/mnt/MVI_Brain_Tumor/masks/1807.png
train,/sessions/rcw-01rhzohs6sarhhp2xkz1oted/mnt/MVI_Brain_Tumor/images/316.png,/sessions/rcw-01rhzohs6sarhhp2xkz1oted/mnt/MVI_Brain_Tumor/masks/316.png
train,/sessions/rcw-01rhzohs6sarhhp2xkz1oted/mnt/MVI_Brain_Tumor/images/2658.png,/sessions/rcw-01rhzohs6sarhhp2xkz1oted/mnt/MVI_Brain_Tumor/masks/2658.png
train,/sessions/rcw-01rhzohs6sarhhp2xkz1oted/mnt/MVI_Brain_Tumor/images/2454.png,/sessions/rcw-01rhzohs6sarhhp2xkz1oted/mnt/MVI_Brain_Tumor/masks/2454.png
train,/sessions/rcw-01rhzohs6sarhhp2xkz1oted/mnt/MVI_Brain_Tumor/images/1684.png,/sessions/rcw-01rhzohs6sarhhp2xkz1oted/mnt/MVI_Brain_Tumor/masks/1684.png
train,/sessions/rcw-01rhzohs6sarhhp2xkz1oted/mnt/MVI_Brain_Tumor/images/2102.png,/sessions/rcw-01rhzohs6sarhhp2xkz1oted/mnt/MVI_Brain_Tumor/masks/2102.png
train,/sessions/rcw-01rhzohs6sarhhp2xkz1oted/mnt/MVI_Brain_Tumor/images/2634.png,/sessions/rcw-01rhzohs6sarhhp2xkz1oted/mnt/MVI_Brain_Tumor/masks/2634.png
train,/sessions/rcw-01rhzohs6sarhhp2xkz1oted/mnt/MVI_Brain_Tumor/images/298.png,/sessions/rcw-01rhzohs6sarhhp2xkz1oted/mnt/MVI_Brain_Tumor/masks/298.png
train,/sessions/rcw-01rhzohs6sarhhp2xkz1oted/mnt/MVI_Brain_Tumor/images/1493.png,/sessions/rcw-01rhzohs6sarhhp2xkz1oted/mnt/MVI_Brain_Tumor/masks/1493.png
train,/sessions/rcw-01rhzohs6sarhhp2xkz1oted/mnt/MVI_Brain_Tumor/images/1774.png,/sessions/rcw-01rhzohs6sarhhp2xkz1oted/mnt/MVI_Brain_Tumor/masks/1774.png
train,/sessions/rcw-01rhzohs6sarhhp2xkz1oted/mnt/MVI_Brain_Tumor/images/943.png,/sessions/rcw-01rhzohs6sarhhp2xkz1oted/mnt/MVI_Brain_Tumor/masks/943.png
train,/sessions/rcw-01rhzohs6sarhhp2xkz1oted/mnt/MVI_Brain_Tumor/images/796.png,/sessions/rcw-01rhzohs6sarhhp2xkz1oted/mnt/MVI_Brain_Tumor/masks/796.png
train,/sessions/rcw-01rhzohs6sarhhp2xkz1oted/mnt/MVI_Brain_Tumor/images/2722.png,/sessions/rcw-01rhzohs6sarhhp2xkz1oted/mnt/MVI_Brain_Tumor/masks/2722.png
train,/sessions/rcw-01rhzohs6sarhhp2xkz1oted/mnt/MVI_Brain_Tumor/images/3037.png,/sessions/rcw-01rhzohs6sarhhp2xkz1oted/mnt/MVI_Brain_Tumor/masks/3037.png
train,/sessions/rcw-01rhzohs6sarhhp2xkz1oted/mnt/MVI_Brain_Tumor/images/2777.png,/sessions/rcw-01rhzohs6sarhhp2xkz1oted/mnt/MVI_Brain_Tumor/masks/2777.png
train,/sessions/rcw-01rhzohs6sarhhp2xkz1oted/mnt/MVI_Brain_Tumor/images/2642.png,/sessions/rcw-01rhzohs6sarhhp2xkz1oted/mnt/MVI_Brain_Tumor/masks/2642.png
train,/sessions/rcw-01rhzohs6sarhhp2xkz1oted/mnt/MVI_Brain_Tumor/images/2223.png,/sessions/rcw-01rhzohs6sarhhp2xkz1oted/mnt/MVI_Brain_Tumor/masks/2223.png
train,/sessions/rcw-01rhzohs6sarhhp2xkz1oted/mnt/MVI_Brain_Tumor/images/2803.png,/sessions/rcw-01rhzohs6sarhhp2xkz1oted/mnt/MVI_Brain_Tumor/masks/2803.png
train,/sessions/rcw-01rhzohs6sarhhp2xkz1oted/mnt/MVI_Brain_Tumor/images/2284.png,/sessions/rcw-01rhzohs6sarhhp2xkz1oted/mnt/MVI_Brain_Tumor/masks/2284.png
train,/sessions/rcw-01rhzohs6sarhhp2xkz1oted/mnt/MVI_Brain_Tumor/images/2175.png,/sessions/rcw-01rhzohs6sarhhp2xkz1oted/mnt/MVI_Brain_Tumor/masks/2175.png
train,/sessions/rcw-01rhzohs6sarhhp2xkz1oted/mnt/MVI_Brain_Tumor/images/1515.png,/sessions/rcw-01rhzohs6sarhhp2xkz1oted/mnt/MVI_Brain_Tumor/masks/1515.png
train,/sessions/rcw-01rhzohs6sarhhp2xkz1oted/mnt/MVI_Brain_Tumor/images/2429.png,/sessions/rcw-01rhzohs6sarhhp2xkz1oted/mnt/MVI_Brain_Tumor/masks/2429.png
train,/sessions/rcw-01rhzohs6sarhhp2xkz1oted/mnt/MVI_Brain_Tumor/images/2590.png,/sessions/rcw-01rhzohs6sarhhp2xkz1oted/mnt/MVI_Brain_Tumor/masks/2590.png
train,/sessions/rcw-01rhzohs6sarhhp2xkz1oted/mnt/MVI_Brain_Tumor/images/2259.png,/sessions/rcw-01rhzohs6sarhhp2xkz1oted/mnt/MVI_Brain_Tumor/masks/2259.png
train,/sessions/rcw-01rhzohs6sarhhp2xkz1oted/mnt/MVI_Brain_Tumor/images/1655.png,/sessions/rcw-01rhzohs6sarhhp2xkz1oted/mnt/MVI_Brain_Tumor/masks/1655.png
train,/sessions/rcw-01rhzohs6sarhhp2xkz1oted/mnt/MVI_Brain_Tumor/images/2072.png,/sessions/rcw-01rhzohs6sarhhp2xkz1oted/mnt/MVI_Brain_Tumor/masks/2072.png
train,/sessions/rcw-01rhzohs6sarhhp2xkz1oted/mnt/MVI_Brain_Tumor/images/860.png,/sessions/rcw-01rhzohs6sarhhp2xkz1oted/mnt/MVI_Brain_Tumor/masks/860.png
train,/sessions/rcw-01rhzohs6sarhhp2xkz1oted/mnt/MVI_Brain_Tumor/images/1983.png,/sessions/rcw-01rhzohs6sarhhp2xkz1oted/mnt/MVI_Brain_Tumor/masks/1983.png
train,/sessions/rcw-01rhzohs6sarhhp2xkz1oted/mnt/MVI_Brain_Tumor/images/2306.png,/sessions/rcw-01rhzohs6sarhhp2xkz1oted/mnt/MVI_Brain_Tumor/masks/2306.png
train,/sessions/rcw-01rhzohs6sarhhp2xkz1oted/mnt/MVI_Brain_Tumor/images/3005.png,/sessions/rcw-01rhzohs6sarhhp2xkz1oted/mnt/MVI_Brain_Tumor/masks/3005.png
train,/sessions/rcw-01rhzohs6sarhhp2xkz1oted/mnt/MVI_Brain_Tumor/images/2331.png,/sessions/rcw-01rhzohs6sarhhp2xkz1oted/mnt/MVI_Brain_Tumor/masks/2331.png
train,/sessions/rcw-01rhzohs6sarhhp2xkz1oted/mnt/MVI_Brain_Tumor/images/830.png,/sessions/rcw-01rhzohs6sarhhp2xkz1oted/mnt/MVI_Brain_Tumor/masks/830.png
train,/sessions/rcw-01rhzohs6sarhhp2xkz1oted/mnt/MVI_Brain_Tumor/images/2263.png,/sessions/rcw-01rhzohs6sarhhp2xkz1oted/mnt/MVI_Brain_Tumor/masks/2263.png
train,/sessions/rcw-01rhzohs6sarhhp2xkz1oted/mnt/MVI_Brain_Tumor/images/9.png,/sessions/rcw-01rhzohs6sarhhp2xkz1oted/mnt/MVI_Brain_Tumor/masks/9.png
train,/sessions/rcw-01rhzohs6sarhhp2xkz1oted/mnt/MVI_Brain_Tumor/images/2444.png,/sessions/rcw-01rhzohs6sarhhp2xkz1oted/mnt/MVI_Brain_Tumor/masks/2444.png
train,/sessions/rcw-01rhzohs6sarhhp2xkz1oted/mnt/MVI_Brain_Tumor/images/1671.png,/sessions/rcw-01rhzohs6sarhhp2xkz1oted/mnt/MVI_Brain_Tumor/masks/1671.png
train,/sessions/rcw-01rhzohs6sarhhp2xkz1oted/mnt/MVI_Brain_Tumor/images/392.png,/sessions/rcw-01rhzohs6sarhhp2xkz1oted/mnt/MVI_Brain_Tumor/masks/392.png
train,/sessions/rcw-01rhzohs6sarhhp2xkz1oted/mnt/MVI_Brain_Tumor/images/1929.png,/sessions/rcw-01rhzohs6sarhhp2xkz1oted/mnt/MVI_Brain_Tumor/masks/1929.png
train,/sessions/rcw-01rhzohs6sarhhp2xkz1oted/mnt/MVI_Brain_Tumor/images/2265.png,/sessions/rcw-01rhzohs6sarhhp2xkz1oted/mnt/MVI_Brain_Tumor/masks/2265.png
train,/sessions/rcw-01rhzohs6sarhhp2xkz1oted/mnt/MVI_Brain_Tumor/images/355.png,/sessions/rcw-01rhzohs6sarhhp2xkz1oted/mnt/MVI_Brain_Tumor/masks/355.png
train,/sessions/rcw-01rhzohs6sarhhp2xkz1oted/mnt/MVI_Brain_Tumor/images/2287.png,/sessions/rcw-01rhzohs6sarhhp2xkz1oted/mnt/MVI_Brain_Tumor/masks/2287.png
train,/sessions/rcw-01rhzohs6sarhhp2xkz1oted/mnt/MVI_Brain_Tumor/images/1411.png,/sessions/rcw-01rhzohs6sarhhp2xkz1oted/mnt/MVI_Brain_Tumor/masks/1411.png
train,/sessions/rcw-01rhzohs6sarhhp2xkz1oted/mnt/MVI_Brain_Tumor/images/161.png,/sessions/rcw-01rhzohs6sarhhp2xkz1oted/mnt/MVI_Brain_Tumor/masks/161.png
train,/sessions/rcw-01rhzohs6sarhhp2xkz1oted/mnt/MVI_Brain_Tumor/images/2778.png,/sessions/rcw-01rhzohs6sarhhp2xkz1oted/mnt/MVI_Brain_Tumor/masks/2778.png
train,/sessions/rcw-01rhzohs6sarhhp2xkz1oted/mnt/MVI_Brain_Tumor/images/1046.png,/sessions/rcw-01rhzohs6sarhhp2xkz1oted/mnt/MVI_Brain_Tumor/masks/1046.png
train,/sessions/rcw-01rhzohs6sarhhp2xkz1oted/mnt/MVI_Brain_Tumor/images/1721.png,/sessions/rcw-01rhzohs6sarhhp2xkz1oted/mnt/MVI_Brain_Tumor/masks/1721.png
train,/sessions/rcw-01rhzohs6sarhhp2xkz1oted/mnt/MVI_Brain_Tumor/images/2608.png,/sessions/rcw-01rhzohs6sarhhp2xkz1oted/mnt/MVI_Brain_Tumor/masks/2608.png
train,/sessions/rcw-01rhzohs6sarhhp2xkz1oted/mnt/MVI_Brain_Tumor/images/2715.png,/sessions/rcw-01rhzohs6sarhhp2xkz1oted/mnt/MVI_Brain_Tumor/masks/2715.png
train,/sessions/rcw-01rhzohs6sarhhp2xkz1oted/mnt/MVI_Brain_Tumor/images/1749.png,/sessions/rcw-01rhzohs6sarhhp2xkz1oted/mnt/MVI_Brain_Tumor/masks/1749.png
train,/sessions/rcw-01rhzohs6sarhhp2xkz1oted/mnt/MVI_Brain_Tumor/images/78.png,/sessions/rcw-01rhzohs6sarhhp2xkz1oted/mnt/MVI_Brain_Tumor/masks/78.png
train,/sessions/rcw-01rhzohs6sarhhp2xkz1oted/mnt/MVI_Brain_Tumor/images/1224.png,/sessions/rcw-01rhzohs6sarhhp2xkz1oted/mnt/MVI_Brain_Tumor/masks/1224.png
train,/sessions/rcw-01rhzohs6sarhhp2xkz1oted/mnt/MVI_Brain_Tumor/images/2646.png,/sessions/rcw-01rhzohs6sarhhp2xkz1oted/mnt/MVI_Brain_Tumor/masks/2646.png
train,/sessions/rcw-01rhzohs6sarhhp2xkz1oted/mnt/MVI_Brain_Tumor/images/1415.png,/sessions/rcw-01rhzohs6sarhhp2xkz1oted/mnt/MVI_Brain_Tumor/masks/1415.png
train,/sessions/rcw-01rhzohs6sarhhp2xkz1oted/mnt/MVI_Brain_Tumor/images/1760.png,/sessions/rcw-01rhzohs6sarhhp2xkz1oted/mnt/MVI_Brain_Tumor/masks/1760.png
train,/sessions/rcw-01rhzohs6sarhhp2xkz1oted/mnt/MVI_Brain_Tumor/images/717.png,/sessions/rcw-01rhzohs6sarhhp2xkz1oted/mnt/MVI_Brain_Tumor/masks/717.png
train,/sessions/rcw-01rhzohs6sarhhp2xkz1oted/mnt/MVI_Brain_Tumor/images/1710.png,/sessions/rcw-01rhzohs6sarhhp2xkz1oted/mnt/MVI_Brain_Tumor/masks/1710.png
train,/sessions/rcw-01rhzohs6sarhhp2xkz1oted/mnt/MVI_Brain_Tumor/images/2025.png,/sessions/rcw-01rhzohs6sarhhp2xkz1oted/mnt/MVI_Brain_Tumor/masks/2025.png
train,/sessions/rcw-01rhzohs6sarhhp2xkz1oted/mnt/MVI_Brain_Tumor/images/292.png,/sessions/rcw-01rhzohs6sarhhp2xkz1oted/mnt/MVI_Brain_Tumor/masks/292.png
train,/sessions/rcw-01rhzohs6sarhhp2xkz1oted/mnt/MVI_Brain_Tumor/images/197.png,/sessions/rcw-01rhzohs6sarhhp2xkz1oted/mnt/MVI_Brain_Tumor/masks/197.png
train,/sessions/rcw-01rhzohs6sarhhp2xkz1oted/mnt/MVI_Brain_Tumor/images/1152.png,/sessions/rcw-01rhzohs6sarhhp2xkz1oted/mnt/MVI_Brain_Tumor/masks/1152.png
train,/sessions/rcw-01rhzohs6sarhhp2xkz1oted/mnt/MVI_Brain_Tumor/images/534.png,/sessions/rcw-01rhzohs6sarhhp2xkz1oted/mnt/MVI_Brain_Tumor/masks/534.png
train,/sessions/rcw-01rhzohs6sarhhp2xkz1oted/mnt/MVI_Brain_Tumor/images/2620.png,/sessions/rcw-01rhzohs6sarhhp2xkz1oted/mnt/MVI_Brain_Tumor/masks/2620.png
train,/sessions/rcw-01rhzohs6sarhhp2xkz1oted/mnt/MVI_Brain_Tumor/images/2836.png,/sessions/rcw-01rhzohs6sarhhp2xkz1oted/mnt/MVI_Brain_Tumor/masks/2836.png
train,/sessions/rcw-01rhzohs6sarhhp2xkz1oted/mnt/MVI_Brain_Tumor/images/2640.png,/sessions/rcw-01rhzohs6sarhhp2xkz1oted/mnt/MVI_Brain_Tumor/masks/2640.png
train,/sessions/rcw-01rhzohs6sarhhp2xkz1oted/mnt/MVI_Brain_Tumor/images/2152.png,/sessions/rcw-01rhzohs6sarhhp2xkz1oted/mnt/MVI_Brain_Tumor/masks/2152.png
train,/sessions/rcw-01rhzohs6sarhhp2xkz1oted/mnt/MVI_Brain_Tumor/images/846.png,/sessions/rcw-01rhzohs6sarhhp2xkz1oted/mnt/MVI_Brain_Tumor/masks/846.png
train,/sessions/rcw-01rhzohs6sarhhp2xkz1oted/mnt/MVI_Brain_Tumor/images/433.png,/sessions/rcw-01rhzohs6sarhhp2xkz1oted/mnt/MVI_Brain_Tumor/masks/433.png
train,/sessions/rcw-01rhzohs6sarhhp2xkz1oted/mnt/MVI_Brain_Tumor/images/1738.png,/sessions/rcw-01rhzohs6sarhhp2xkz1oted/mnt/MVI_Brain_Tumor/masks/1738.png
train,/sessions/rcw-01rhzohs6sarhhp2xkz1oted/mnt/MVI_Brain_Tumor/images/1134.png,/sessions/rcw-01rhzohs6sarhhp2xkz1oted/mnt/MVI_Brain_Tumor/masks/1134.png
train,/sessions/rcw-01rhzohs6sarhhp2xkz1oted/mnt/MVI_Brain_Tumor/images/1835.png,/sessions/rcw-01rhzohs6sarhhp2xkz1oted/mnt/MVI_Brain_Tumor/masks/1835.png
train,/sessions/rcw-01rhzohs6sarhhp2xkz1oted/mnt/MVI_Brain_Tumor/images/588.png,/sessions/rcw-01rhzohs6sarhhp2xkz1oted/mnt/MVI_Brain_Tumor/masks/588.png
train,/sessions/rcw-01rhzohs6sarhhp2xkz1oted/mnt/MVI_Brain_Tumor/images/1692.png,/sessions/rcw-01rhzohs6sarhhp2xkz1oted/mnt/MVI_Brain_Tumor/masks/1692.png
train,/sessions/rcw-01rhzohs6sarhhp2xkz1oted/mnt/MVI_Brain_Tumor/images/1353.png,/sessions/rcw-01rhzohs6sarhhp2xkz1oted/mnt/MVI_Brain_Tumor/masks/1353.png
train,/sessions/rcw-01rhzohs6sarhhp2xkz1oted/mnt/MVI_Brain_Tumor/images/759.png,/sessions/rcw-01rhzohs6sarhhp2xkz1oted/mnt/MVI_Brain_Tumor/masks/759.png
train,/sessions/rcw-01rhzohs6sarhhp2xkz1oted/mnt/MVI_Brain_Tumor/images/261.png,/sessions/rcw-01rhzohs6sarhhp2xkz1oted/mnt/MVI_Brain_Tumor/masks/261.png
train,/sessions/rcw-01rhzohs6sarhhp2xkz1oted/mnt/MVI_Brain_Tumor/images/2755.png,/sessions/rcw-01rhzohs6sarhhp2xkz1oted/mnt/MVI_Brain_Tumor/masks/2755.png
train,/sessions/rcw-01rhzohs6sarhhp2xkz1oted/mnt/MVI_Brain_Tumor/images/1859.png,/sessions/rcw-01rhzohs6sarhhp2xkz1oted/mnt/MVI_Brain_Tumor/masks/1859.png
train,/sessions/rcw-01rhzohs6sarhhp2xkz1oted/mnt/MVI_Brain_Tumor/images/2765.png,/sessions/rcw-01rhzohs6sarhhp2xkz1oted/mnt/MVI_Brain_Tumor/masks/2765.png
train,/sessions/rcw-01rhzohs6sarhhp2xkz1oted/mnt/MVI_Brain_Tumor/images/484.png,/sessions/rcw-01rhzohs6sarhhp2xkz1oted/mnt/MVI_Brain_Tumor/masks/484.png
train,/sessions/rcw-01rhzohs6sarhhp2xkz1oted/mnt/MVI_Brain_Tumor/images/2956.png,/sessions/rcw-01rhzohs6sarhhp2xkz1oted/mnt/MVI_Brain_Tumor/masks/2956.png
train,/sessions/rcw-01rhzohs6sarhhp2xkz1oted/mnt/MVI_Brain_Tumor/images/1627.png,/sessions/rcw-01rhzohs6sarhhp2xkz1oted/mnt/MVI_Brain_Tumor/masks/1627.png
train,/sessions/rcw-01rhzohs6sarhhp2xkz1oted/mnt/MVI_Brain_Tumor/images/388.png,/sessions/rcw-01rhzohs6sarhhp2xkz1oted/mnt/MVI_Brain_Tumor/masks/388.png
train,/sessions/rcw-01rhzohs6sarhhp2xkz1oted/mnt/MVI_Brain_Tumor/images/270.png,/sessions/rcw-01rhzohs6sarhhp2xkz1oted/mnt/MVI_Brain_Tumor/masks/270.png
train,/sessions/rcw-01rhzohs6sarhhp2xkz1oted/mnt/MVI_Brain_Tumor/images/1303.png,/sessions/rcw-01rhzohs6sarhhp2xkz1oted/mnt/MVI_Brain_Tumor/masks/1303.png
train,/sessions/rcw-01rhzohs6sarhhp2xkz1oted/mnt/MVI_Brain_Tumor/images/1277.png,/sessions/rcw-01rhzohs6sarhhp2xkz1oted/mnt/MVI_Brain_Tumor/masks/1277.png
train,/sessions/rcw-01rhzohs6sarhhp2xkz1oted/mnt/MVI_Brain_Tumor/images/177.png,/sessions/rcw-01rhzohs6sarhhp2xkz1oted/mnt/MVI_Brain_Tumor/masks/177.png
train,/sessions/rcw-01rhzohs6sarhhp2xkz1oted/mnt/MVI_Brain_Tumor/images/2419.png,/sessions/rcw-01rhzohs6sarhhp2xkz1oted/mnt/MVI_Brain_Tumor/masks/2419.png
train,/sessions/rcw-01rhzohs6sarhhp2xkz1oted/mnt/MVI_Brain_Tumor/images/2229.png,/sessions/rcw-01rhzohs6sarhhp2xkz1oted/mnt/MVI_Brain_Tumor/masks/2229.png
train,/sessions/rcw-01rhzohs6sarhhp2xkz1oted/mnt/MVI_Brain_Tumor/images/2891.png,/sessions/rcw-01rhzohs6sarhhp2xkz1oted/mnt/MVI_Brain_Tumor/masks/2891.png
train,/sessions/rcw-01rhzohs6sarhhp2xkz1oted/mnt/MVI_Brain_Tumor/images/220.png,/sessions/rcw-01rhzohs6sarhhp2xkz1oted/mnt/MVI_Brain_Tumor/masks/220.png
train,/sessions/rcw-01rhzohs6sarhhp2xkz1oted/mnt/MVI_Brain_Tumor/images/1118.png,/sessions/rcw-01rhzohs6sarhhp2xkz1oted/mnt/MVI_Brain_Tumor/masks/1118.png
train,/sessions/rcw-01rhzohs6sarhhp2xkz1oted/mnt/MVI_Brain_Tumor/images/2603.png,/sessions/rcw-01rhzohs6sarhhp2xkz1oted/mnt/MVI_Brain_Tumor/masks/2603.png
train,/sessions/rcw-01rhzohs6sarhhp2xkz1oted/mnt/MVI_Brain_Tumor/images/2596.png,/sessions/rcw-01rhzohs6sarhhp2xkz1oted/mnt/MVI_Brain_Tumor/masks/2596.png
train,/sessions/rcw-01rhzohs6sarhhp2xkz1oted/mnt/MVI_Brain_Tumor/images/1821.png,/sessions/rcw-01rhzohs6sarhhp2xkz1oted/mnt/MVI_Brain_Tumor/masks/1821.png
train,/sessions/rcw-01rhzohs6sarhhp2xkz1oted/mnt/MVI_Brain_Tumor/images/151.png,/sessions/rcw-01rhzohs6sarhhp2xkz1oted/mnt/MVI_Brain_Tumor/masks/151.png
train,/sessions/rcw-01rhzohs6sarhhp2xkz1oted/mnt/MVI_Brain_Tumor/images/2296.png,/sessions/rcw-01rhzohs6sarhhp2xkz1oted/mnt/MVI_Brain_Tumor/masks/2296.png
train,/sessions/rcw-01rhzohs6sarhhp2xkz1oted/mnt/MVI_Brain_Tumor/images/2758.png,/sessions/rcw-01rhzohs6sarhhp2xkz1oted/mnt/MVI_Brain_Tumor/masks/2758.png
train,/sessions/rcw-01rhzohs6sarhhp2xkz1oted/mnt/MVI_Brain_Tumor/images/1649.png,/sessions/rcw-01rhzohs6sarhhp2xkz1oted/mnt/MVI_Brain_Tumor/masks/1649.png
train,/sessions/rcw-01rhzohs6sarhhp2xkz1oted/mnt/MVI_Brain_Tumor/images/1609.png,/sessions/rcw-01rhzohs6sarhhp2xkz1oted/mnt/MVI_Brain_Tumor/masks/1609.png
train,/sessions/rcw-01rhzohs6sarhhp2xkz1oted/mnt/MVI_Brain_Tumor/images/1619.png,/sessions/rcw-01rhzohs6sarhhp2xkz1oted/mnt/MVI_Brain_Tumor/masks/1619.png
train,/sessions/rcw-01rhzohs6sarhhp2xkz1oted/mnt/MVI_Brain_Tumor/images/2160.png,/sessions/rcw-01rhzohs6sarhhp2xkz1oted/mnt/MVI_Brain_Tumor/masks/2160.png
train,/sessions/rcw-01rhzohs6sarhhp2xkz1oted/mnt/MVI_Brain_Tumor/images/2561.png,/sessions/rcw-01rhzohs6sarhhp2xkz1oted/mnt/MVI_Brain_Tumor/masks/2561.png
train,/sessions/rcw-01rhzohs6sarhhp2xkz1oted/mnt/MVI_Brain_Tumor/images/2593.png,/sessions/rcw-01rhzohs6sarhhp2xkz1oted/mnt/MVI_Brain_Tumor/masks/2593.png
train,/sessions/rcw-01rhzohs6sarhhp2xkz1oted/mnt/MVI_Brain_Tumor/images/203.png,/sessions/rcw-01rhzohs6sarhhp2xkz1oted/mnt/MVI_Brain_Tumor/masks/203.png
train,/sessions/rcw-01rhzohs6sarhhp2xkz1oted/mnt/MVI_Brain_Tumor/images/381.png,/sessions/rcw-01rhzohs6sarhhp2xkz1oted/mnt/MVI_Brain_Tumor/masks/381.png
train,/sessions/rcw-01rhzohs6sarhhp2xkz1oted/mnt/MVI_Brain_Tumor/images/1297.png,/sessions/rcw-01rhzohs6sarhhp2xkz1oted/mnt/MVI_Brain_Tumor/masks/1297.png
train,/sessions/rcw-01rhzohs6sarhhp2xkz1oted/mnt/MVI_Brain_Tumor/images/246.png,/sessions/rcw-01rhzohs6sarhhp2xkz1oted/mnt/MVI_Brain_Tumor/masks/246.png
train,/sessions/rcw-01rhzohs6sarhhp2xkz1oted/mnt/MVI_Brain_Tumor/images/1900.png,/sessions/rcw-01rhzohs6sarhhp2xkz1oted/mnt/MVI_Brain_Tumor/masks/1900.png
train,/sessions/rcw-01rhzohs6sarhhp2xkz1oted/mnt/MVI_Brain_Tumor/images/2915.png,/sessions/rcw-01rhzohs6sarhhp2xkz1oted/mnt/MVI_Brain_Tumor/masks/2915.png
train,/sessions/rcw-01rhzohs6sarhhp2xkz1oted/mnt/MVI_Brain_Tumor/images/1652.png,/sessions/rcw-01rhzohs6sarhhp2xkz1oted/mnt/MVI_Brain_Tumor/masks/1652.png
train,/sessions/rcw-01rhzohs6sarhhp2xkz1oted/mnt/MVI_Brain_Tumor/images/2234.png,/sessions/rcw-01rhzohs6sarhhp2xkz1oted/mnt/MVI_Brain_Tumor/masks/2234.png
train,/sessions/rcw-01rhzohs6sarhhp2xkz1oted/mnt/MVI_Brain_Tumor/images/83.png,/sessions/rcw-01rhzohs6sarhhp2xkz1oted/mnt/MVI_Brain_Tumor/masks/83.png
train,/sessions/rcw-01rhzohs6sarhhp2xkz1oted/mnt/MVI_Brain_Tumor/images/428.png,/sessions/rcw-01rhzohs6sarhhp2xkz1oted/mnt/MVI_Brain_Tumor/masks/428.png
train,/sessions/rcw-01rhzohs6sarhhp2xkz1oted/mnt/MVI_Brain_Tumor/images/1075.png,/sessions/rcw-01rhzohs6sarhhp2xkz1oted/mnt/MVI_Brain_Tumor/masks/1075.png
train,/sessions/rcw-01rhzohs6sarhhp2xkz1oted/mnt/MVI_Brain_Tumor/images/1848.png,/sessions/rcw-01rhzohs6sarhhp2xkz1oted/mnt/MVI_Brain_Tumor/masks/1848.png
train,/sessions/rcw-01rhzohs6sarhhp2xkz1oted/mnt/MVI_Brain_Tumor/images/2108.png,/sessions/rcw-01rhzohs6sarhhp2xkz1oted/mnt/MVI_Brain_Tumor/masks/2108.png
train,/sessions/rcw-01rhzohs6sarhhp2xkz1oted/mnt/MVI_Brain_Tumor/images/1948.png,/sessions/rcw-01rhzohs6sarhhp2xkz1oted/mnt/MVI_Brain_Tumor/masks/1948.png
train,/sessions/rcw-01rhzohs6sarhhp2xkz1oted/mnt/MVI_Brain_Tumor/images/1645.png,/sessions/rcw-01rhzohs6sarhhp2xkz1oted/mnt/MVI_Brain_Tumor/masks/1645.png
train,/sessions/rcw-01rhzohs6sarhhp2xkz1oted/mnt/MVI_Brain_Tumor/images/1648.png,/sessions/rcw-01rhzohs6sarhhp2xkz1oted/mnt/MVI_Brain_Tumor/masks/1648.png
train,/sessions/rcw-01rhzohs6sarhhp2xkz1oted/mnt/MVI_Brain_Tumor/images/1830.png,/sessions/rcw-01rhzohs6sarhhp2xkz1oted/mnt/MVI_Brain_Tumor/masks/1830.png
train,/sessions/rcw-01rhzohs6sarhhp2xkz1oted/mnt/MVI_Brain_Tumor/images/1498.png,/sessions/rcw-01rhzohs6sarhhp2xkz1oted/mnt/MVI_Brain_Tumor/masks/1498.png
train,/sessions/rcw-01rhzohs6sarhhp2xkz1oted/mnt/MVI_Brain_Tumor/images/1581.png,/sessions/rcw-01rhzohs6sarhhp2xkz1oted/mnt/MVI_Brain_Tumor/masks/1581.png
train,/sessions/rcw-01rhzohs6sarhhp2xkz1oted/mnt/MVI_Brain_Tumor/images/238.png,/sessions/rcw-01rhzohs6sarhhp2xkz1oted/mnt/MVI_Brain_Tumor/masks/238.png
train,/sessions/rcw-01rhzohs6sarhhp2xkz1oted/mnt/MVI_Brain_Tumor/images/2006.png,/sessions/rcw-01rhzohs6sarhhp2xkz1oted/mnt/MVI_Brain_Tumor/masks/2006.png
train,/sessions/rcw-01rhzohs6sarhhp2xkz1oted/mnt/MVI_Brain_Tumor/images/1665.png,/sessions/rcw-01rhzohs6sarhhp2xkz1oted/mnt/MVI_Brain_Tumor/masks/1665.png
train,/sessions/rcw-01rhzohs6sarhhp2xkz1oted/mnt/MVI_Brain_Tumor/images/346.png,/sessions/rcw-01rhzohs6sarhhp2xkz1oted/mnt/MVI_Brain_Tumor/masks/346.png
train,/sessions/rcw-01rhzohs6sarhhp2xkz1oted/mnt/MVI_Brain_Tumor/images/2863.png,/sessions/rcw-01rhzohs6sarhhp2xkz1oted/mnt/MVI_Brain_Tumor/masks/2863.png
train,/sessions/rcw-01rhzohs6sarhhp2xkz1oted/mnt/MVI_Brain_Tumor/images/840.png,/sessions/rcw-01rhzohs6sarhhp2xkz1oted/mnt/MVI_Brain_Tumor/masks/840.png
train,/sessions/rcw-01rhzohs6sarhhp2xkz1oted/mnt/MVI_Brain_Tumor/images/2725.png,/sessions/rcw-01rhzohs6sarhhp2xkz1oted/mnt/MVI_Brain_Tumor/masks/2725.png
train,/sessions/rcw-01rhzohs6sarhhp2xkz1oted/mnt/MVI_Brain_Tumor/images/2040.png,/sessions/rcw-01rhzohs6sarhhp2xkz1oted/mnt/MVI_Brain_Tumor/masks/2040.png
train,/sessions/rcw-01rhzohs6sarhhp2xkz1oted/mnt/MVI_Brain_Tumor/images/1482.png,/sessions/rcw-01rhzohs6sarhhp2xkz1oted/mnt/MVI_Brain_Tumor/masks/1482.png
train,/sessions/rcw-01rhzohs6sarhhp2xkz1oted/mnt/MVI_Brain_Tumor/images/2482.png,/sessions/rcw-01rhzohs6sarhhp2xkz1oted/mnt/MVI_Brain_Tumor/masks/2482.png
train,/sessions/rcw-01rhzohs6sarhhp2xkz1oted/mnt/MVI_Brain_Tumor/images/350.png,/sessions/rcw-01rhzohs6sarhhp2xkz1oted/mnt/MVI_Brain_Tumor/masks/350.png
train,/sessions/rcw-01rhzohs6sarhhp2xkz1oted/mnt/MVI_Brain_Tumor/images/938.png,/sessions/rcw-01rhzohs6sarhhp2xkz1oted/mnt/MVI_Brain_Tumor/masks/938.png
train,/sessions/rcw-01rhzohs6sarhhp2xkz1oted/mnt/MVI_Brain_Tumor/images/2752.png,/sessions/rcw-01rhzohs6sarhhp2xkz1oted/mnt/MVI_Brain_Tumor/masks/2752.png
train,/sessions/rcw-01rhzohs6sarhhp2xkz1oted/mnt/MVI_Brain_Tumor/images/2522.png,/sessions/rcw-01rhzohs6sarhhp2xkz1oted/mnt/MVI_Brain_Tumor/masks/2522.png
train,/sessions/rcw-01rhzohs6sarhhp2xkz1oted/mnt/MVI_Brain_Tumor/images/664.png,/sessions/rcw-01rhzohs6sarhhp2xkz1oted/mnt/MVI_Brain_Tumor/masks/664.png
train,/sessions/rcw-01rhzohs6sarhhp2xkz1oted/mnt/MVI_Brain_Tumor/images/1701.png,/sessions/rcw-01rhzohs6sarhhp2xkz1oted/mnt/MVI_Brain_Tumor/masks/1701.png
train,/sessions/rcw-01rhzohs6sarhhp2xkz1oted/mnt/MVI_Brain_Tumor/images/1624.png,/sessions/rcw-01rhzohs6sarhhp2xkz1oted/mnt/MVI_Brain_Tumor/masks/1624.png
train,/sessions/rcw-01rhzohs6sarhhp2xkz1oted/mnt/MVI_Brain_Tumor/images/2575.png,/sessions/rcw-01rhzohs6sarhhp2xkz1oted/mnt/MVI_Brain_Tumor/masks/2575.png
train,/sessions/rcw-01rhzohs6sarhhp2xkz1oted/mnt/MVI_Brain_Tumor/images/1555.png,/sessions/rcw-01rhzohs6sarhhp2xkz1oted/mnt/MVI_Brain_Tumor/masks/1555.png
train,/sessions/rcw-01rhzohs6sarhhp2xkz1oted/mnt/MVI_Brain_Tumor/images/2977.png,/sessions/rcw-01rhzohs6sarhhp2xkz1oted/mnt/MVI_Brain_Tumor/masks/2977.png
train,/sessions/rcw-01rhzohs6sarhhp2xkz1oted/mnt/MVI_Brain_Tumor/images/100.png,/sessions/rcw-01rhzohs6sarhhp2xkz1oted/mnt/MVI_Brain_Tumor/masks/100.png
train,/sessions/rcw-01rhzohs6sarhhp2xkz1oted/mnt/MVI_Brain_Tumor/images/3057.png,/sessions/rcw-01rhzohs6sarhhp2xkz1oted/mnt/MVI_Brain_Tumor/masks/3057.png
train,/sessions/rcw-01rhzohs6sarhhp2xkz1oted/mnt/MVI_Brain_Tumor/images/307.png,/sessions/rcw-01rhzohs6sarhhp2xkz1oted/mnt/MVI_Brain_Tumor/masks/307.png
train,/sessions/rcw-01rhzohs6sarhhp2xkz1oted/mnt/MVI_Brain_Tumor/images/1162.png,/sessions/rcw-01rhzohs6sarhhp2xkz1oted/mnt/MVI_Brain_Tumor/masks/1162.png
train,/sessions/rcw-01rhzohs6sarhhp2xkz1oted/mnt/MVI_Brain_Tumor/images/1191.png,/sessions/rcw-01rhzohs6sarhhp2xkz1oted/mnt/MVI_Brain_Tumor/masks/1191.png
train,/sessions/rcw-01rhzohs6sarhhp2xkz1oted/mnt/MVI_Brain_Tumor/images/794.png,/sessions/rcw-01rhzohs6sarhhp2xkz1oted/mnt/MVI_Brain_Tumor/masks/794.png
train,/sessions/rcw-01rhzohs6sarhhp2xkz1oted/mnt/MVI_Brain_Tumor/images/2687.png,/sessions/rcw-01rhzohs6sarhhp2xkz1oted/mnt/MVI_Brain_Tumor/masks/2687.png
train,/sessions/rcw-01rhzohs6sarhhp2xkz1oted/mnt/MVI_Brain_Tumor/images/120.png,/sessions/rcw-01rhzohs6sarhhp2xkz1oted/mnt/MVI_Brain_Tumor/masks/120.png
train,/sessions/rcw-01rhzohs6sarhhp2xkz1oted/mnt/MVI_Brain_Tumor/images/2116.png,/sessions/rcw-01rhzohs6sarhhp2xkz1oted/mnt/MVI_Brain_Tumor/masks/2116.png
train,/sessions/rcw-01rhzohs6sarhhp2xkz1oted/mnt/MVI_Brain_Tumor/images/1450.png,/sessions/rcw-01rhzohs6sarhhp2xkz1oted/mnt/MVI_Brain_Tumor/masks/1450.png
train,/sessions/rcw-01rhzohs6sarhhp2xkz1oted/mnt/MVI_Brain_Tumor/images/397.png,/sessions/rcw-01rhzohs6sarhhp2xkz1oted/mnt/MVI_Brain_Tumor/masks/397.png
train,/sessions/rcw-01rhzohs6sarhhp2xkz1oted/mnt/MVI_Brain_Tumor/images/1038.png,/sessions/rcw-01rhzohs6sarhhp2xkz1oted/mnt/MVI_Brain_Tumor/masks/1038.png
train,/sessions/rcw-01rhzohs6sarhhp2xkz1oted/mnt/MVI_Brain_Tumor/images/1743.png,/sessions/rcw-01rhzohs6sarhhp2xkz1oted/mnt/MVI_Brain_Tumor/masks/1743.png
train,/sessions/rcw-01rhzohs6sarhhp2xkz1oted/mnt/MVI_Brain_Tumor/images/1548.png,/sessions/rcw-01rhzohs6sarhhp2xkz1oted/mnt/MVI_Brain_Tumor/masks/1548.png
train,/sessions/rcw-01rhzohs6sarhhp2xkz1oted/mnt/MVI_Brain_Tumor/images/1966.png,/sessions/rcw-01rhzohs6sarhhp2xkz1oted/mnt/MVI_Brain_Tumor/masks/1966.png
train,/sessions/rcw-01rhzohs6sarhhp2xkz1oted/mnt/MVI_Brain_Tumor/images/263.png,/sessions/rcw-01rhzohs6sarhhp2xkz1oted/mnt/MVI_Brain_Tumor/masks/263.png
train,/sessions/rcw-01rhzohs6sarhhp2xkz1oted/mnt/MVI_Brain_Tumor/images/2274.png,/sessions/rcw-01rhzohs6sarhhp2xkz1oted/mnt/MVI_Brain_Tumor/masks/2274.png
train,/sessions/rcw-01rhzohs6sarhhp2xkz1oted/mnt/MVI_Brain_Tumor/images/3062.png,/sessions/rcw-01rhzohs6sarhhp2xkz1oted/mnt/MVI_Brain_Tumor/masks/3062.png
train,/sessions/rcw-01rhzohs6sarhhp2xkz1oted/mnt/MVI_Brain_Tumor/images/129.png,/sessions/rcw-01rhzohs6sarhhp2xkz1oted/mnt/MVI_Brain_Tumor/masks/129.png
train,/sessions/rcw-01rhzohs6sarhhp2xkz1oted/mnt/MVI_Brain_Tumor/images/1456.png,/sessions/rcw-01rhzohs6sarhhp2xkz1oted/mnt/MVI_Brain_Tumor/masks/1456.png
train,/sessions/rcw-01rhzohs6sarhhp2xkz1oted/mnt/MVI_Brain_Tumor/images/1082.png,/sessions/rcw-01rhzohs6sarhhp2xkz1oted/mnt/MVI_Brain_Tumor/masks/1082.png
train,/sessions/rcw-01rhzohs6sarhhp2xkz1oted/mnt/MVI_Brain_Tumor/images/1952.png,/sessions/rcw-01rhzohs6sarhhp2xkz1oted/mnt/MVI_Brain_Tumor/masks/1952.png
train,/sessions/rcw-01rhzohs6sarhhp2xkz1oted/mnt/MVI_Brain_Tumor/images/769.png,/sessions/rcw-01rhzohs6sarhhp2xkz1oted/mnt/MVI_Brain_Tumor/masks/769.png
train,/sessions/rcw-01rhzohs6sarhhp2xkz1oted/mnt/MVI_Brain_Tumor/images/7.png,/sessions/rcw-01rhzohs6sarhhp2xkz1oted/mnt/MVI_Brain_Tumor/masks/7.png
train,/sessions/rcw-01rhzohs6sarhhp2xkz1oted/mnt/MVI_Brain_Tumor/images/369.png,/sessions/rcw-01rhzohs6sarhhp2xkz1oted/mnt/MVI_Brain_Tumor/masks/369.png
train,/sessions/rcw-01rhzohs6sarhhp2xkz1oted/mnt/MVI_Brain_Tumor/images/1217.png,/sessions/rcw-01rhzohs6sarhhp2xkz1oted/mnt/MVI_Brain_Tumor/masks/1217.png
train,/sessions/rcw-01rhzohs6sarhhp2xkz1oted/mnt/MVI_Brain_Tumor/images/2622.png,/sessions/rcw-01rhzohs6sarhhp2xkz1oted/mnt/MVI_Brain_Tumor/masks/2622.png
train,/sessions/rcw-01rhzohs6sarhhp2xkz1oted/mnt/MVI_Brain_Tumor/images/1042.png,/sessions/rcw-01rhzohs6sarhhp2xkz1oted/mnt/MVI_Brain_Tumor/masks/1042.png
train,/sessions/rcw-01rhzohs6sarhhp2xkz1oted/mnt/MVI_Brain_Tumor/images/597.png,/sessions/rcw-01rhzohs6sarhhp2xkz1oted/mnt/MVI_Brain_Tumor/masks/597.png
train,/sessions/rcw-01rhzohs6sarhhp2xkz1oted/mnt/MVI_Brain_Tumor/images/739.png,/sessions/rcw-01rhzohs6sarhhp2xkz1oted/mnt/MVI_Brain_Tumor/masks/739.png
train,/sessions/rcw-01rhzohs6sarhhp2xkz1oted/mnt/MVI_Brain_Tumor/images/2294.png,/sessions/rcw-01rhzohs6sarhhp2xkz1oted/mnt/MVI_Brain_Tumor/masks/2294.png
train,/sessions/rcw-01rhzohs6sarhhp2xkz1oted/mnt/MVI_Brain_Tumor/images/2077.png,/sessions/rcw-01rhzohs6sarhhp2xkz1oted/mnt/MVI_Brain_Tumor/masks/2077.png
train,/sessions/rcw-01rhzohs6sarhhp2xkz1oted/mnt/MVI_Brain_Tumor/images/2092.png,/sessions/rcw-01rhzohs6sarhhp2xkz1oted/mnt/MVI_Brain_Tumor/masks/2092.png
train,/sessions/rcw-01rhzohs6sarhhp2xkz1oted/mnt/MVI_Brain_Tumor/images/403.png,/sessions/rcw-01rhzohs6sarhhp2xkz1oted/mnt/MVI_Brain_Tumor/masks/403.png
train,/sessions/rcw-01rhzohs6sarhhp2xkz1oted/mnt/MVI_Brain_Tumor/images/2533.png,/sessions/rcw-01rhzohs6sarhhp2xkz1oted/mnt/MVI_Brain_Tumor/masks/2533.png
train,/sessions/rcw-01rhzohs6sarhhp2xkz1oted/mnt/MVI_Brain_Tumor/images/1591.png,/sessions/rcw-01rhzohs6sarhhp2xkz1oted/mnt/MVI_Brain_Tumor/masks/1591.png
train,/sessions/rcw-01rhzohs6sarhhp2xkz1oted/mnt/MVI_Brain_Tumor/images/2717.png,/sessions/rcw-01rhzohs6sarhhp2xkz1oted/mnt/MVI_Brain_Tumor/masks/2717.png
train,/sessions/rcw-01rhzohs6sarhhp2xkz1oted/mnt/MVI_Brain_Tumor/images/1016.png,/sessions/rcw-01rhzohs6sarhhp2xkz1oted/mnt/MVI_Brain_Tumor/masks/1016.png
train,/sessions/rcw-01rhzohs6sarhhp2xkz1oted/mnt/MVI_Brain_Tumor/images/2202.png,/sessions/rcw-01rhzohs6sarhhp2xkz1oted/mnt/MVI_Brain_Tumor/masks/2202.png
train,/sessions/rcw-01rhzohs6sarhhp2xkz1oted/mnt/MVI_Brain_Tumor/images/613.png,/sessions/rcw-01rhzohs6sarhhp2xkz1oted/mnt/MVI_Brain_Tumor/masks/613.png
train,/sessions/rcw-01rhzohs6sarhhp2xkz1oted/mnt/MVI_Brain_Tumor/images/1854.png,/sessions/rcw-01rhzohs6sarhhp2xkz1oted/mnt/MVI_Brain_Tumor/masks/1854.png
train,/sessions/rcw-01rhzohs6sarhhp2xkz1oted/mnt/MVI_Brain_Tumor/images/617.png,/sessions/rcw-01rhzohs6sarhhp2xkz1oted/mnt/MVI_Brain_Tumor/masks/617.png
train,/sessions/rcw-01rhzohs6sarhhp2xkz1oted/mnt/MVI_Brain_Tumor/images/630.png,/sessions/rcw-01rhzohs6sarhhp2xkz1oted/mnt/MVI_Brain_Tumor/masks/630.png
train,/sessions/rcw-01rhzohs6sarhhp2xkz1oted/mnt/MVI_Brain_Tumor/images/332.png,/sessions/rcw-01rhzohs6sarhhp2xkz1oted/mnt/MVI_Brain_Tumor/masks/332.png
train,/sessions/rcw-01rhzohs6sarhhp2xkz1oted/mnt/MVI_Brain_Tumor/images/2049.png,/sessions/rcw-01rhzohs6sarhhp2xkz1oted/mnt/MVI_Brain_Tumor/masks/2049.png
train,/sessions/rcw-01rhzohs6sarhhp2xkz1oted/mnt/MVI_Brain_Tumor/images/905.png,/sessions/rcw-01rhzohs6sarhhp2xkz1oted/mnt/MVI_Brain_Tumor/masks/905.png
train,/sessions/rcw-01rhzohs6sarhhp2xkz1oted/mnt/MVI_Brain_Tumor/images/2571.png,/sessions/rcw-01rhzohs6sarhhp2xkz1oted/mnt/MVI_Brain_Tumor/masks/2571.png
train,/sessions/rcw-01rhzohs6sarhhp2xkz1oted/mnt/MVI_Brain_Tumor/images/1236.png,/sessions/rcw-01rhzohs6sarhhp2xkz1oted/mnt/MVI_Brain_Tumor/masks/1236.png
train,/sessions/rcw-01rhzohs6sarhhp2xkz1oted/mnt/MVI_Brain_Tumor/images/916.png,/sessions/rcw-01rhzohs6sarhhp2xkz1oted/mnt/MVI_Brain_Tumor/masks/916.png
train,/sessions/rcw-01rhzohs6sarhhp2xkz1oted/mnt/MVI_Brain_Tumor/images/687.png,/sessions/rcw-01rhzohs6sarhhp2xkz1oted/mnt/MVI_Brain_Tumor/masks/687.png
train,/sessions/rcw-01rhzohs6sarhhp2xkz1oted/mnt/MVI_Brain_Tumor/images/681.png,/sessions/rcw-01rhzohs6sarhhp2xkz1oted/mnt/MVI_Brain_Tumor/masks/681.png
train,/sessions/rcw-01rhzohs6sarhhp2xkz1oted/mnt/MVI_Brain_Tumor/images/2619.png,/sessions/rcw-01rhzohs6sarhhp2xkz1oted/mnt/MVI_Brain_Tumor/masks/2619.png
train,/sessions/rcw-01rhzohs6sarhhp2xkz1oted/mnt/MVI_Brain_Tumor/images/1724.png,/sessions/rcw-01rhzohs6sarhhp2xkz1oted/mnt/MVI_Brain_Tumor/masks/1724.png
train,/sessions/rcw-01rhzohs6sarhhp2xkz1oted/mnt/MVI_Brain_Tumor/images/950.png,/sessions/rcw-01rhzohs6sarhhp2xkz1oted/mnt/MVI_Brain_Tumor/masks/950.png
train,/sessions/rcw-01rhzohs6sarhhp2xkz1oted/mnt/MVI_Brain_Tumor/images/1473.png,/sessions/rcw-01rhzohs6sarhhp2xkz1oted/mnt/MVI_Brain_Tumor/masks/1473.png
train,/sessions/rcw-01rhzohs6sarhhp2xkz1oted/mnt/MVI_Brain_Tumor/images/2583.png,/sessions/rcw-01rhzohs6sarhhp2xkz1oted/mnt/MVI_Brain_Tumor/masks/2583.png
train,/sessions/rcw-01rhzohs6sarhhp2xkz1oted/mnt/MVI_Brain_Tumor/images/1644.png,/sessions/rcw-01rhzohs6sarhhp2xkz1oted/mnt/MVI_Brain_Tumor/masks/1644.png
train,/sessions/rcw-01rhzohs6sarhhp2xkz1oted/mnt/MVI_Brain_Tumor/images/2720.png,/sessions/rcw-01rhzohs6sarhhp2xkz1oted/mnt/MVI_Brain_Tumor/masks/2720.png
train,/sessions/rcw-01rhzohs6sarhhp2xkz1oted/mnt/MVI_Brain_Tumor/images/764.png,/sessions/rcw-01rhzohs6sarhhp2xkz1oted/mnt/MVI_Brain_Tumor/masks/764.png
train,/sessions/rcw-01rhzohs6sarhhp2xkz1oted/mnt/MVI_Brain_Tumor/images/1269.png,/sessions/rcw-01rhzohs6sarhhp2xkz1oted/mnt/MVI_Brain_Tumor/masks/1269.png
train,/sessions/rcw-01rhzohs6sarhhp2xkz1oted/mnt/MVI_Brain_Tumor/images/2688.png,/sessions/rcw-01rhzohs6sarhhp2xkz1oted/mnt/MVI_Brain_Tumor/masks/2688.png
train,/sessions/rcw-01rhzohs6sarhhp2xkz1oted/mnt/MVI_Brain_Tumor/images/955.png,/sessions/rcw-01rhzohs6sarhhp2xkz1oted/mnt/MVI_Brain_Tumor/masks/955.png
train,/sessions/rcw-01rhzohs6sarhhp2xkz1oted/mnt/MVI_Brain_Tumor/images/1027.png,/sessions/rcw-01rhzohs6sarhhp2xkz1oted/mnt/MVI_Brain_Tumor/masks/1027.png
train,/sessions/rcw-01rhzohs6sarhhp2xkz1oted/mnt/MVI_Brain_Tumor/images/1562.png,/sessions/rcw-01rhzohs6sarhhp2xkz1oted/mnt/MVI_Brain_Tumor/masks/1562.png
train,/sessions/rcw-01rhzohs6sarhhp2xkz1oted/mnt/MVI_Brain_Tumor/images/119.png,/sessions/rcw-01rhzohs6sarhhp2xkz1oted/mnt/MVI_Brain_Tumor/masks/119.png
train,/sessions/rcw-01rhzohs6sarhhp2xkz1oted/mnt/MVI_Brain_Tumor/images/2366.png,/sessions/rcw-01rhzohs6sarhhp2xkz1oted/mnt/MVI_Brain_Tumor/masks/2366.png
train,/sessions/rcw-01rhzohs6sarhhp2xkz1oted/mnt/MVI_Brain_Tumor/images/1097.png,/sessions/rcw-01rhzohs6sarhhp2xkz1oted/mnt/MVI_Brain_Tumor/masks/1097.png
train,/sessions/rcw-01rhzohs6sarhhp2xkz1oted/mnt/MVI_Brain_Tumor/images/816.png,/sessions/rcw-01rhzohs6sarhhp2xkz1oted/mnt/MVI_Brain_Tumor/masks/816.png
train,/sessions/rcw-01rhzohs6sarhhp2xkz1oted/mnt/MVI_Brain_Tumor/images/1757.png,/sessions/rcw-01rhzohs6sarhhp2xkz1oted/mnt/MVI_Brain_Tumor/masks/1757.png
train,/sessions/rcw-01rhzohs6sarhhp2xkz1oted/mnt/MVI_Brain_Tumor/images/755.png,/sessions/rcw-01rhzohs6sarhhp2xkz1oted/mnt/MVI_Brain_Tumor/masks/755.png
train,/sessions/rcw-01rhzohs6sarhhp2xkz1oted/mnt/MVI_Brain_Tumor/images/2885.png,/sessions/rcw-01rhzohs6sarhhp2xkz1oted/mnt/MVI_Brain_Tumor/masks/2885.png
train,/sessions/rcw-01rhzohs6sarhhp2xkz1oted/mnt/MVI_Brain_Tumor/images/1974.png,/sessions/rcw-01rhzohs6sarhhp2xkz1oted/mnt/MVI_Brain_Tumor/masks/1974.png
train,/sessions/rcw-01rhzohs6sarhhp2xkz1oted/mnt/MVI_Brain_Tumor/images/1497.png,/sessions/rcw-01rhzohs6sarhhp2xkz1oted/mnt/MVI_Brain_Tumor/masks/1497.png
train,/sessions/rcw-01rhzohs6sarhhp2xkz1oted/mnt/MVI_Brain_Tumor/images/2678.png,/sessions/rcw-01rhzohs6sarhhp2xkz1oted/mnt/MVI_Brain_Tumor/masks/2678.png
train,/sessions/rcw-01rhzohs6sarhhp2xkz1oted/mnt/MVI_Brain_Tumor/images/1428.png,/sessions/rcw-01rhzohs6sarhhp2xkz1oted/mnt/MVI_Brain_Tumor/masks/1428.png
train,/sessions/rcw-01rhzohs6sarhhp2xkz1oted/mnt/MVI_Brain_Tumor/images/1970.png,/sessions/rcw-01rhzohs6sarhhp2xkz1oted/mnt/MVI_Brain_Tumor/masks/1970.png
train,/sessions/rcw-01rhzohs6sarhhp2xkz1oted/mnt/MVI_Brain_Tumor/images/1480.png,/sessions/rcw-01rhzohs6sarhhp2xkz1oted/mnt/MVI_Brain_Tumor/masks/1480.png
train,/sessions/rcw-01rhzohs6sarhhp2xkz1oted/mnt/MVI_Brain_Tumor/images/2816.png,/sessions/rcw-01rhzohs6sarhhp2xkz1oted/mnt/MVI_Brain_Tumor/masks/2816.png
train,/sessions/rcw-01rhzohs6sarhhp2xkz1oted/mnt/MVI_Brain_Tumor/images/2912.png,/sessions/rcw-01rhzohs6sarhhp2xkz1oted/mnt/MVI_Brain_Tumor/masks/2912.png
train,/sessions/rcw-01rhzohs6sarhhp2xkz1oted/mnt/MVI_Brain_Tumor/images/1938.png,/sessions/rcw-01rhzohs6sarhhp2xkz1oted/mnt/MVI_Brain_Tumor/masks/1938.png
train,/sessions/rcw-01rhzohs6sarhhp2xkz1oted/mnt/MVI_Brain_Tumor/images/1761.png,/sessions/rcw-01rhzohs6sarhhp2xkz1oted/mnt/MVI_Brain_Tumor/masks/1761.png
train,/sessions/rcw-01rhzohs6sarhhp2xkz1oted/mnt/MVI_Brain_Tumor/images/531.png,/sessions/rcw-01rhzohs6sarhhp2xkz1oted/mnt/MVI_Brain_Tumor/masks/531.png
train,/sessions/rcw-01rhzohs6sarhhp2xkz1oted/mnt/MVI_Brain_Tumor/images/883.png,/sessions/rcw-01rhzohs6sarhhp2xkz1oted/mnt/MVI_Brain_Tumor/masks/883.png
train,/sessions/rcw-01rhzohs6sarhhp2xkz1oted/mnt/MVI_Brain_Tumor/images/115.png,/sessions/rcw-01rhzohs6sarhhp2xkz1oted/mnt/MVI_Brain_Tumor/masks/115.png
train,/sessions/rcw-01rhzohs6sarhhp2xkz1oted/mnt/MVI_Brain_Tumor/images/877.png,/sessions/rcw-01rhzohs6sarhhp2xkz1oted/mnt/MVI_Brain_Tumor/masks/877.png
train,/sessions/rcw-01rhzohs6sarhhp2xkz1oted/mnt/MVI_Brain_Tumor/images/386.png,/sessions/rcw-01rhzohs6sarhhp2xkz1oted/mnt/MVI_Brain_Tumor/masks/386.png
train,/sessions/rcw-01rhzohs6sarhhp2xkz1oted/mnt/MVI_Brain_Tumor/images/2082.png,/sessions/rcw-01rhzohs6sarhhp2xkz1oted/mnt/MVI_Brain_Tumor/masks/2082.png
train,/sessions/rcw-01rhzohs6sarhhp2xkz1oted/mnt/MVI_Brain_Tumor/images/2941.png,/sessions/rcw-01rhzohs6sarhhp2xkz1oted/mnt/MVI_Brain_Tumor/masks/2941.png
train,/sessions/rcw-01rhzohs6sarhhp2xkz1oted/mnt/MVI_Brain_Tumor/images/2610.png,/sessions/rcw-01rhzohs6sarhhp2xkz1oted/mnt/MVI_Brain_Tumor/masks/2610.png
train,/sessions/rcw-01rhzohs6sarhhp2xkz1oted/mnt/MVI_Brain_Tumor/images/2751.png,/sessions/rcw-01rhzohs6sarhhp2xkz1oted/mnt/MVI_Brain_Tumor/masks/2751.png
train,/sessions/rcw-01rhzohs6sarhhp2xkz1oted/mnt/MVI_Brain_Tumor/images/1244.png,/sessions/rcw-01rhzohs6sarhhp2xkz1oted/mnt/MVI_Brain_Tumor/masks/1244.png
train,/sessions/rcw-01rhzohs6sarhhp2xkz1oted/mnt/MVI_Brain_Tumor/images/1098.png,/sessions/rcw-01rhzohs6sarhhp2xkz1oted/mnt/MVI_Brain_Tumor/masks/1098.png
train,/sessions/rcw-01rhzohs6sarhhp2xkz1oted/mnt/MVI_Brain_Tumor/images/431.png,/sessions/rcw-01rhzohs6sarhhp2xkz1oted/mnt/MVI_Brain_Tumor/masks/431.png
train,/sessions/rcw-01rhzohs6sarhhp2xkz1oted/mnt/MVI_Brain_Tumor/images/599.png,/sessions/rcw-01rhzohs6sarhhp2xkz1oted/mnt/MVI_Brain_Tumor/masks/599.png
train,/sessions/rcw-01rhzohs6sarhhp2xkz1oted/mnt/MVI_Brain_Tumor/images/2028.png,/sessions/rcw-01rhzohs6sarhhp2xkz1oted/mnt/MVI_Brain_Tumor/masks/2028.png
train,/sessions/rcw-01rhzohs6sarhhp2xkz1oted/mnt/MVI_Brain_Tumor/images/1977.png,/sessions/rcw-01rhzohs6sarhhp2xkz1oted/mnt/MVI_Brain_Tumor/masks/1977.png
train,/sessions/rcw-01rhzohs6sarhhp2xkz1oted/mnt/MVI_Brain_Tumor/images/2473.png,/sessions/rcw-01rhzohs6sarhhp2xkz1oted/mnt/MVI_Brain_Tumor/masks/2473.png
train,/sessions/rcw-01rhzohs6sarhhp2xkz1oted/mnt/MVI_Brain_Tumor/images/426.png,/sessions/rcw-01rhzohs6sarhhp2xkz1oted/mnt/MVI_Brain_Tumor/masks/426.png
train,/sessions/rcw-01rhzohs6sarhhp2xkz1oted/mnt/MVI_Brain_Tumor/images/2819.png,/sessions/rcw-01rhzohs6sarhhp2xkz1oted/mnt/MVI_Brain_Tumor/masks/2819.png
train,/sessions/rcw-01rhzohs6sarhhp2xkz1oted/mnt/MVI_Brain_Tumor/images/667.png,/sessions/rcw-01rhzohs6sarhhp2xkz1oted/mnt/MVI_Brain_Tumor/masks/667.png
train,/sessions/rcw-01rhzohs6sarhhp2xkz1oted/mnt/MVI_Brain_Tumor/images/89.png,/sessions/rcw-01rhzohs6sarhhp2xkz1oted/mnt/MVI_Brain_Tumor/masks/89.png
train,/sessions/rcw-01rhzohs6sarhhp2xkz1oted/mnt/MVI_Brain_Tumor/images/477.png,/sessions/rcw-01rhzohs6sarhhp2xkz1oted/mnt/MVI_Brain_Tumor/masks/477.png
train,/sessions/rcw-01rhzohs6sarhhp2xkz1oted/mnt/MVI_Brain_Tumor/images/1000.png,/sessions/rcw-01rhzohs6sarhhp2xkz1oted/mnt/MVI_Brain_Tumor/masks/1000.png
train,/sessions/rcw-01rhzohs6sarhhp2xkz1oted/mnt/MVI_Brain_Tumor/images/2702.png,/sessions/rcw-01rhzohs6sarhhp2xkz1oted/mnt/MVI_Brain_Tumor/masks/2702.png
train,/sessions/rcw-01rhzohs6sarhhp2xkz1oted/mnt/MVI_Brain_Tumor/images/2799.png,/sessions/rcw-01rhzohs6sarhhp2xkz1oted/mnt/MVI_Brain_Tumor/masks/2799.png
train,/sessions/rcw-01rhzohs6sarhhp2xkz1oted/mnt/MVI_Brain_Tumor/images/1205.png,/sessions/rcw-01rhzohs6sarhhp2xkz1oted/mnt/MVI_Brain_Tumor/masks/1205.png
train,/sessions/rcw-01rhzohs6sarhhp2xkz1oted/mnt/MVI_Brain_Tumor/images/2196.png,/sessions/rcw-01rhzohs6sarhhp2xkz1oted/mnt/MVI_Brain_Tumor/masks/2196.png
train,/sessions/rcw-01rhzohs6sarhhp2xkz1oted/mnt/MVI_Brain_Tumor/images/888.png,/sessions/rcw-01rhzohs6sarhhp2xkz1oted/mnt/MVI_Brain_Tumor/masks/888.png
train,/sessions/rcw-01rhzohs6sarhhp2xkz1oted/mnt/MVI_Brain_Tumor/images/1324.png,/sessions/rcw-01rhzohs6sarhhp2xkz1oted/mnt/MVI_Brain_Tumor/masks/1324.png
train,/sessions/rcw-01rhzohs6sarhhp2xkz1oted/mnt/MVI_Brain_Tumor/images/712.png,/sessions/rcw-01rhzohs6sarhhp2xkz1oted/mnt/MVI_Brain_Tumor/masks/712.png
train,/sessions/rcw-01rhzohs6sarhhp2xkz1oted/mnt/MVI_Brain_Tumor/images/2654.png,/sessions/rcw-01rhzohs6sarhhp2xkz1oted/mnt/MVI_Brain_Tumor/masks/2654.png
train,/sessions/rcw-01rhzohs6sarhhp2xkz1oted/mnt/MVI_Brain_Tumor/images/2309.png,/sessions/rcw-01rhzohs6sarhhp2xkz1oted/mnt/MVI_Brain_Tumor/masks/2309.png
train,/sessions/rcw-01rhzohs6sarhhp2xkz1oted/mnt/MVI_Brain_Tumor/images/309.png,/sessions/rcw-01rhzohs6sarhhp2xkz1oted/mnt/MVI_Brain_Tumor/masks/309.png
train,/sessions/rcw-01rhzohs6sarhhp2xkz1oted/mnt/MVI_Brain_Tumor/images/1341.png,/sessions/rcw-01rhzohs6sarhhp2xkz1oted/mnt/MVI_Brain_Tumor/masks/1341.png
train,/sessions/rcw-01rhzohs6sarhhp2xkz1oted/mnt/MVI_Brain_Tumor/images/1580.png,/sessions/rcw-01rhzohs6sarhhp2xkz1oted/mnt/MVI_Brain_Tumor/masks/1580.png
train,/sessions/rcw-01rhzohs6sarhhp2xkz1oted/mnt/MVI_Brain_Tumor/images/1626.png,/sessions/rcw-01rhzohs6sarhhp2xkz1oted/mnt/MVI_Brain_Tumor/masks/1626.png
train,/sessions/rcw-01rhzohs6sarhhp2xkz1oted/mnt/MVI_Brain_Tumor/images/1959.png,/sessions/rcw-01rhzohs6sarhhp2xkz1oted/mnt/MVI_Brain_Tumor/masks/1959.png
train,/sessions/rcw-01rhzohs6sarhhp2xkz1oted/mnt/MVI_Brain_Tumor/images/2436.png,/sessions/rcw-01rhzohs6sarhhp2xkz1oted/mnt/MVI_Brain_Tumor/masks/2436.png
train,/sessions/rcw-01rhzohs6sarhhp2xkz1oted/mnt/MVI_Brain_Tumor/images/581.png,/sessions/rcw-01rhzohs6sarhhp2xkz1oted/mnt/MVI_Brain_Tumor/masks/581.png
train,/sessions/rcw-01rhzohs6sarhhp2xkz1oted/mnt/MVI_Brain_Tumor/images/1951.png,/sessions/rcw-01rhzohs6sarhhp2xkz1oted/mnt/MVI_Brain_Tumor/masks/1951.png
train,/sessions/rcw-01rhzohs6sarhhp2xkz1oted/mnt/MVI_Brain_Tumor/images/1794.png,/sessions/rcw-01rhzohs6sarhhp2xkz1oted/mnt/MVI_Brain_Tumor/masks/1794.png
train,/sessions/rcw-01rhzohs6sarhhp2xkz1oted/mnt/MVI_Brain_Tumor/images/2672.png,/sessions/rcw-01rhzohs6sarhhp2xkz1oted/mnt/MVI_Brain_Tumor/masks/2672.png
train,/sessions/rcw-01rhzohs6sarhhp2xkz1oted/mnt/MVI_Brain_Tumor/images/844.png,/sessions/rcw-01rhzohs6sarhhp2xkz1oted/mnt/MVI_Brain_Tumor/masks/844.png
train,/sessions/rcw-01rhzohs6sarhhp2xkz1oted/mnt/MVI_Brain_Tumor/images/374.png,/sessions/rcw-01rhzohs6sarhhp2xkz1oted/mnt/MVI_Brain_Tumor/masks/374.png
train,/sessions/rcw-01rhzohs6sarhhp2xkz1oted/mnt/MVI_Brain_Tumor/images/1783.png,/sessions/rcw-01rhzohs6sarhhp2xkz1oted/mnt/MVI_Brain_Tumor/masks/1783.png
train,/sessions/rcw-01rhzohs6sarhhp2xkz1oted/mnt/MVI_Brain_Tumor/images/475.png,/sessions/rcw-01rhzohs6sarhhp2xkz1oted/mnt/MVI_Brain_Tumor/masks/475.png
train,/sessions/rcw-01rhzohs6sarhhp2xkz1oted/mnt/MVI_Brain_Tumor/images/3017.png,/sessions/rcw-01rhzohs6sarhhp2xkz1oted/mnt/MVI_Brain_Tumor/masks/3017.png
train,/sessions/rcw-01rhzohs6sarhhp2xkz1oted/mnt/MVI_Brain_Tumor/images/1505.png,/sessions/rcw-01rhzohs6sarhhp2xkz1oted/mnt/MVI_Brain_Tumor/masks/1505.png
train,/sessions/rcw-01rhzohs6sarhhp2xkz1oted/mnt/MVI_Brain_Tumor/images/2469.png,/sessions/rcw-01rhzohs6sarhhp2xkz1oted/mnt/MVI_Brain_Tumor/masks/2469.png
train,/sessions/rcw-01rhzohs6sarhhp2xkz1oted/mnt/MVI_Brain_Tumor/images/2851.png,/sessions/rcw-01rhzohs6sarhhp2xkz1oted/mnt/MVI_Brain_Tumor/masks/2851.png
train,/sessions/rcw-01rhzohs6sarhhp2xkz1oted/mnt/MVI_Brain_Tumor/images/1258.png,/sessions/rcw-01rhzohs6sarhhp2xkz1oted/mnt/MVI_Brain_Tumor/masks/1258.png
train,/sessions/rcw-01rhzohs6sarhhp2xkz1oted/mnt/MVI_Brain_Tumor/images/757.png,/sessions/rcw-01rhzohs6sarhhp2xkz1oted/mnt/MVI_Brain_Tumor/masks/757.png
train,/sessions/rcw-01rhzohs6sarhhp2xkz1oted/mnt/MVI_Brain_Tumor/images/1605.png,/sessions/rcw-01rhzohs6sarhhp2xkz1oted/mnt/MVI_Brain_Tumor/masks/1605.png
train,/sessions/rcw-01rhzohs6sarhhp2xkz1oted/mnt/MVI_Brain_Tumor/images/145.png,/sessions/rcw-01rhzohs6sarhhp2xkz1oted/mnt/MVI_Brain_Tumor/masks/145.png
train,/sessions/rcw-01rhzohs6sarhhp2xkz1oted/mnt/MVI_Brain_Tumor/images/2137.png,/sessions/rcw-01rhzohs6sarhhp2xkz1oted/mnt/MVI_Brain_Tumor/masks/2137.png
train,/sessions/rcw-01rhzohs6sarhhp2xkz1oted/mnt/MVI_Brain_Tumor/images/207.png,/sessions/rcw-01rhzohs6sarhhp2xkz1oted/mnt/MVI_Brain_Tumor/masks/207.png
train,/sessions/rcw-01rhzohs6sarhhp2xkz1oted/mnt/MVI_Brain_Tumor/images/2395.png,/sessions/rcw-01rhzohs6sarhhp2xkz1oted/mnt/MVI_Brain_Tumor/masks/2395.png
train,/sessions/rcw-01rhzohs6sarhhp2xkz1oted/mnt/MVI_Brain_Tumor/images/972.png,/sessions/rcw-01rhzohs6sarhhp2xkz1oted/mnt/MVI_Brain_Tumor/masks/972.png
train,/sessions/rcw-01rhzohs6sarhhp2xkz1oted/mnt/MVI_Brain_Tumor/images/354.png,/sessions/rcw-01rhzohs6sarhhp2xkz1oted/mnt/MVI_Brain_Tumor/masks/354.png
train,/sessions/rcw-01rhzohs6sarhhp2xkz1oted/mnt/MVI_Brain_Tumor/images/2088.png,/sessions/rcw-01rhzohs6sarhhp2xkz1oted/mnt/MVI_Brain_Tumor/masks/2088.png
train,/sessions/rcw-01rhzohs6sarhhp2xkz1oted/mnt/MVI_Brain_Tumor/images/2872.png,/sessions/rcw-01rhzohs6sarhhp2xkz1oted/mnt/MVI_Brain_Tumor/masks/2872.png
train,/sessions/rcw-01rhzohs6sarhhp2xkz1oted/mnt/MVI_Brain_Tumor/images/1846.png,/sessions/rcw-01rhzohs6sarhhp2xkz1oted/mnt/MVI_Brain_Tumor/masks/1846.png
train,/sessions/rcw-01rhzohs6sarhhp2xkz1oted/mnt/MVI_Brain_Tumor/images/1972.png,/sessions/rcw-01rhzohs6sarhhp2xkz1oted/mnt/MVI_Brain_Tumor/masks/1972.png
train,/sessions/rcw-01rhzohs6sarhhp2xkz1oted/mnt/MVI_Brain_Tumor/images/2955.png,/sessions/rcw-01rhzohs6sarhhp2xkz1oted/mnt/MVI_Brain_Tumor/masks/2955.png
train,/sessions/rcw-01rhzohs6sarhhp2xkz1oted/mnt/MVI_Brain_Tumor/images/2349.png,/sessions/rcw-01rhzohs6sarhhp2xkz1oted/mnt/MVI_Brain_Tumor/masks/2349.png
train,/sessions/rcw-01rhzohs6sarhhp2xkz1oted/mnt/MVI_Brain_Tumor/images/1812.png,/sessions/rcw-01rhzohs6sarhhp2xkz1oted/mnt/MVI_Brain_Tumor/masks/1812.png
train,/sessions/rcw-01rhzohs6sarhhp2xkz1oted/mnt/MVI_Brain_Tumor/images/2069.png,/sessions/rcw-01rhzohs6sarhhp2xkz1oted/mnt/MVI_Brain_Tumor/masks/2069.png
train,/sessions/rcw-01rhzohs6sarhhp2xkz1oted/mnt/MVI_Brain_Tumor/images/1878.png,/sessions/rcw-01rhzohs6sarhhp2xkz1oted/mnt/MVI_Brain_Tumor/masks/1878.png
train,/sessions/rcw-01rhzohs6sarhhp2xkz1oted/mnt/MVI_Brain_Tumor/images/2292.png,/sessions/rcw-01rhzohs6sarhhp2xkz1oted/mnt/MVI_Brain_Tumor/masks/2292.png
train,/sessions/rcw-01rhzohs6sarhhp2xkz1oted/mnt/MVI_Brain_Tumor/images/1291.png,/sessions/rcw-01rhzohs6sarhhp2xkz1oted/mnt/MVI_Brain_Tumor/masks/1291.png
train,/sessions/rcw-01rhzohs6sarhhp2xkz1oted/mnt/MVI_Brain_Tumor/images/628.png,/sessions/rcw-01rhzohs6sarhhp2xkz1oted/mnt/MVI_Brain_Tumor/masks/628.png
train,/sessions/rcw-01rhzohs6sarhhp2xkz1oted/mnt/MVI_Brain_Tumor/images/2767.png,/sessions/rcw-01rhzohs6sarhhp2xkz1oted/mnt/MVI_Brain_Tumor/masks/2767.png
train,/sessions/rcw-01rhzohs6sarhhp2xkz1oted/mnt/MVI_Brain_Tumor/images/918.png,/sessions/rcw-01rhzohs6sarhhp2xkz1oted/mnt/MVI_Brain_Tumor/masks/918.png
train,/sessions/rcw-01rhzohs6sarhhp2xkz1oted/mnt/MVI_Brain_Tumor/images/2500.png,/sessions/rcw-01rhzohs6sarhhp2xkz1oted/mnt/MVI_Brain_Tumor/masks/2500.png
train,/sessions/rcw-01rhzohs6sarhhp2xkz1oted/mnt/MVI_Brain_Tumor/images/204.png,/sessions/rcw-01rhzohs6sarhhp2xkz1oted/mnt/MVI_Brain_Tumor/masks/204.png
train,/sessions/rcw-01rhzohs6sarhhp2xkz1oted/mnt/MVI_Brain_Tumor/images/2382.png,/sessions/rcw-01rhzohs6sarhhp2xkz1oted/mnt/MVI_Brain_Tumor/masks/2382.png
train,/sessions/rcw-01rhzohs6sarhhp2xkz1oted/mnt/MVI_Brain_Tumor/images/2666.png,/sessions/rcw-01rhzohs6sarhhp2xkz1oted/mnt/MVI_Brain_Tumor/masks/2666.png
train,/sessions/rcw-01rhzohs6sarhhp2xkz1oted/mnt/MVI_Brain_Tumor/images/640.png,/sessions/rcw-01rhzohs6sarhhp2xkz1oted/mnt/MVI_Brain_Tumor/masks/640.png
train,/sessions/rcw-01rhzohs6sarhhp2xkz1oted/mnt/MVI_Brain_Tumor/images/1914.png,/sessions/rcw-01rhzohs6sarhhp2xkz1oted/mnt/MVI_Brain_Tumor/masks/1914.png
train,/sessions/rcw-01rhzohs6sarhhp2xkz1oted/mnt/MVI_Brain_Tumor/images/1545.png,/sessions/rcw-01rhzohs6sarhhp2xkz1oted/mnt/MVI_Brain_Tumor/masks/1545.png
train,/sessions/rcw-01rhzohs6sarhhp2xkz1oted/mnt/MVI_Brain_Tumor/images/174.png,/sessions/rcw-01rhzohs6sarhhp2xkz1oted/mnt/MVI_Brain_Tumor/masks/174.png
train,/sessions/rcw-01rhzohs6sarhhp2xkz1oted/mnt/MVI_Brain_Tumor/images/1751.png,/sessions/rcw-01rhzohs6sarhhp2xkz1oted/mnt/MVI_Brain_Tumor/masks/1751.png
train,/sessions/rcw-01rhzohs6sarhhp2xkz1oted/mnt/MVI_Brain_Tumor/images/1323.png,/sessions/rcw-01rhzohs6sarhhp2xkz1oted/mnt/MVI_Brain_Tumor/masks/1323.png
train,/sessions/rcw-01rhzohs6sarhhp2xkz1oted/mnt/MVI_Brain_Tumor/images/612.png,/sessions/rcw-01rhzohs6sarhhp2xkz1oted/mnt/MVI_Brain_Tumor/masks/612.png
train,/sessions/rcw-01rhzohs6sarhhp2xkz1oted/mnt/MVI_Brain_Tumor/images/557.png,/sessions/rcw-01rhzohs6sarhhp2xkz1oted/mnt/MVI_Brain_Tumor/masks/557.png
train,/sessions/rcw-01rhzohs6sarhhp2xkz1oted/mnt/MVI_Brain_Tumor/images/1308.png,/sessions/rcw-01rhzohs6sarhhp2xkz1oted/mnt/MVI_Brain_Tumor/masks/1308.png
train,/sessions/rcw-01rhzohs6sarhhp2xkz1oted/mnt/MVI_Brain_Tumor/images/2710.png,/sessions/rcw-01rhzohs6sarhhp2xkz1oted/mnt/MVI_Brain_Tumor/masks/2710.png
train,/sessions/rcw-01rhzohs6sarhhp2xkz1oted/mnt/MVI_Brain_Tumor/images/1107.png,/sessions/rcw-01rhzohs6sarhhp2xkz1oted/mnt/MVI_Brain_Tumor/masks/1107.png
train,/sessions/rcw-01rhzohs6sarhhp2xkz1oted/mnt/MVI_Brain_Tumor/images/706.png,/sessions/rcw-01rhzohs6sarhhp2xkz1oted/mnt/MVI_Brain_Tumor/masks/706.png
train,/sessions/rcw-01rhzohs6sarhhp2xkz1oted/mnt/MVI_Brain_Tumor/images/2359.png,/sessions/rcw-01rhzohs6sarhhp2xkz1oted/mnt/MVI_Brain_Tumor/masks/2359.png
train,/sessions/rcw-01rhzohs6sarhhp2xkz1oted/mnt/MVI_Brain_Tumor/images/2180.png,/sessions/rcw-01rhzohs6sarhhp2xkz1oted/mnt/MVI_Brain_Tumor/masks/2180.png
train,/sessions/rcw-01rhzohs6sarhhp2xkz1oted/mnt/MVI_Brain_Tumor/images/2579.png,/sessions/rcw-01rhzohs6sarhhp2xkz1oted/mnt/MVI_Brain_Tumor/masks/2579.png
train,/sessions/rcw-01rhzohs6sarhhp2xkz1oted/mnt/MVI_Brain_Tumor/images/1117.png,/sessions/rcw-01rhzohs6sarhhp2xkz1oted/mnt/MVI_Brain_Tumor/masks/1117.png
train,/sessions/rcw-01rhzohs6sarhhp2xkz1oted/mnt/MVI_Brain_Tumor/images/143.png,/sessions/rcw-01rhzohs6sarhhp2xkz1oted/mnt/MVI_Brain_Tumor/masks/143.png
train,/sessions/rcw-01rhzohs6sarhhp2xkz1oted/mnt/MVI_Brain_Tumor/images/1314.png,/sessions/rcw-01rhzohs6sarhhp2xkz1oted/mnt/MVI_Brain_Tumor/masks/1314.png
train,/sessions/rcw-01rhzohs6sarhhp2xkz1oted/mnt/MVI_Brain_Tumor/images/398.png,/sessions/rcw-01rhzohs6sarhhp2xkz1oted/mnt/MVI_Brain_Tumor/masks/398.png
train,/sessions/rcw-01rhzohs6sarhhp2xkz1oted/mnt/MVI_Brain_Tumor/images/2576.png,/sessions/rcw-01rhzohs6sarhhp2xkz1oted/mnt/MVI_Brain_Tumor/masks/2576.png
train,/sessions/rcw-01rhzohs6sarhhp2xkz1oted/mnt/MVI_Brain_Tumor/images/2233.png,/sessions/rcw-01rhzohs6sarhhp2xkz1oted/mnt/MVI_Brain_Tumor/masks/2233.png
train,/sessions/rcw-01rhzohs6sarhhp2xkz1oted/mnt/MVI_Brain_Tumor/images/2083.png,/sessions/rcw-01rhzohs6sarhhp2xkz1oted/mnt/MVI_Brain_Tumor/masks/2083.png
train,/sessions/rcw-01rhzohs6sarhhp2xkz1oted/mnt/MVI_Brain_Tumor/images/2914.png,/sessions/rcw-01rhzohs6sarhhp2xkz1oted/mnt/MVI_Brain_Tumor/masks/2914.png
train,/sessions/rcw-01rhzohs6sarhhp2xkz1oted/mnt/MVI_Brain_Tumor/images/2613.png,/sessions/rcw-01rhzohs6sarhhp2xkz1oted/mnt/MVI_Brain_Tumor/masks/2613.png
train,/sessions/rcw-01rhzohs6sarhhp2xkz1oted/mnt/MVI_Brain_Tumor/images/1425.png,/sessions/rcw-01rhzohs6sarhhp2xkz1oted/mnt/MVI_Brain_Tumor/masks/1425.png
train,/sessions/rcw-01rhzohs6sarhhp2xkz1oted/mnt/MVI_Brain_Tumor/images/1884.png,/sessions/rcw-01rhzohs6sarhhp2xkz1oted/mnt/MVI_Brain_Tumor/masks/1884.png
train,/sessions/rcw-01rhzohs6sarhhp2xkz1oted/mnt/MVI_Brain_Tumor/images/2900.png,/sessions/rcw-01rhzohs6sarhhp2xkz1oted/mnt/MVI_Brain_Tumor/masks/2900.png
train,/sessions/rcw-01rhzohs6sarhhp2xkz1oted/mnt/MVI_Brain_Tumor/images/2231.png,/sessions/rcw-01rhzohs6sarhhp2xkz1oted/mnt/MVI_Brain_Tumor/masks/2231.png
train,/sessions/rcw-01rhzohs6sarhhp2xkz1oted/mnt/MVI_Brain_Tumor/images/2776.png,/sessions/rcw-01rhzohs6sarhhp2xkz1oted/mnt/MVI_Brain_Tumor/masks/2776.png
train,/sessions/rcw-01rhzohs6sarhhp2xkz1oted/mnt/MVI_Brain_Tumor/images/2437.png,/sessions/rcw-01rhzohs6sarhhp2xkz1oted/mnt/MVI_Brain_Tumor/masks/2437.png
train,/sessions/rcw-01rhzohs6sarhhp2xkz1oted/mnt/MVI_Brain_Tumor/images/968.png,/sessions/rcw-01rhzohs6sarhhp2xkz1oted/mnt/MVI_Brain_Tumor/masks/968.png
train,/sessions/rcw-01rhzohs6sarhhp2xkz1oted/mnt/MVI_Brain_Tumor/images/1700.png,/sessions/rcw-01rhzohs6sarhhp2xkz1oted/mnt/MVI_Brain_Tumor/masks/1700.png
train,/sessions/rcw-01rhzohs6sarhhp2xkz1oted/mnt/MVI_Brain_Tumor/images/2256.png,/sessions/rcw-01rhzohs6sarhhp2xkz1oted/mnt/MVI_Brain_Tumor/masks/2256.png
train,/sessions/rcw-01rhzohs6sarhhp2xkz1oted/mnt/MVI_Brain_Tumor/images/2190.png,/sessions/rcw-01rhzohs6sarhhp2xkz1oted/mnt/MVI_Brain_Tumor/masks/2190.png
train,/sessions/rcw-01rhzohs6sarhhp2xkz1oted/mnt/MVI_Brain_Tumor/images/2041.png,/sessions/rcw-01rhzohs6sarhhp2xkz1oted/mnt/MVI_Brain_Tumor/masks/2041.png
train,/sessions/rcw-01rhzohs6sarhhp2xkz1oted/mnt/MVI_Brain_Tumor/images/1919.png,/sessions/rcw-01rhzohs6sarhhp2xkz1oted/mnt/MVI_Brain_Tumor/masks/1919.png
train,/sessions/rcw-01rhzohs6sarhhp2xkz1oted/mnt/MVI_Brain_Tumor/images/2711.png,/sessions/rcw-01rhzohs6sarhhp2xkz1oted/mnt/MVI_Brain_Tumor/masks/2711.png
train,/sessions/rcw-01rhzohs6sarhhp2xkz1oted/mnt/MVI_Brain_Tumor/images/554.png,/sessions/rcw-01rhzohs6sarhhp2xkz1oted/mnt/MVI_Brain_Tumor/masks/554.png
train,/sessions/rcw-01rhzohs6sarhhp2xkz1oted/mnt/MVI_Brain_Tumor/images/1301.png,/sessions/rcw-01rhzohs6sarhhp2xkz1oted/mnt/MVI_Brain_Tumor/masks/1301.png
train,/sessions/rcw-01rhzohs6sarhhp2xkz1oted/mnt/MVI_Brain_Tumor/images/434.png,/sessions/rcw-01rhzohs6sarhhp2xkz1oted/mnt/MVI_Brain_Tumor/masks/434.png
train,/sessions/rcw-01rhzohs6sarhhp2xkz1oted/mnt/MVI_Brain_Tumor/images/660.png,/sessions/rcw-01rhzohs6sarhhp2xkz1oted/mnt/MVI_Brain_Tumor/masks/660.png
train,/sessions/rcw-01rhzohs6sarhhp2xkz1oted/mnt/MVI_Brain_Tumor/images/104.png,/sessions/rcw-01rhzohs6sarhhp2xkz1oted/mnt/MVI_Brain_Tumor/masks/104.png
train,/sessions/rcw-01rhzohs6sarhhp2xkz1oted/mnt/MVI_Brain_Tumor/images/2988.png,/sessions/rcw-01rhzohs6sarhhp2xkz1oted/mnt/MVI_Brain_Tumor/masks/2988.png
train,/sessions/rcw-01rhzohs6sarhhp2xkz1oted/mnt/MVI_Brain_Tumor/images/1295.png,/sessions/rcw-01rhzohs6sarhhp2xkz1oted/mnt/MVI_Brain_Tumor/masks/1295.png
train,/sessions/rcw-01rhzohs6sarhhp2xkz1oted/mnt/MVI_Brain_Tumor/images/13.png,/sessions/rcw-01rhzohs6sarhhp2xkz1oted/mnt/MVI_Brain_Tumor/masks/13.png
train,/sessions/rcw-01rhzohs6sarhhp2xkz1oted/mnt/MVI_Brain_Tumor/images/328.png,/sessions/rcw-01rhzohs6sarhhp2xkz1oted/mnt/MVI_Brain_Tumor/masks/328.png
train,/sessions/rcw-01rhzohs6sarhhp2xkz1oted/mnt/MVI_Brain_Tumor/images/94.png,/sessions/rcw-01rhzohs6sarhhp2xkz1oted/mnt/MVI_Brain_Tumor/masks/94.png
train,/sessions/rcw-01rhzohs6sarhhp2xkz1oted/mnt/MVI_Brain_Tumor/images/349.png,/sessions/rcw-01rhzohs6sarhhp2xkz1oted/mnt/MVI_Brain_Tumor/masks/349.png
train,/sessions/rcw-01rhzohs6sarhhp2xkz1oted/mnt/MVI_Brain_Tumor/images/58.png,/sessions/rcw-01rhzohs6sarhhp2xkz1oted/mnt/MVI_Brain_Tumor/masks/58.png
train,/sessions/rcw-01rhzohs6sarhhp2xkz1oted/mnt/MVI_Brain_Tumor/images/2162.png,/sessions/rcw-01rhzohs6sarhhp2xkz1oted/mnt/MVI_Brain_Tumor/masks/2162.png
train,/sessions/rcw-01rhzohs6sarhhp2xkz1oted/mnt/MVI_Brain_Tumor/images/1793.png,/sessions/rcw-01rhzohs6sarhhp2xkz1oted/mnt/MVI_Brain_Tumor/masks/1793.png
train,/sessions/rcw-01rhzohs6sarhhp2xkz1oted/mnt/MVI_Brain_Tumor/images/1689.png,/sessions/rcw-01rhzohs6sarhhp2xkz1oted/mnt/MVI_Brain_Tumor/masks/1689.png
train,/sessions/rcw-01rhzohs6sarhhp2xkz1oted/mnt/MVI_Brain_Tumor/images/1670.png,/sessions/rcw-01rhzohs6sarhhp2xkz1oted/mnt/MVI_Brain_Tumor/masks/1670.png
train,/sessions/rcw-01rhzohs6sarhhp2xkz1oted/mnt/MVI_Brain_Tumor/images/1642.png,/sessions/rcw-01rhzohs6sarhhp2xkz1oted/mnt/MVI_Brain_Tumor/masks/1642.png
train,/sessions/rcw-01rhzohs6sarhhp2xkz1oted/mnt/MVI_Brain_Tumor/images/166.png,/sessions/rcw-01rhzohs6sarhhp2xkz1oted/mnt/MVI_Brain_Tumor/masks/166.png
train,/sessions/rcw-01rhzohs6sarhhp2xkz1oted/mnt/MVI_Brain_Tumor/images/1009.png,/sessions/rcw-01rhzohs6sarhhp2xkz1oted/mnt/MVI_Brain_Tumor/masks/1009.png
train,/sessions/rcw-01rhzohs6sarhhp2xkz1oted/mnt/MVI_Brain_Tumor/images/1403.png,/sessions/rcw-01rhzohs6sarhhp2xkz1oted/mnt/MVI_Brain_Tumor/masks/1403.png
train,/sessions/rcw-01rhzohs6sarhhp2xkz1oted/mnt/MVI_Brain_Tumor/images/508.png,/sessions/rcw-01rhzohs6sarhhp2xkz1oted/mnt/MVI_Brain_Tumor/masks/508.png
train,/sessions/rcw-01rhzohs6sarhhp2xkz1oted/mnt/MVI_Brain_Tumor/images/1509.png,/sessions/rcw-01rhzohs6sarhhp2xkz1oted/mnt/MVI_Brain_Tumor/masks/1509.png
train,/sessions/rcw-01rhzohs6sarhhp2xkz1oted/mnt/MVI_Brain_Tumor/images/379.png,/sessions/rcw-01rhzohs6sarhhp2xkz1oted/mnt/MVI_Brain_Tumor/masks/379.png
train,/sessions/rcw-01rhzohs6sarhhp2xkz1oted/mnt/MVI_Brain_Tumor/images/2038.png,/sessions/rcw-01rhzohs6sarhhp2xkz1oted/mnt/MVI_Brain_Tumor/masks/2038.png
train,/sessions/rcw-01rhzohs6sarhhp2xkz1oted/mnt/MVI_Brain_Tumor/images/443.png,/sessions/rcw-01rhzohs6sarhhp2xkz1oted/mnt/MVI_Brain_Tumor/masks/443.png
train,/sessions/rcw-01rhzohs6sarhhp2xkz1oted/mnt/MVI_Brain_Tumor/images/39.png,/sessions/rcw-01rhzohs6sarhhp2xkz1oted/mnt/MVI_Brain_Tumor/masks/39.png
train,/sessions/rcw-01rhzohs6sarhhp2xkz1oted/mnt/MVI_Brain_Tumor/images/1111.png,/sessions/rcw-01rhzohs6sarhhp2xkz1oted/mnt/MVI_Brain_Tumor/masks/1111.png
train,/sessions/rcw-01rhzohs6sarhhp2xkz1oted/mnt/MVI_Brain_Tumor/images/2587.png,/sessions/rcw-01rhzohs6sarhhp2xkz1oted/mnt/MVI_Brain_Tumor/masks/2587.png
train,/sessions/rcw-01rhzohs6sarhhp2xkz1oted/mnt/MVI_Brain_Tumor/images/2275.png,/sessions/rcw-01rhzohs6sarhhp2xkz1oted/mnt/MVI_Brain_Tumor/masks/2275.png
train,/sessions/rcw-01rhzohs6sarhhp2xkz1oted/mnt/MVI_Brain_Tumor/images/2560.png,/sessions/rcw-01rhzohs6sarhhp2xkz1oted/mnt/MVI_Brain_Tumor/masks/2560.png
train,/sessions/rcw-01rhzohs6sarhhp2xkz1oted/mnt/MVI_Brain_Tumor/images/2815.png,/sessions/rcw-01rhzohs6sarhhp2xkz1oted/mnt/MVI_Brain_Tumor/masks/2815.png
train,/sessions/rcw-01rhzohs6sarhhp2xkz1oted/mnt/MVI_Brain_Tumor/images/2071.png,/sessions/rcw-01rhzohs6sarhhp2xkz1oted/mnt/MVI_Brain_Tumor/masks/2071.png
train,/sessions/rcw-01rhzohs6sarhhp2xkz1oted/mnt/MVI_Brain_Tumor/images/870.png,/sessions/rcw-01rhzohs6sarhhp2xkz1oted/mnt/MVI_Brain_Tumor/masks/870.png
train,/sessions/rcw-01rhzohs6sarhhp2xkz1oted/mnt/MVI_Brain_Tumor/images/2050.png,/sessions/rcw-01rhzohs6sarhhp2xkz1oted/mnt/MVI_Brain_Tumor/masks/2050.png
train,/sessions/rcw-01rhzohs6sarhhp2xkz1oted/mnt/MVI_Brain_Tumor/images/636.png,/sessions/rcw-01rhzohs6sarhhp2xkz1oted/mnt/MVI_Brain_Tumor/masks/636.png
train,/sessions/rcw-01rhzohs6sarhhp2xkz1oted/mnt/MVI_Brain_Tumor/images/2320.png,/sessions/rcw-01rhzohs6sarhhp2xkz1oted/mnt/MVI_Brain_Tumor/masks/2320.png
train,/sessions/rcw-01rhzohs6sarhhp2xkz1oted/mnt/MVI_Brain_Tumor/images/27.png,/sessions/rcw-01rhzohs6sarhhp2xkz1oted/mnt/MVI_Brain_Tumor/masks/27.png
train,/sessions/rcw-01rhzohs6sarhhp2xkz1oted/mnt/MVI_Brain_Tumor/images/347.png,/sessions/rcw-01rhzohs6sarhhp2xkz1oted/mnt/MVI_Brain_Tumor/masks/347.png
train,/sessions/rcw-01rhzohs6sarhhp2xkz1oted/mnt/MVI_Brain_Tumor/images/1481.png,/sessions/rcw-01rhzohs6sarhhp2xkz1oted/mnt/MVI_Brain_Tumor/masks/1481.png
train,/sessions/rcw-01rhzohs6sarhhp2xkz1oted/mnt/MVI_Brain_Tumor/images/1552.png,/sessions/rcw-01rhzohs6sarhhp2xkz1oted/mnt/MVI_Brain_Tumor/masks/1552.png
train,/sessions/rcw-01rhzohs6sarhhp2xkz1oted/mnt/MVI_Brain_Tumor/images/985.png,/sessions/rcw-01rhzohs6sarhhp2xkz1oted/mnt/MVI_Brain_Tumor/masks/985.png
train,/sessions/rcw-01rhzohs6sarhhp2xkz1oted/mnt/MVI_Brain_Tumor/images/850.png,/sessions/rcw-01rhzohs6sarhhp2xkz1oted/mnt/MVI_Brain_Tumor/masks/850.png
train,/sessions/rcw-01rhzohs6sarhhp2xkz1oted/mnt/MVI_Brain_Tumor/images/2898.png,/sessions/rcw-01rhzohs6sarhhp2xkz1oted/mnt/MVI_Brain_Tumor/masks/2898.png
train,/sessions/rcw-01rhzohs6sarhhp2xkz1oted/mnt/MVI_Brain_Tumor/images/3036.png,/sessions/rcw-01rhzohs6sarhhp2xkz1oted/mnt/MVI_Brain_Tumor/masks/3036.png
train,/sessions/rcw-01rhzohs6sarhhp2xkz1oted/mnt/MVI_Brain_Tumor/images/602.png,/sessions/rcw-01rhzohs6sarhhp2xkz1oted/mnt/MVI_Brain_Tumor/masks/602.png
train,/sessions/rcw-01rhzohs6sarhhp2xkz1oted/mnt/MVI_Brain_Tumor/images/491.png,/sessions/rcw-01rhzohs6sarhhp2xkz1oted/mnt/MVI_Brain_Tumor/masks/491.png
train,/sessions/rcw-01rhzohs6sarhhp2xkz1oted/mnt/MVI_Brain_Tumor/images/2636.png,/sessions/rcw-01rhzohs6sarhhp2xkz1oted/mnt/MVI_Brain_Tumor/masks/2636.png
train,/sessions/rcw-01rhzohs6sarhhp2xkz1oted/mnt/MVI_Brain_Tumor/images/10.png,/sessions/rcw-01rhzohs6sarhhp2xkz1oted/mnt/MVI_Brain_Tumor/masks/10.png
train,/sessions/rcw-01rhzohs6sarhhp2xkz1oted/mnt/MVI_Brain_Tumor/images/865.png,/sessions/rcw-01rhzohs6sarhhp2xkz1oted/mnt/MVI_Brain_Tumor/masks/865.png
train,/sessions/rcw-01rhzohs6sarhhp2xkz1oted/mnt/MVI_Brain_Tumor/images/2164.png,/sessions/rcw-01rhzohs6sarhhp2xkz1oted/mnt/MVI_Brain_Tumor/masks/2164.png
train,/sessions/rcw-01rhzohs6sarhhp2xkz1oted/mnt/MVI_Brain_Tumor/images/2884.png,/sessions/rcw-01rhzohs6sarhhp2xkz1oted/mnt/MVI_Brain_Tumor/masks/2884.png
train,/sessions/rcw-01rhzohs6sarhhp2xkz1oted/mnt/MVI_Brain_Tumor/images/1409.png,/sessions/rcw-01rhzohs6sarhhp2xkz1oted/mnt/MVI_Brain_Tumor/masks/1409.png
train,/sessions/rcw-01rhzohs6sarhhp2xkz1oted/mnt/MVI_Brain_Tumor/images/2546.png,/sessions/rcw-01rhzohs6sarhhp2xkz1oted/mnt/MVI_Brain_Tumor/masks/2546.png
train,/sessions/rcw-01rhzohs6sarhhp2xkz1oted/mnt/MVI_Brain_Tumor/images/2550.png,/sessions/rcw-01rhzohs6sarhhp2xkz1oted/mnt/MVI_Brain_Tumor/masks/2550.png
train,/sessions/rcw-01rhzohs6sarhhp2xkz1oted/mnt/MVI_Brain_Tumor/images/556.png,/sessions/rcw-01rhzohs6sarhhp2xkz1oted/mnt/MVI_Brain_Tumor/masks/556.png
train,/sessions/rcw-01rhzohs6sarhhp2xkz1oted/mnt/MVI_Brain_Tumor/images/2692.png,/sessions/rcw-01rhzohs6sarhhp2xkz1oted/mnt/MVI_Brain_Tumor/masks/2692.png
train,/sessions/rcw-01rhzohs6sarhhp2xkz1oted/mnt/MVI_Brain_Tumor/images/1245.png,/sessions/rcw-01rhzohs6sarhhp2xkz1oted/mnt/MVI_Brain_Tumor/masks/1245.png
train,/sessions/rcw-01rhzohs6sarhhp2xkz1oted/mnt/MVI_Brain_Tumor/images/863.png,/sessions/rcw-01rhzohs6sarhhp2xkz1oted/mnt/MVI_Brain_Tumor/masks/863.png
train,/sessions/rcw-01rhzohs6sarhhp2xkz1oted/mnt/MVI_Brain_Tumor/images/1535.png,/sessions/rcw-01rhzohs6sarhhp2xkz1oted/mnt/MVI_Brain_Tumor/masks/1535.png
train,/sessions/rcw-01rhzohs6sarhhp2xkz1oted/mnt/MVI_Brain_Tumor/images/2694.png,/sessions/rcw-01rhzohs6sarhhp2xkz1oted/mnt/MVI_Brain_Tumor/masks/2694.png
train,/sessions/rcw-01rhzohs6sarhhp2xkz1oted/mnt/MVI_Brain_Tumor/images/3026.png,/sessions/rcw-01rhzohs6sarhhp2xkz1oted/mnt/MVI_Brain_Tumor/masks/3026.png
train,/sessions/rcw-01rhzohs6sarhhp2xkz1oted/mnt/MVI_Brain_Tumor/images/464.png,/sessions/rcw-01rhzohs6sarhhp2xkz1oted/mnt/MVI_Brain_Tumor/masks/464.png
train,/sessions/rcw-01rhzohs6sarhhp2xkz1oted/mnt/MVI_Brain_Tumor/images/2336.png,/sessions/rcw-01rhzohs6sarhhp2xkz1oted/mnt/MVI_Brain_Tumor/masks/2336.png
train,/sessions/rcw-01rhzohs6sarhhp2xkz1oted/mnt/MVI_Brain_Tumor/images/1406.png,/sessions/rcw-01rhzohs6sarhhp2xkz1oted/mnt/MVI_Brain_Tumor/masks/1406.png
train,/sessions/rcw-01rhzohs6sarhhp2xkz1oted/mnt/MVI_Brain_Tumor/images/1440.png,/sessions/rcw-01rhzohs6sarhhp2xkz1oted/mnt/MVI_Brain_Tumor/masks/1440.png
train,/sessions/rcw-01rhzohs6sarhhp2xkz1oted/mnt/MVI_Brain_Tumor/images/2403.png,/sessions/rcw-01rhzohs6sarhhp2xkz1oted/mnt/MVI_Brain_Tumor/masks/2403.png
train,/sessions/rcw-01rhzohs6sarhhp2xkz1oted/mnt/MVI_Brain_Tumor/images/1839.png,/sessions/rcw-01rhzohs6sarhhp2xkz1oted/mnt/MVI_Brain_Tumor/masks/1839.png
train,/sessions/rcw-01rhzohs6sarhhp2xkz1oted/mnt/MVI_Brain_Tumor/images/1829.png,/sessions/rcw-01rhzohs6sarhhp2xkz1oted/mnt/MVI_Brain_Tumor/masks/1829.png
train,/sessions/rcw-01rhzohs6sarhhp2xkz1oted/mnt/MVI_Brain_Tumor/images/1103.png,/sessions/rcw-01rhzohs6sarhhp2xkz1oted/mnt/MVI_Brain_Tumor/masks/1103.png
train,/sessions/rcw-01rhzohs6sarhhp2xkz1oted/mnt/MVI_Brain_Tumor/images/2024.png,/sessions/rcw-01rhzohs6sarhhp2xkz1oted/mnt/MVI_Brain_Tumor/masks/2024.png
train,/sessions/rcw-01rhzohs6sarhhp2xkz1oted/mnt/MVI_Brain_Tumor/images/1956.png,/sessions/rcw-01rhzohs6sarhhp2xkz1oted/mnt/MVI_Brain_Tumor/masks/1956.png
train,/sessions/rcw-01rhzohs6sarhhp2xkz1oted/mnt/MVI_Brain_Tumor/images/501.png,/sessions/rcw-01rhzohs6sarhhp2xkz1oted/mnt/MVI_Brain_Tumor/masks/501.png
train,/sessions/rcw-01rhzohs6sarhhp2xkz1oted/mnt/MVI_Brain_Tumor/images/2841.png,/sessions/rcw-01rhzohs6sarhhp2xkz1oted/mnt/MVI_Brain_Tumor/masks/2841.png
train,/sessions/rcw-01rhzohs6sarhhp2xkz1oted/mnt/MVI_Brain_Tumor/images/1596.png,/sessions/rcw-01rhzohs6sarhhp2xkz1oted/mnt/MVI_Brain_Tumor/masks/1596.png
train,/sessions/rcw-01rhzohs6sarhhp2xkz1oted/mnt/MVI_Brain_Tumor/images/541.png,/sessions/rcw-01rhzohs6sarhhp2xkz1oted/mnt/MVI_Brain_Tumor/masks/541.png
train,/sessions/rcw-01rhzohs6sarhhp2xkz1oted/mnt/MVI_Brain_Tumor/images/2985.png,/sessions/rcw-01rhzohs6sarhhp2xkz1oted/mnt/MVI_Brain_Tumor/masks/2985.png
train,/sessions/rcw-01rhzohs6sarhhp2xkz1oted/mnt/MVI_Brain_Tumor/images/2271.png,/sessions/rcw-01rhzohs6sarhhp2xkz1oted/mnt/MVI_Brain_Tumor/masks/2271.png
train,/sessions/rcw-01rhzohs6sarhhp2xkz1oted/mnt/MVI_Brain_Tumor/images/2873.png,/sessions/rcw-01rhzohs6sarhhp2xkz1oted/mnt/MVI_Brain_Tumor/masks/2873.png
train,/sessions/rcw-01rhzohs6sarhhp2xkz1oted/mnt/MVI_Brain_Tumor/images/2889.png,/sessions/rcw-01rhzohs6sarhhp2xkz1oted/mnt/MVI_Brain_Tumor/masks/2889.png
train,/sessions/rcw-01rhzohs6sarhhp2xkz1oted/mnt/MVI_Brain_Tumor/images/1125.png,/sessions/rcw-01rhzohs6sarhhp2xkz1oted/mnt/MVI_Brain_Tumor/masks/1125.png
train,/sessions/rcw-01rhzohs6sarhhp2xkz1oted/mnt/MVI_Brain_Tumor/images/1443.png,/sessions/rcw-01rhzohs6sarhhp2xkz1oted/mnt/MVI_Brain_Tumor/masks/1443.png
train,/sessions/rcw-01rhzohs6sarhhp2xkz1oted/mnt/MVI_Brain_Tumor/images/3011.png,/sessions/rcw-01rhzohs6sarhhp2xkz1oted/mnt/MVI_Brain_Tumor/masks/3011.png
train,/sessions/rcw-01rhzohs6sarhhp2xkz1oted/mnt/MVI_Brain_Tumor/images/1326.png,/sessions/rcw-01rhzohs6sarhhp2xkz1oted/mnt/MVI_Brain_Tumor/masks/1326.png
train,/sessions/rcw-01rhzohs6sarhhp2xkz1oted/mnt/MVI_Brain_Tumor/images/2428.png,/sessions/rcw-01rhzohs6sarhhp2xkz1oted/mnt/MVI_Brain_Tumor/masks/2428.png
train,/sessions/rcw-01rhzohs6sarhhp2xkz1oted/mnt/MVI_Brain_Tumor/images/780.png,/sessions/rcw-01rhzohs6sarhhp2xkz1oted/mnt/MVI_Brain_Tumor/masks/780.png
train,/sessions/rcw-01rhzohs6sarhhp2xkz1oted/mnt/MVI_Brain_Tumor/images/2182.png,/sessions/rcw-01rhzohs6sarhhp2xkz1oted/mnt/MVI_Brain_Tumor/masks/2182.png
train,/sessions/rcw-01rhzohs6sarhhp2xkz1oted/mnt/MVI_Brain_Tumor/images/2528.png,/sessions/rcw-01rhzohs6sarhhp2xkz1oted/mnt/MVI_Brain_Tumor/masks/2528.png
train,/sessions/rcw-01rhzohs6sarhhp2xkz1oted/mnt/MVI_Brain_Tumor/images/1135.png,/sessions/rcw-01rhzohs6sarhhp2xkz1oted/mnt/MVI_Brain_Tumor/masks/1135.png
train,/sessions/rcw-01rhzohs6sarhhp2xkz1oted/mnt/MVI_Brain_Tumor/images/818.png,/sessions/rcw-01rhzohs6sarhhp2xkz1oted/mnt/MVI_Brain_Tumor/masks/818.png
train,/sessions/rcw-01rhzohs6sarhhp2xkz1oted/mnt/MVI_Brain_Tumor/images/3003.png,/sessions/rcw-01rhzohs6sarhhp2xkz1oted/mnt/MVI_Brain_Tumor/masks/3003.png
train,/sessions/rcw-01rhzohs6sarhhp2xkz1oted/mnt/MVI_Brain_Tumor/images/1608.png,/sessions/rcw-01rhzohs6sarhhp2xkz1oted/mnt/MVI_Brain_Tumor/masks/1608.png
train,/sessions/rcw-01rhzohs6sarhhp2xkz1oted/mnt/MVI_Brain_Tumor/images/1602.png,/sessions/rcw-01rhzohs6sarhhp2xkz1oted/mnt/MVI_Brain_Tumor/masks/1602.png
train,/sessions/rcw-01rhzohs6sarhhp2xkz1oted/mnt/MVI_Brain_Tumor/images/1691.png,/sessions/rcw-01rhzohs6sarhhp2xkz1oted/mnt/MVI_Brain_Tumor/masks/1691.png
train,/sessions/rcw-01rhzohs6sarhhp2xkz1oted/mnt/MVI_Brain_Tumor/images/1133.png,/sessions/rcw-01rhzohs6sarhhp2xkz1oted/mnt/MVI_Brain_Tumor/masks/1133.png
train,/sessions/rcw-01rhzohs6sarhhp2xkz1oted/mnt/MVI_Brain_Tumor/images/2440.png,/sessions/rcw-01rhzohs6sarhhp2xkz1oted/mnt/MVI_Brain_Tumor/masks/2440.png
train,/sessions/rcw-01rhzohs6sarhhp2xkz1oted/mnt/MVI_Brain_Tumor/images/2010.png,/sessions/rcw-01rhzohs6sarhhp2xkz1oted/mnt/MVI_Brain_Tumor/masks/2010.png
train,/sessions/rcw-01rhzohs6sarhhp2xkz1oted/mnt/MVI_Brain_Tumor/images/2969.png,/sessions/rcw-01rhzohs6sarhhp2xkz1oted/mnt/MVI_Brain_Tumor/masks/2969.png
train,/sessions/rcw-01rhzohs6sarhhp2xkz1oted/mnt/MVI_Brain_Tumor/images/2680.png,/sessions/rcw-01rhzohs6sarhhp2xkz1oted/mnt/MVI_Brain_Tumor/masks/2680.png
train,/sessions/rcw-01rhzohs6sarhhp2xkz1oted/mnt/MVI_Brain_Tumor/images/725.png,/sessions/rcw-01rhzohs6sarhhp2xkz1oted/mnt/MVI_Brain_Tumor/masks/725.png
train,/sessions/rcw-01rhzohs6sarhhp2xkz1oted/mnt/MVI_Brain_Tumor/images/141.png,/sessions/rcw-01rhzohs6sarhhp2xkz1oted/mnt/MVI_Brain_Tumor/masks/141.png
train,/sessions/rcw-01rhzohs6sarhhp2xkz1oted/mnt/MVI_Brain_Tumor/images/1065.png,/sessions/rcw-01rhzohs6sarhhp2xkz1oted/mnt/MVI_Brain_Tumor/masks/1065.png
train,/sessions/rcw-01rhzohs6sarhhp2xkz1oted/mnt/MVI_Brain_Tumor/images/2787.png,/sessions/rcw-01rhzohs6sarhhp2xkz1oted/mnt/MVI_Brain_Tumor/masks/2787.png
train,/sessions/rcw-01rhzohs6sarhhp2xkz1oted/mnt/MVI_Brain_Tumor/images/2735.png,/sessions/rcw-01rhzohs6sarhhp2xkz1oted/mnt/MVI_Brain_Tumor/masks/2735.png
train,/sessions/rcw-01rhzohs6sarhhp2xkz1oted/mnt/MVI_Brain_Tumor/images/2496.png,/sessions/rcw-01rhzohs6sarhhp2xkz1oted/mnt/MVI_Brain_Tumor/masks/2496.png
train,/sessions/rcw-01rhzohs6sarhhp2xkz1oted/mnt/MVI_Brain_Tumor/images/2671.png,/sessions/rcw-01rhzohs6sarhhp2xkz1oted/mnt/MVI_Brain_Tumor/masks/2671.png
train,/sessions/rcw-01rhzohs6sarhhp2xkz1oted/mnt/MVI_Brain_Tumor/images/159.png,/sessions/rcw-01rhzohs6sarhhp2xkz1oted/mnt/MVI_Brain_Tumor/masks/159.png
train,/sessions/rcw-01rhzohs6sarhhp2xkz1oted/mnt/MVI_Brain_Tumor/images/2948.png,/sessions/rcw-01rhzohs6sarhhp2xkz1oted/mnt/MVI_Brain_Tumor/masks/2948.png
train,/sessions/rcw-01rhzohs6sarhhp2xkz1oted/mnt/MVI_Brain_Tumor/images/2797.png,/sessions/rcw-01rhzohs6sarhhp2xkz1oted/mnt/MVI_Brain_Tumor/masks/2797.png
train,/sessions/rcw-01rhzohs6sarhhp2xkz1oted/mnt/MVI_Brain_Tumor/images/2864.png,/sessions/rcw-01rhzohs6sarhhp2xkz1oted/mnt/MVI_Brain_Tumor/masks/2864.png
train,/sessions/rcw-01rhzohs6sarhhp2xkz1oted/mnt/MVI_Brain_Tumor/images/2581.png,/sessions/rcw-01rhzohs6sarhhp2xkz1oted/mnt/MVI_Brain_Tumor/masks/2581.png
train,/sessions/rcw-01rhzohs6sarhhp2xkz1oted/mnt/MVI_Brain_Tumor/images/861.png,/sessions/rcw-01rhzohs6sarhhp2xkz1oted/mnt/MVI_Brain_Tumor/masks/861.png
train,/sessions/rcw-01rhzohs6sarhhp2xkz1oted/mnt/MVI_Brain_Tumor/images/1106.png,/sessions/rcw-01rhzohs6sarhhp2xkz1oted/mnt/MVI_Brain_Tumor/masks/1106.png
train,/sessions/rcw-01rhzohs6sarhhp2xkz1oted/mnt/MVI_Brain_Tumor/images/2832.png,/sessions/rcw-01rhzohs6sarhhp2xkz1oted/mnt/MVI_Brain_Tumor/masks/2832.png
train,/sessions/rcw-01rhzohs6sarhhp2xkz1oted/mnt/MVI_Brain_Tumor/images/2479.png,/sessions/rcw-01rhzohs6sarhhp2xkz1oted/mnt/MVI_Brain_Tumor/masks/2479.png
train,/sessions/rcw-01rhzohs6sarhhp2xkz1oted/mnt/MVI_Brain_Tumor/images/3046.png,/sessions/rcw-01rhzohs6sarhhp2xkz1oted/mnt/MVI_Brain_Tumor/masks/3046.png
train,/sessions/rcw-01rhzohs6sarhhp2xkz1oted/mnt/MVI_Brain_Tumor/images/1628.png,/sessions/rcw-01rhzohs6sarhhp2xkz1oted/mnt/MVI_Brain_Tumor/masks/1628.png
train,/sessions/rcw-01rhzohs6sarhhp2xkz1oted/mnt/MVI_Brain_Tumor/images/1029.png,/sessions/rcw-01rhzohs6sarhhp2xkz1oted/mnt/MVI_Brain_Tumor/masks/1029.png
train,/sessions/rcw-01rhzohs6sarhhp2xkz1oted/mnt/MVI_Brain_Tumor/images/1281.png,/sessions/rcw-01rhzohs6sarhhp2xkz1oted/mnt/MVI_Brain_Tumor/masks/1281.png
train,/sessions/rcw-01rhzohs6sarhhp2xkz1oted/mnt/MVI_Brain_Tumor/images/1367.png,/sessions/rcw-01rhzohs6sarhhp2xkz1oted/mnt/MVI_Brain_Tumor/masks/1367.png
train,/sessions/rcw-01rhzohs6sarhhp2xkz1oted/mnt/MVI_Brain_Tumor/images/131.png,/sessions/rcw-01rhzohs6sarhhp2xkz1oted/mnt/MVI_Brain_Tumor/masks/131.png
train,/sessions/rcw-01rhzohs6sarhhp2xkz1oted/mnt/MVI_Brain_Tumor/images/1539.png,/sessions/rcw-01rhzohs6sarhhp2xkz1oted/mnt/MVI_Brain_Tumor/masks/1539.png
train,/sessions/rcw-01rhzohs6sarhhp2xkz1oted/mnt/MVI_Brain_Tumor/images/2361.png,/sessions/rcw-01rhzohs6sarhhp2xkz1oted/mnt/MVI_Brain_Tumor/masks/2361.png
train,/sessions/rcw-01rhzohs6sarhhp2xkz1oted/mnt/MVI_Brain_Tumor/images/2973.png,/sessions/rcw-01rhzohs6sarhhp2xkz1oted/mnt/MVI_Brain_Tumor/masks/2973.png
train,/sessions/rcw-01rhzohs6sarhhp2xkz1oted/mnt/MVI_Brain_Tumor/images/28.png,/sessions/rcw-01rhzohs6sarhhp2xkz1oted/mnt/MVI_Brain_Tumor/masks/28.png
train,/sessions/rcw-01rhzohs6sarhhp2xkz1oted/mnt/MVI_Brain_Tumor/images/1441.png,/sessions/rcw-01rhzohs6sarhhp2xkz1oted/mnt/MVI_Brain_Tumor/masks/1441.png
train,/sessions/rcw-01rhzohs6sarhhp2xkz1oted/mnt/MVI_Brain_Tumor/images/2238.png,/sessions/rcw-01rhzohs6sarhhp2xkz1oted/mnt/MVI_Brain_Tumor/masks/2238.png
train,/sessions/rcw-01rhzohs6sarhhp2xkz1oted/mnt/MVI_Brain_Tumor/images/779.png,/sessions/rcw-01rhzohs6sarhhp2xkz1oted/mnt/MVI_Brain_Tumor/masks/779.png
train,/sessions/rcw-01rhzohs6sarhhp2xkz1oted/mnt/MVI_Brain_Tumor/images/1897.png,/sessions/rcw-01rhzohs6sarhhp2xkz1oted/mnt/MVI_Brain_Tumor/masks/1897.png
train,/sessions/rcw-01rhzohs6sarhhp2xkz1oted/mnt/MVI_Brain_Tumor/images/3007.png,/sessions/rcw-01rhzohs6sarhhp2xkz1oted/mnt/MVI_Brain_Tumor/masks/3007.png
train,/sessions/rcw-01rhzohs6sarhhp2xkz1oted/mnt/MVI_Brain_Tumor/images/577.png,/sessions/rcw-01rhzohs6sarhhp2xkz1oted/mnt/MVI_Brain_Tumor/masks/577.png
train,/sessions/rcw-01rhzohs6sarhhp2xkz1oted/mnt/MVI_Brain_Tumor/images/536.png,/sessions/rcw-01rhzohs6sarhhp2xkz1oted/mnt/MVI_Brain_Tumor/masks/536.png
train,/sessions/rcw-01rhzohs6sarhhp2xkz1oted/mnt/MVI_Brain_Tumor/images/3045.png,/sessions/rcw-01rhzohs6sarhhp2xkz1oted/mnt/MVI_Brain_Tumor/masks/3045.png
train,/sessions/rcw-01rhzohs6sarhhp2xkz1oted/mnt/MVI_Brain_Tumor/images/3053.png,/sessions/rcw-01rhzohs6sarhhp2xkz1oted/mnt/MVI_Brain_Tumor/masks/3053.png
train,/sessions/rcw-01rhzohs6sarhhp2xkz1oted/mnt/MVI_Brain_Tumor/images/1462.png,/sessions/rcw-01rhzohs6sarhhp2xkz1oted/mnt/MVI_Brain_Tumor/masks/1462.png
train,/sessions/rcw-01rhzohs6sarhhp2xkz1oted/mnt/MVI_Brain_Tumor/images/552.png,/sessions/rcw-01rhzohs6sarhhp2xkz1oted/mnt/MVI_Brain_Tumor/masks/552.png
train,/sessions/rcw-01rhzohs6sarhhp2xkz1oted/mnt/MVI_Brain_Tumor/images/1179.png,/sessions/rcw-01rhzohs6sarhhp2xkz1oted/mnt/MVI_Brain_Tumor/masks/1179.png
train,/sessions/rcw-01rhzohs6sarhhp2xkz1oted/mnt/MVI_Brain_Tumor/images/2895.png,/sessions/rcw-01rhzohs6sarhhp2xkz1oted/mnt/MVI_Brain_Tumor/masks/2895.png
train,/sessions/rcw-01rhzohs6sarhhp2xkz1oted/mnt/MVI_Brain_Tumor/images/2516.png,/sessions/rcw-01rhzohs6sarhhp2xkz1oted/mnt/MVI_Brain_Tumor/masks/2516.png
train,/sessions/rcw-01rhzohs6sarhhp2xkz1oted/mnt/MVI_Brain_Tumor/images/2633.png,/sessions/rcw-01rhzohs6sarhhp2xkz1oted/mnt/MVI_Brain_Tumor/masks/2633.png
train,/sessions/rcw-01rhzohs6sarhhp2xkz1oted/mnt/MVI_Brain_Tumor/images/18.png,/sessions/rcw-01rhzohs6sarhhp2xkz1oted/mnt/MVI_Brain_Tumor/masks/18.png
train,/sessions/rcw-01rhzohs6sarhhp2xkz1oted/mnt/MVI_Brain_Tumor/images/295.png,/sessions/rcw-01rhzohs6sarhhp2xkz1oted/mnt/MVI_Brain_Tumor/masks/295.png
train,/sessions/rcw-01rhzohs6sarhhp2xkz1oted/mnt/MVI_Brain_Tumor/images/1126.png,/sessions/rcw-01rhzohs6sarhhp2xkz1oted/mnt/MVI_Brain_Tumor/masks/1126.png
train,/sessions/rcw-01rhzohs6sarhhp2xkz1oted/mnt/MVI_Brain_Tumor/images/1080.png,/sessions/rcw-01rhzohs6sarhhp2xkz1oted/mnt/MVI_Brain_Tumor/masks/1080.png
train,/sessions/rcw-01rhzohs6sarhhp2xkz1oted/mnt/MVI_Brain_Tumor/images/1519.png,/sessions/rcw-01rhzohs6sarhhp2xkz1oted/mnt/MVI_Brain_Tumor/masks/1519.png
train,/sessions/rcw-01rhzohs6sarhhp2xkz1oted/mnt/MVI_Brain_Tumor/images/1768.png,/sessions/rcw-01rhzohs6sarhhp2xkz1oted/mnt/MVI_Brain_Tumor/masks/1768.png
train,/sessions/rcw-01rhzohs6sarhhp2xkz1oted/mnt/MVI_Brain_Tumor/images/2460.png,/sessions/rcw-01rhzohs6sarhhp2xkz1oted/mnt/MVI_Brain_Tumor/masks/2460.png
train,/sessions/rcw-01rhzohs6sarhhp2xkz1oted/mnt/MVI_Brain_Tumor/images/2282.png,/sessions/rcw-01rhzohs6sarhhp2xkz1oted/mnt/MVI_Brain_Tumor/masks/2282.png
train,/sessions/rcw-01rhzohs6sarhhp2xkz1oted/mnt/MVI_Brain_Tumor/images/592.png,/sessions/rcw-01rhzohs6sarhhp2xkz1oted/mnt/MVI_Brain_Tumor/masks/592.png
train,/sessions/rcw-01rhzohs6sarhhp2xkz1oted/mnt/MVI_Brain_Tumor/images/1332.png,/sessions/rcw-01rhzohs6sarhhp2xkz1oted/mnt/MVI_Brain_Tumor/masks/1332.png
train,/sessions/rcw-01rhzohs6sarhhp2xkz1oted/mnt/MVI_Brain_Tumor/images/1601.png,/sessions/rcw-01rhzohs6sarhhp2xkz1oted/mnt/MVI_Brain_Tumor/masks/1601.png
train,/sessions/rcw-01rhzohs6sarhhp2xkz1oted/mnt/MVI_Brain_Tumor/images/2551.png,/sessions/rcw-01rhzohs6sarhhp2xkz1oted/mnt/MVI_Brain_Tumor/masks/2551.png
train,/sessions/rcw-01rhzohs6sarhhp2xkz1oted/mnt/MVI_Brain_Tumor/images/817.png,/sessions/rcw-01rhzohs6sarhhp2xkz1oted/mnt/MVI_Brain_Tumor/masks/817.png
train,/sessions/rcw-01rhzohs6sarhhp2xkz1oted/mnt/MVI_Brain_Tumor/images/1753.png,/sessions/rcw-01rhzohs6sarhhp2xkz1oted/mnt/MVI_Brain_Tumor/masks/1753.png
train,/sessions/rcw-01rhzohs6sarhhp2xkz1oted/mnt/MVI_Brain_Tumor/images/1017.png,/sessions/rcw-01rhzohs6sarhhp2xkz1oted/mnt/MVI_Brain_Tumor/masks/1017.png
train,/sessions/rcw-01rhzohs6sarhhp2xkz1oted/mnt/MVI_Brain_Tumor/images/2569.png,/sessions/rcw-01rhzohs6sarhhp2xkz1oted/mnt/MVI_Brain_Tumor/masks/2569.png
train,/sessions/rcw-01rhzohs6sarhhp2xkz1oted/mnt/MVI_Brain_Tumor/images/721.png,/sessions/rcw-01rhzohs6sarhhp2xkz1oted/mnt/MVI_Brain_Tumor/masks/721.png
train,/sessions/rcw-01rhzohs6sarhhp2xkz1oted/mnt/MVI_Brain_Tumor/images/30.png,/sessions/rcw-01rhzohs6sarhhp2xkz1oted/mnt/MVI_Brain_Tumor/masks/30.png
train,/sessions/rcw-01rhzohs6sarhhp2xkz1oted/mnt/MVI_Brain_Tumor/images/913.png,/sessions/rcw-01rhzohs6sarhhp2xkz1oted/mnt/MVI_Brain_Tumor/masks/913.png
train,/sessions/rcw-01rhzohs6sarhhp2xkz1oted/mnt/MVI_Brain_Tumor/images/2795.png,/sessions/rcw-01rhzohs6sarhhp2xkz1oted/mnt/MVI_Brain_Tumor/masks/2795.png
train,/sessions/rcw-01rhzohs6sarhhp2xkz1oted/mnt/MVI_Brain_Tumor/images/2859.png,/sessions/rcw-01rhzohs6sarhhp2xkz1oted/mnt/MVI_Brain_Tumor/masks/2859.png
train,/sessions/rcw-01rhzohs6sarhhp2xkz1oted/mnt/MVI_Brain_Tumor/images/1622.png,/sessions/rcw-01rhzohs6sarhhp2xkz1oted/mnt/MVI_Brain_Tumor/masks/1622.png
train,/sessions/rcw-01rhzohs6sarhhp2xkz1oted/mnt/MVI_Brain_Tumor/images/2197.png,/sessions/rcw-01rhzohs6sarhhp2xkz1oted/mnt/MVI_Brain_Tumor/masks/2197.png
train,/sessions/rcw-01rhzohs6sarhhp2xkz1oted/mnt/MVI_Brain_Tumor/images/1028.png,/sessions/rcw-01rhzohs6sarhhp2xkz1oted/mnt/MVI_Brain_Tumor/masks/1028.png
train,/sessions/rcw-01rhzohs6sarhhp2xkz1oted/mnt/MVI_Brain_Tumor/images/2376.png,/sessions/rcw-01rhzohs6sarhhp2xkz1oted/mnt/MVI_Brain_Tumor/masks/2376.png
train,/sessions/rcw-01rhzohs6sarhhp2xkz1oted/mnt/MVI_Brain_Tumor/images/2782.png,/sessions/rcw-01rhzohs6sarhhp2xkz1oted/mnt/MVI_Brain_Tumor/masks/2782.png
train,/sessions/rcw-01rhzohs6sarhhp2xkz1oted/mnt/MVI_Brain_Tumor/images/563.png,/sessions/rcw-01rhzohs6sarhhp2xkz1oted/mnt/MVI_Brain_Tumor/masks/563.png
train,/sessions/rcw-01rhzohs6sarhhp2xkz1oted/mnt/MVI_Brain_Tumor/images/2074.png,/sessions/rcw-01rhzohs6sarhhp2xkz1oted/mnt/MVI_Brain_Tumor/masks/2074.png
train,/sessions/rcw-01rhzohs6sarhhp2xkz1oted/mnt/MVI_Brain_Tumor/images/1084.png,/sessions/rcw-01rhzohs6sarhhp2xkz1oted/mnt/MVI_Brain_Tumor/masks/1084.png
train,/sessions/rcw-01rhzohs6sarhhp2xkz1oted/mnt/MVI_Brain_Tumor/images/393.png,/sessions/rcw-01rhzohs6sarhhp2xkz1oted/mnt/MVI_Brain_Tumor/masks/393.png
train,/sessions/rcw-01rhzohs6sarhhp2xkz1oted/mnt/MVI_Brain_Tumor/images/1913.png,/sessions/rcw-01rhzohs6sarhhp2xkz1oted/mnt/MVI_Brain_Tumor/masks/1913.png
train,/sessions/rcw-01rhzohs6sarhhp2xkz1oted/mnt/MVI_Brain_Tumor/images/2154.png,/sessions/rcw-01rhzohs6sarhhp2xkz1oted/mnt/MVI_Brain_Tumor/masks/2154.png
train,/sessions/rcw-01rhzohs6sarhhp2xkz1oted/mnt/MVI_Brain_Tumor/images/811.png,/sessions/rcw-01rhzohs6sarhhp2xkz1oted/mnt/MVI_Brain_Tumor/masks/811.png
train,/sessions/rcw-01rhzohs6sarhhp2xkz1oted/mnt/MVI_Brain_Tumor/images/914.png,/sessions/rcw-01rhzohs6sarhhp2xkz1oted/mnt/MVI_Brain_Tumor/masks/914.png
train,/sessions/rcw-01rhzohs6sarhhp2xkz1oted/mnt/MVI_Brain_Tumor/images/372.png,/sessions/rcw-01rhzohs6sarhhp2xkz1oted/mnt/MVI_Brain_Tumor/masks/372.png
train,/sessions/rcw-01rhzohs6sarhhp2xkz1oted/mnt/MVI_Brain_Tumor/images/312.png,/sessions/rcw-01rhzohs6sarhhp2xkz1oted/mnt/MVI_Brain_Tumor/masks/312.png
train,/sessions/rcw-01rhzohs6sarhhp2xkz1oted/mnt/MVI_Brain_Tumor/images/1523.png,/sessions/rcw-01rhzohs6sarhhp2xkz1oted/mnt/MVI_Brain_Tumor/masks/1523.png
train,/sessions/rcw-01rhzohs6sarhhp2xkz1oted/mnt/MVI_Brain_Tumor/images/1599.png,/sessions/rcw-01rhzohs6sarhhp2xkz1oted/mnt/MVI_Brain_Tumor/masks/1599.png
train,/sessions/rcw-01rhzohs6sarhhp2xkz1oted/mnt/MVI_Brain_Tumor/images/900.png,/sessions/rcw-01rhzohs6sarhhp2xkz1oted/mnt/MVI_Brain_Tumor/masks/900.png
train,/sessions/rcw-01rhzohs6sarhhp2xkz1oted/mnt/MVI_Brain_Tumor/images/351.png,/sessions/rcw-01rhzohs6sarhhp2xkz1oted/mnt/MVI_Brain_Tumor/masks/351.png
train,/sessions/rcw-01rhzohs6sarhhp2xkz1oted/mnt/MVI_Brain_Tumor/images/2748.png,/sessions/rcw-01rhzohs6sarhhp2xkz1oted/mnt/MVI_Brain_Tumor/masks/2748.png
train,/sessions/rcw-01rhzohs6sarhhp2xkz1oted/mnt/MVI_Brain_Tumor/images/1304.png,/sessions/rcw-01rhzohs6sarhhp2xkz1oted/mnt/MVI_Brain_Tumor/masks/1304.png
train,/sessions/rcw-01rhzohs6sarhhp2xkz1oted/mnt/MVI_Brain_Tumor/images/2796.png,/sessions/rcw-01rhzohs6sarhhp2xkz1oted/mnt/MVI_Brain_Tumor/masks/2796.png
train,/sessions/rcw-01rhzohs6sarhhp2xkz1oted/mnt/MVI_Brain_Tumor/images/510.png,/sessions/rcw-01rhzohs6sarhhp2xkz1oted/mnt/MVI_Brain_Tumor/masks/510.png
train,/sessions/rcw-01rhzohs6sarhhp2xkz1oted/mnt/MVI_Brain_Tumor/images/2453.png,/sessions/rcw-01rhzohs6sarhhp2xkz1oted/mnt/MVI_Brain_Tumor/masks/2453.png
train,/sessions/rcw-01rhzohs6sarhhp2xkz1oted/mnt/MVI_Brain_Tumor/images/1713.png,/sessions/rcw-01rhzohs6sarhhp2xkz1oted/mnt/MVI_Brain_Tumor/masks/1713.png
train,/sessions/rcw-01rhzohs6sarhhp2xkz1oted/mnt/MVI_Brain_Tumor/images/864.png,/sessions/rcw-01rhzohs6sarhhp2xkz1oted/mnt/MVI_Brain_Tumor/masks/864.png
train,/sessions/rcw-01rhzohs6sarhhp2xkz1oted/mnt/MVI_Brain_Tumor/images/1765.png,/sessions/rcw-01rhzohs6sarhhp2xkz1oted/mnt/MVI_Brain_Tumor/masks/1765.png
train,/sessions/rcw-01rhzohs6sarhhp2xkz1oted/mnt/MVI_Brain_Tumor/images/2929.png,/sessions/rcw-01rhzohs6sarhhp2xkz1oted/mnt/MVI_Brain_Tumor/masks/2929.png
train,/sessions/rcw-01rhzohs6sarhhp2xkz1oted/mnt/MVI_Brain_Tumor/images/2497.png,/sessions/rcw-01rhzohs6sarhhp2xkz1oted/mnt/MVI_Brain_Tumor/masks/2497.png
train,/sessions/rcw-01rhzohs6sarhhp2xkz1oted/mnt/MVI_Brain_Tumor/images/1312.png,/sessions/rcw-01rhzohs6sarhhp2xkz1oted/mnt/MVI_Brain_Tumor/masks/1312.png
train,/sessions/rcw-01rhzohs6sarhhp2xkz1oted/mnt/MVI_Brain_Tumor/images/1203.png,/sessions/rcw-01rhzohs6sarhhp2xkz1oted/mnt/MVI_Brain_Tumor/masks/1203.png
train,/sessions/rcw-01rhzohs6sarhhp2xkz1oted/mnt/MVI_Brain_Tumor/images/2936.png,/sessions/rcw-01rhzohs6sarhhp2xkz1oted/mnt/MVI_Brain_Tumor/masks/2936.png
train,/sessions/rcw-01rhzohs6sarhhp2xkz1oted/mnt/MVI_Brain_Tumor/images/949.png,/sessions/rcw-01rhzohs6sarhhp2xkz1oted/mnt/MVI_Brain_Tumor/masks/949.png
train,/sessions/rcw-01rhzohs6sarhhp2xkz1oted/mnt/MVI_Brain_Tumor/images/2023.png,/sessions/rcw-01rhzohs6sarhhp2xkz1oted/mnt/MVI_Brain_Tumor/masks/2023.png
train,/sessions/rcw-01rhzohs6sarhhp2xkz1oted/mnt/MVI_Brain_Tumor/images/198.png,/sessions/rcw-01rhzohs6sarhhp2xkz1oted/mnt/MVI_Brain_Tumor/masks/198.png
train,/sessions/rcw-01rhzohs6sarhhp2xkz1oted/mnt/MVI_Brain_Tumor/images/2747.png,/sessions/rcw-01rhzohs6sarhhp2xkz1oted/mnt/MVI_Brain_Tumor/masks/2747.png
train,/sessions/rcw-01rhzohs6sarhhp2xkz1oted/mnt/MVI_Brain_Tumor/images/1342.png,/sessions/rcw-01rhzohs6sarhhp2xkz1oted/mnt/MVI_Brain_Tumor/masks/1342.png
train,/sessions/rcw-01rhzohs6sarhhp2xkz1oted/mnt/MVI_Brain_Tumor/images/912.png,/sessions/rcw-01rhzohs6sarhhp2xkz1oted/mnt/MVI_Brain_Tumor/masks/912.png
train,/sessions/rcw-01rhzohs6sarhhp2xkz1oted/mnt/MVI_Brain_Tumor/images/2392.png,/sessions/rcw-01rhzohs6sarhhp2xkz1oted/mnt/MVI_Brain_Tumor/masks/2392.png
train,/sessions/rcw-01rhzohs6sarhhp2xkz1oted/mnt/MVI_Brain_Tumor/images/2153.png,/sessions/rcw-01rhzohs6sarhhp2xkz1oted/mnt/MVI_Brain_Tumor/masks/2153.png
train,/sessions/rcw-01rhzohs6sarhhp2xkz1oted/mnt/MVI_Brain_Tumor/images/910.png,/sessions/rcw-01rhzohs6sarhhp2xkz1oted/mnt/MVI_Brain_Tumor/masks/910.png
train,/sessions/rcw-01rhzohs6sarhhp2xkz1oted/mnt/MVI_Brain_Tumor/images/1656.png,/sessions/rcw-01rhzohs6sarhhp2xkz1oted/mnt/MVI_Brain_Tumor/masks/1656.png
train,/sessions/rcw-01rhzohs6sarhhp2xkz1oted/mnt/MVI_Brain_Tumor/images/1654.png,/sessions/rcw-01rhzohs6sarhhp2xkz1oted/mnt/MVI_Brain_Tumor/masks/1654.png
train,/sessions/rcw-01rhzohs6sarhhp2xkz1oted/mnt/MVI_Brain_Tumor/images/171.png,/sessions/rcw-01rhzohs6sarhhp2xkz1oted/mnt/MVI_Brain_Tumor/masks/171.png
train,/sessions/rcw-01rhzohs6sarhhp2xkz1oted/mnt/MVI_Brain_Tumor/images/452.png,/sessions/rcw-01rhzohs6sarhhp2xkz1oted/mnt/MVI_Brain_Tumor/masks/452.png
train,/sessions/rcw-01rhzohs6sarhhp2xkz1oted/mnt/MVI_Brain_Tumor/images/1033.png,/sessions/rcw-01rhzohs6sarhhp2xkz1oted/mnt/MVI_Brain_Tumor/masks/1033.png
train,/sessions/rcw-01rhzohs6sarhhp2xkz1oted/mnt/MVI_Brain_Tumor/images/637.png,/sessions/rcw-01rhzohs6sarhhp2xkz1oted/mnt/MVI_Brain_Tumor/masks/637.png
train,/sessions/rcw-01rhzohs6sarhhp2xkz1oted/mnt/MVI_Brain_Tumor/images/1872.png,/sessions/rcw-01rhzohs6sarhhp2xkz1oted/mnt/MVI_Brain_Tumor/masks/1872.png
train,/sessions/rcw-01rhzohs6sarhhp2xkz1oted/mnt/MVI_Brain_Tumor/images/920.png,/sessions/rcw-01rhzohs6sarhhp2xkz1oted/mnt/MVI_Brain_Tumor/masks/920.png
train,/sessions/rcw-01rhzohs6sarhhp2xkz1oted/mnt/MVI_Brain_Tumor/images/886.png,/sessions/rcw-01rhzohs6sarhhp2xkz1oted/mnt/MVI_Brain_Tumor/masks/886.png
train,/sessions/rcw-01rhzohs6sarhhp2xkz1oted/mnt/MVI_Brain_Tumor/images/2791.png,/sessions/rcw-01rhzohs6sarhhp2xkz1oted/mnt/MVI_Brain_Tumor/masks/2791.png
train,/sessions/rcw-01rhzohs6sarhhp2xkz1oted/mnt/MVI_Brain_Tumor/images/1939.png,/sessions/rcw-01rhzohs6sarhhp2xkz1oted/mnt/MVI_Brain_Tumor/masks/1939.png
train,/sessions/rcw-01rhzohs6sarhhp2xkz1oted/mnt/MVI_Brain_Tumor/images/2750.png,/sessions/rcw-01rhzohs6sarhhp2xkz1oted/mnt/MVI_Brain_Tumor/masks/2750.png
train,/sessions/rcw-01rhzohs6sarhhp2xkz1oted/mnt/MVI_Brain_Tumor/images/365.png,/sessions/rcw-01rhzohs6sarhhp2xkz1oted/mnt/MVI_Brain_Tumor/masks/365.png
train,/sessions/rcw-01rhzohs6sarhhp2xkz1oted/mnt/MVI_Brain_Tumor/images/302.png,/sessions/rcw-01rhzohs6sarhhp2xkz1oted/mnt/MVI_Brain_Tumor/masks/302.png
train,/sessions/rcw-01rhzohs6sarhhp2xkz1oted/mnt/MVI_Brain_Tumor/images/2947.png,/sessions/rcw-01rhzohs6sarhhp2xkz1oted/mnt/MVI_Brain_Tumor/masks/2947.png
train,/sessions/rcw-01rhzohs6sarhhp2xkz1oted/mnt/MVI_Brain_Tumor/images/2122.png,/sessions/rcw-01rhzohs6sarhhp2xkz1oted/mnt/MVI_Brain_Tumor/masks/2122.png
train,/sessions/rcw-01rhzohs6sarhhp2xkz1oted/mnt/MVI_Brain_Tumor/images/2499.png,/sessions/rcw-01rhzohs6sarhhp2xkz1oted/mnt/MVI_Brain_Tumor/masks/2499.png
train,/sessions/rcw-01rhzohs6sarhhp2xkz1oted/mnt/MVI_Brain_Tumor/images/1379.png,/sessions/rcw-01rhzohs6sarhhp2xkz1oted/mnt/MVI_Brain_Tumor/masks/1379.png
train,/sessions/rcw-01rhzohs6sarhhp2xkz1oted/mnt/MVI_Brain_Tumor/images/1044.png,/sessions/rcw-01rhzohs6sarhhp2xkz1oted/mnt/MVI_Brain_Tumor/masks/1044.png
train,/sessions/rcw-01rhzohs6sarhhp2xkz1oted/mnt/MVI_Brain_Tumor/images/546.png,/sessions/rcw-01rhzohs6sarhhp2xkz1oted/mnt/MVI_Brain_Tumor/masks/546.png
train,/sessions/rcw-01rhzohs6sarhhp2xkz1oted/mnt/MVI_Brain_Tumor/images/1226.png,/sessions/rcw-01rhzohs6sarhhp2xkz1oted/mnt/MVI_Brain_Tumor/masks/1226.png
train,/sessions/rcw-01rhzohs6sarhhp2xkz1oted/mnt/MVI_Brain_Tumor/images/2193.png,/sessions/rcw-01rhzohs6sarhhp2xkz1oted/mnt/MVI_Brain_Tumor/masks/2193.png
train,/sessions/rcw-01rhzohs6sarhhp2xkz1oted/mnt/MVI_Brain_Tumor/images/2149.png,/sessions/rcw-01rhzohs6sarhhp2xkz1oted/mnt/MVI_Brain_Tumor/masks/2149.png
train,/sessions/rcw-01rhzohs6sarhhp2xkz1oted/mnt/MVI_Brain_Tumor/images/1962.png,/sessions/rcw-01rhzohs6sarhhp2xkz1oted/mnt/MVI_Brain_Tumor/masks/1962.png
train,/sessions/rcw-01rhzohs6sarhhp2xkz1oted/mnt/MVI_Brain_Tumor/images/1852.png,/sessions/rcw-01rhzohs6sarhhp2xkz1oted/mnt/MVI_Brain_Tumor/masks/1852.png
train,/sessions/rcw-01rhzohs6sarhhp2xkz1oted/mnt/MVI_Brain_Tumor/images/742.png,/sessions/rcw-01rhzohs6sarhhp2xkz1oted/mnt/MVI_Brain_Tumor/masks/742.png
train,/sessions/rcw-01rhzohs6sarhhp2xkz1oted/mnt/MVI_Brain_Tumor/images/1165.png,/sessions/rcw-01rhzohs6sarhhp2xkz1oted/mnt/MVI_Brain_Tumor/masks/1165.png
train,/sessions/rcw-01rhzohs6sarhhp2xkz1oted/mnt/MVI_Brain_Tumor/images/1045.png,/sessions/rcw-01rhzohs6sarhhp2xkz1oted/mnt/MVI_Brain_Tumor/masks/1045.png
train,/sessions/rcw-01rhzohs6sarhhp2xkz1oted/mnt/MVI_Brain_Tumor/images/202.png,/sessions/rcw-01rhzohs6sarhhp2xkz1oted/mnt/MVI_Brain_Tumor/masks/202.png
train,/sessions/rcw-01rhzohs6sarhhp2xkz1oted/mnt/MVI_Brain_Tumor/images/248.png,/sessions/rcw-01rhzohs6sarhhp2xkz1oted/mnt/MVI_Brain_Tumor/masks/248.png
train,/sessions/rcw-01rhzohs6sarhhp2xkz1oted/mnt/MVI_Brain_Tumor/images/2691.png,/sessions/rcw-01rhzohs6sarhhp2xkz1oted/mnt/MVI_Brain_Tumor/masks/2691.png
train,/sessions/rcw-01rhzohs6sarhhp2xkz1oted/mnt/MVI_Brain_Tumor/images/2323.png,/sessions/rcw-01rhzohs6sarhhp2xkz1oted/mnt/MVI_Brain_Tumor/masks/2323.png
train,/sessions/rcw-01rhzohs6sarhhp2xkz1oted/mnt/MVI_Brain_Tumor/images/1104.png,/sessions/rcw-01rhzohs6sarhhp2xkz1oted/mnt/MVI_Brain_Tumor/masks/1104.png
train,/sessions/rcw-01rhzohs6sarhhp2xkz1oted/mnt/MVI_Brain_Tumor/images/1958.png,/sessions/rcw-01rhzohs6sarhhp2xkz1oted/mnt/MVI_Brain_Tumor/masks/1958.png
train,/sessions/rcw-01rhzohs6sarhhp2xkz1oted/mnt/MVI_Brain_Tumor/images/493.png,/sessions/rcw-01rhzohs6sarhhp2xkz1oted/mnt/MVI_Brain_Tumor/masks/493.png
train,/sessions/rcw-01rhzohs6sarhhp2xkz1oted/mnt/MVI_Brain_Tumor/images/3050.png,/sessions/rcw-01rhzohs6sarhhp2xkz1oted/mnt/MVI_Brain_Tumor/masks/3050.png
train,/sessions/rcw-01rhzohs6sarhhp2xkz1oted/mnt/MVI_Brain_Tumor/images/92.png,/sessions/rcw-01rhzohs6sarhhp2xkz1oted/mnt/MVI_Brain_Tumor/masks/92.png
train,/sessions/rcw-01rhzohs6sarhhp2xkz1oted/mnt/MVI_Brain_Tumor/images/2176.png,/sessions/rcw-01rhzohs6sarhhp2xkz1oted/mnt/MVI_Brain_Tumor/masks/2176.png
train,/sessions/rcw-01rhzohs6sarhhp2xkz1oted/mnt/MVI_Brain_Tumor/images/132.png,/sessions/rcw-01rhzohs6sarhhp2xkz1oted/mnt/MVI_Brain_Tumor/masks/132.png
train,/sessions/rcw-01rhzohs6sarhhp2xkz1oted/mnt/MVI_Brain_Tumor/images/2105.png,/sessions/rcw-01rhzohs6sarhhp2xkz1oted/mnt/MVI_Brain_Tumor/masks/2105.png
train,/sessions/rcw-01rhzohs6sarhhp2xkz1oted/mnt/MVI_Brain_Tumor/images/2635.png,/sessions/rcw-01rhzohs6sarhhp2xkz1oted/mnt/MVI_Brain_Tumor/masks/2635.png
train,/sessions/rcw-01rhzohs6sarhhp2xkz1oted/mnt/MVI_Brain_Tumor/images/247.png,/sessions/rcw-01rhzohs6sarhhp2xkz1oted/mnt/MVI_Brain_Tumor/masks/247.png
train,/sessions/rcw-01rhzohs6sarhhp2xkz1oted/mnt/MVI_Brain_Tumor/images/2858.png,/sessions/rcw-01rhzohs6sarhhp2xkz1oted/mnt/MVI_Brain_Tumor/masks/2858.png
train,/sessions/rcw-01rhzohs6sarhhp2xkz1oted/mnt/MVI_Brain_Tumor/images/788.png,/sessions/rcw-01rhzohs6sarhhp2xkz1oted/mnt/MVI_Brain_Tumor/masks/788.png
train,/sessions/rcw-01rhzohs6sarhhp2xkz1oted/mnt/MVI_Brain_Tumor/images/1819.png,/sessions/rcw-01rhzohs6sarhhp2xkz1oted/mnt/MVI_Brain_Tumor/masks/1819.png
train,/sessions/rcw-01rhzohs6sarhhp2xkz1oted/mnt/MVI_Brain_Tumor/images/2653.png,/sessions/rcw-01rhzohs6sarhhp2xkz1oted/mnt/MVI_Brain_Tumor/masks/2653.png
train,/sessions/rcw-01rhzohs6sarhhp2xkz1oted/mnt/MVI_Brain_Tumor/images/402.png,/sessions/rcw-01rhzohs6sarhhp2xkz1oted/mnt/MVI_Brain_Tumor/masks/402.png
train,/sessions/rcw-01rhzohs6sarhhp2xkz1oted/mnt/MVI_Brain_Tumor/images/1529.png,/sessions/rcw-01rhzohs6sarhhp2xkz1oted/mnt/MVI_Brain_Tumor/masks/1529.png
train,/sessions/rcw-01rhzohs6sarhhp2xkz1oted/mnt/MVI_Brain_Tumor/images/1370.png,/sessions/rcw-01rhzohs6sarhhp2xkz1oted/mnt/MVI_Brain_Tumor/masks/1370.png
train,/sessions/rcw-01rhzohs6sarhhp2xkz1oted/mnt/MVI_Brain_Tumor/images/2771.png,/sessions/rcw-01rhzohs6sarhhp2xkz1oted/mnt/MVI_Brain_Tumor/masks/2771.png
train,/sessions/rcw-01rhzohs6sarhhp2xkz1oted/mnt/MVI_Brain_Tumor/images/2374.png,/sessions/rcw-01rhzohs6sarhhp2xkz1oted/mnt/MVI_Brain_Tumor/masks/2374.png
train,/sessions/rcw-01rhzohs6sarhhp2xkz1oted/mnt/MVI_Brain_Tumor/images/1100.png,/sessions/rcw-01rhzohs6sarhhp2xkz1oted/mnt/MVI_Brain_Tumor/masks/1100.png
train,/sessions/rcw-01rhzohs6sarhhp2xkz1oted/mnt/MVI_Brain_Tumor/images/223.png,/sessions/rcw-01rhzohs6sarhhp2xkz1oted/mnt/MVI_Brain_Tumor/masks/223.png
train,/sessions/rcw-01rhzohs6sarhhp2xkz1oted/mnt/MVI_Brain_Tumor/images/1228.png,/sessions/rcw-01rhzohs6sarhhp2xkz1oted/mnt/MVI_Brain_Tumor/masks/1228.png
train,/sessions/rcw-01rhzohs6sarhhp2xkz1oted/mnt/MVI_Brain_Tumor/images/993.png,/sessions/rcw-01rhzohs6sarhhp2xkz1oted/mnt/MVI_Brain_Tumor/masks/993.png
train,/sessions/rcw-01rhzohs6sarhhp2xkz1oted/mnt/MVI_Brain_Tumor/images/1940.png,/sessions/rcw-01rhzohs6sarhhp2xkz1oted/mnt/MVI_Brain_Tumor/masks/1940.png
train,/sessions/rcw-01rhzohs6sarhhp2xkz1oted/mnt/MVI_Brain_Tumor/images/3016.png,/sessions/rcw-01rhzohs6sarhhp2xkz1oted/mnt/MVI_Brain_Tumor/masks/3016.png
train,/sessions/rcw-01rhzohs6sarhhp2xkz1oted/mnt/MVI_Brain_Tumor/images/231.png,/sessions/rcw-01rhzohs6sarhhp2xkz1oted/mnt/MVI_Brain_Tumor/masks/231.png
train,/sessions/rcw-01rhzohs6sarhhp2xkz1oted/mnt/MVI_Brain_Tumor/images/529.png,/sessions/rcw-01rhzohs6sarhhp2xkz1oted/mnt/MVI_Brain_Tumor/masks/529.png
train,/sessions/rcw-01rhzohs6sarhhp2xkz1oted/mnt/MVI_Brain_Tumor/images/1932.png,/sessions/rcw-01rhzohs6sarhhp2xkz1oted/mnt/MVI_Brain_Tumor/masks/1932.png
train,/sessions/rcw-01rhzohs6sarhhp2xkz1oted/mnt/MVI_Brain_Tumor/images/2171.png,/sessions/rcw-01rhzohs6sarhhp2xkz1oted/mnt/MVI_Brain_Tumor/masks/2171.png
train,/sessions/rcw-01rhzohs6sarhhp2xkz1oted/mnt/MVI_Brain_Tumor/images/2974.png,/sessions/rcw-01rhzohs6sarhhp2xkz1oted/mnt/MVI_Brain_Tumor/masks/2974.png
train,/sessions/rcw-01rhzohs6sarhhp2xkz1oted/mnt/MVI_Brain_Tumor/images/2719.png,/sessions/rcw-01rhzohs6sarhhp2xkz1oted/mnt/MVI_Brain_Tumor/masks/2719.png
train,/sessions/rcw-01rhzohs6sarhhp2xkz1oted/mnt/MVI_Brain_Tumor/images/1122.png,/sessions/rcw-01rhzohs6sarhhp2xkz1oted/mnt/MVI_Brain_Tumor/masks/1122.png
train,/sessions/rcw-01rhzohs6sarhhp2xkz1oted/mnt/MVI_Brain_Tumor/images/2230.png,/sessions/rcw-01rhzohs6sarhhp2xkz1oted/mnt/MVI_Brain_Tumor/masks/2230.png
train,/sessions/rcw-01rhzohs6sarhhp2xkz1oted/mnt/MVI_Brain_Tumor/images/2397.png,/sessions/rcw-01rhzohs6sarhhp2xkz1oted/mnt/MVI_Brain_Tumor/masks/2397.png
train,/sessions/rcw-01rhzohs6sarhhp2xkz1oted/mnt/MVI_Brain_Tumor/images/2407.png,/sessions/rcw-01rhzohs6sarhhp2xkz1oted/mnt/MVI_Brain_Tumor/masks/2407.png
train,/sessions/rcw-01rhzohs6sarhhp2xkz1oted/mnt/MVI_Brain_Tumor/images/84.png,/sessions/rcw-01rhzohs6sarhhp2xkz1oted/mnt/MVI_Brain_Tumor/masks/84.png
train,/sessions/rcw-01rhzohs6sarhhp2xkz1oted/mnt/MVI_Brain_Tumor/images/829.png,/sessions/rcw-01rhzohs6sarhhp2xkz1oted/mnt/MVI_Brain_Tumor/masks/829.png
train,/sessions/rcw-01rhzohs6sarhhp2xkz1oted/mnt/MVI_Brain_Tumor/images/1744.png,/sessions/rcw-01rhzohs6sarhhp2xkz1oted/mnt/MVI_Brain_Tumor/masks/1744.png
train,/sessions/rcw-01rhzohs6sarhhp2xkz1oted/mnt/MVI_Brain_Tumor/images/2097.png,/sessions/rcw-01rhzohs6sarhhp2xkz1oted/mnt/MVI_Brain_Tumor/masks/2097.png
train,/sessions/rcw-01rhzohs6sarhhp2xkz1oted/mnt/MVI_Brain_Tumor/images/1593.png,/sessions/rcw-01rhzohs6sarhhp2xkz1oted/mnt/MVI_Brain_Tumor/masks/1593.png
train,/sessions/rcw-01rhzohs6sarhhp2xkz1oted/mnt/MVI_Brain_Tumor/images/1579.png,/sessions/rcw-01rhzohs6sarhhp2xkz1oted/mnt/MVI_Brain_Tumor/masks/1579.png
train,/sessions/rcw-01rhzohs6sarhhp2xkz1oted/mnt/MVI_Brain_Tumor/images/1199.png,/sessions/rcw-01rhzohs6sarhhp2xkz1oted/mnt/MVI_Brain_Tumor/masks/1199.png
train,/sessions/rcw-01rhzohs6sarhhp2xkz1oted/mnt/MVI_Brain_Tumor/images/133.png,/sessions/rcw-01rhzohs6sarhhp2xkz1oted/mnt/MVI_Brain_Tumor/masks/133.png
train,/sessions/rcw-01rhzohs6sarhhp2xkz1oted/mnt/MVI_Brain_Tumor/images/1683.png,/sessions/rcw-01rhzohs6sarhhp2xkz1oted/mnt/MVI_Brain_Tumor/masks/1683.png
train,/sessions/rcw-01rhzohs6sarhhp2xkz1oted/mnt/MVI_Brain_Tumor/images/852.png,/sessions/rcw-01rhzohs6sarhhp2xkz1oted/mnt/MVI_Brain_Tumor/masks/852.png
train,/sessions/rcw-01rhzohs6sarhhp2xkz1oted/mnt/MVI_Brain_Tumor/images/518.png,/sessions/rcw-01rhzohs6sarhhp2xkz1oted/mnt/MVI_Brain_Tumor/masks/518.png
train,/sessions/rcw-01rhzohs6sarhhp2xkz1oted/mnt/MVI_Brain_Tumor/images/2475.png,/sessions/rcw-01rhzohs6sarhhp2xkz1oted/mnt/MVI_Brain_Tumor/masks/2475.png
train,/sessions/rcw-01rhzohs6sarhhp2xkz1oted/mnt/MVI_Brain_Tumor/images/834.png,/sessions/rcw-01rhzohs6sarhhp2xkz1oted/mnt/MVI_Brain_Tumor/masks/834.png
train,/sessions/rcw-01rhzohs6sarhhp2xkz1oted/mnt/MVI_Brain_Tumor/images/65.png,/sessions/rcw-01rhzohs6sarhhp2xkz1oted/mnt/MVI_Brain_Tumor/masks/65.png
train,/sessions/rcw-01rhzohs6sarhhp2xkz1oted/mnt/MVI_Brain_Tumor/images/339.png,/sessions/rcw-01rhzohs6sarhhp2xkz1oted/mnt/MVI_Brain_Tumor/masks/339.png
train,/sessions/rcw-01rhzohs6sarhhp2xkz1oted/mnt/MVI_Brain_Tumor/images/188.png,/sessions/rcw-01rhzohs6sarhhp2xkz1oted/mnt/MVI_Brain_Tumor/masks/188.png
train,/sessions/rcw-01rhzohs6sarhhp2xkz1oted/mnt/MVI_Brain_Tumor/images/356.png,/sessions/rcw-01rhzohs6sarhhp2xkz1oted/mnt/MVI_Brain_Tumor/masks/356.png
train,/sessions/rcw-01rhzohs6sarhhp2xkz1oted/mnt/MVI_Brain_Tumor/images/2906.png,/sessions/rcw-01rhzohs6sarhhp2xkz1oted/mnt/MVI_Brain_Tumor/masks/2906.png
train,/sessions/rcw-01rhzohs6sarhhp2xkz1oted/mnt/MVI_Brain_Tumor/images/1817.png,/sessions/rcw-01rhzohs6sarhhp2xkz1oted/mnt/MVI_Brain_Tumor/masks/1817.png
train,/sessions/rcw-01rhzohs6sarhhp2xkz1oted/mnt/MVI_Brain_Tumor/images/2794.png,/sessions/rcw-01rhzohs6sarhhp2xkz1oted/mnt/MVI_Brain_Tumor/masks/2794.png
train,/sessions/rcw-01rhzohs6sarhhp2xkz1oted/mnt/MVI_Brain_Tumor/images/2425.png,/sessions/rcw-01rhzohs6sarhhp2xkz1oted/mnt/MVI_Brain_Tumor/masks/2425.png
train,/sessions/rcw-01rhzohs6sarhhp2xkz1oted/mnt/MVI_Brain_Tumor/images/1102.png,/sessions/rcw-01rhzohs6sarhhp2xkz1oted/mnt/MVI_Brain_Tumor/masks/1102.png
train,/sessions/rcw-01rhzohs6sarhhp2xkz1oted/mnt/MVI_Brain_Tumor/images/225.png,/sessions/rcw-01rhzohs6sarhhp2xkz1oted/mnt/MVI_Brain_Tumor/masks/225.png
train,/sessions/rcw-01rhzohs6sarhhp2xkz1oted/mnt/MVI_Brain_Tumor/images/472.png,/sessions/rcw-01rhzohs6sarhhp2xkz1oted/mnt/MVI_Brain_Tumor/masks/472.png
train,/sessions/rcw-01rhzohs6sarhhp2xkz1oted/mnt/MVI_Brain_Tumor/images/543.png,/sessions/rcw-01rhzohs6sarhhp2xkz1oted/mnt/MVI_Brain_Tumor/masks/543.png
train,/sessions/rcw-01rhzohs6sarhhp2xkz1oted/mnt/MVI_Brain_Tumor/images/2745.png,/sessions/rcw-01rhzohs6sarhhp2xkz1oted/mnt/MVI_Brain_Tumor/masks/2745.png
train,/sessions/rcw-01rhzohs6sarhhp2xkz1oted/mnt/MVI_Brain_Tumor/images/53.png,/sessions/rcw-01rhzohs6sarhhp2xkz1oted/mnt/MVI_Brain_Tumor/masks/53.png
train,/sessions/rcw-01rhzohs6sarhhp2xkz1oted/mnt/MVI_Brain_Tumor/images/32.png,/sessions/rcw-01rhzohs6sarhhp2xkz1oted/mnt/MVI_Brain_Tumor/masks/32.png
train,/sessions/rcw-01rhzohs6sarhhp2xkz1oted/mnt/MVI_Brain_Tumor/images/2785.png,/sessions/rcw-01rhzohs6sarhhp2xkz1oted/mnt/MVI_Brain_Tumor/masks/2785.png
train,/sessions/rcw-01rhzohs6sarhhp2xkz1oted/mnt/MVI_Brain_Tumor/images/2909.png,/sessions/rcw-01rhzohs6sarhhp2xkz1oted/mnt/MVI_Brain_Tumor/masks/2909.png
train,/sessions/rcw-01rhzohs6sarhhp2xkz1oted/mnt/MVI_Brain_Tumor/images/1335.png,/sessions/rcw-01rhzohs6sarhhp2xkz1oted/mnt/MVI_Brain_Tumor/masks/1335.png
train,/sessions/rcw-01rhzohs6sarhhp2xkz1oted/mnt/MVI_Brain_Tumor/images/1946.png,/sessions/rcw-01rhzohs6sarhhp2xkz1oted/mnt/MVI_Brain_Tumor/masks/1946.png
train,/sessions/rcw-01rhzohs6sarhhp2xkz1oted/mnt/MVI_Brain_Tumor/images/2187.png,/sessions/rcw-01rhzohs6sarhhp2xkz1oted/mnt/MVI_Brain_Tumor/masks/2187.png
train,/sessions/rcw-01rhzohs6sarhhp2xkz1oted/mnt/MVI_Brain_Tumor/images/3006.png,/sessions/rcw-01rhzohs6sarhhp2xkz1oted/mnt/MVI_Brain_Tumor/masks/3006.png
train,/sessions/rcw-01rhzohs6sarhhp2xkz1oted/mnt/MVI_Brain_Tumor/images/1597.png,/sessions/rcw-01rhzohs6sarhhp2xkz1oted/mnt/MVI_Brain_Tumor/masks/1597.png
train,/sessions/rcw-01rhzohs6sarhhp2xkz1oted/mnt/MVI_Brain_Tumor/images/2313.png,/sessions/rcw-01rhzohs6sarhhp2xkz1oted/mnt/MVI_Brain_Tumor/masks/2313.png
train,/sessions/rcw-01rhzohs6sarhhp2xkz1oted/mnt/MVI_Brain_Tumor/images/1114.png,/sessions/rcw-01rhzohs6sarhhp2xkz1oted/mnt/MVI_Brain_Tumor/masks/1114.png
train,/sessions/rcw-01rhzohs6sarhhp2xkz1oted/mnt/MVI_Brain_Tumor/images/2354.png,/sessions/rcw-01rhzohs6sarhhp2xkz1oted/mnt/MVI_Brain_Tumor/masks/2354.png
train,/sessions/rcw-01rhzohs6sarhhp2xkz1oted/mnt/MVI_Brain_Tumor/images/761.png,/sessions/rcw-01rhzohs6sarhhp2xkz1oted/mnt/MVI_Brain_Tumor/masks/761.png
train,/sessions/rcw-01rhzohs6sarhhp2xkz1oted/mnt/MVI_Brain_Tumor/images/1534.png,/sessions/rcw-01rhzohs6sarhhp2xkz1oted/mnt/MVI_Brain_Tumor/masks/1534.png
train,/sessions/rcw-01rhzohs6sarhhp2xkz1oted/mnt/MVI_Brain_Tumor/images/1249.png,/sessions/rcw-01rhzohs6sarhhp2xkz1oted/mnt/MVI_Brain_Tumor/masks/1249.png
train,/sessions/rcw-01rhzohs6sarhhp2xkz1oted/mnt/MVI_Brain_Tumor/images/1895.png,/sessions/rcw-01rhzohs6sarhhp2xkz1oted/mnt/MVI_Brain_Tumor/masks/1895.png
train,/sessions/rcw-01rhzohs6sarhhp2xkz1oted/mnt/MVI_Brain_Tumor/images/627.png,/sessions/rcw-01rhzohs6sarhhp2xkz1oted/mnt/MVI_Brain_Tumor/masks/627.png
train,/sessions/rcw-01rhzohs6sarhhp2xkz1oted/mnt/MVI_Brain_Tumor/images/902.png,/sessions/rcw-01rhzohs6sarhhp2xkz1oted/mnt/MVI_Brain_Tumor/masks/902.png
train,/sessions/rcw-01rhzohs6sarhhp2xkz1oted/mnt/MVI_Brain_Tumor/images/1313.png,/sessions/rcw-01rhzohs6sarhhp2xkz1oted/mnt/MVI_Brain_Tumor/masks/1313.png
train,/sessions/rcw-01rhzohs6sarhhp2xkz1oted/mnt/MVI_Brain_Tumor/images/2664.png,/sessions/rcw-01rhzohs6sarhhp2xkz1oted/mnt/MVI_Brain_Tumor/masks/2664.png
train,/sessions/rcw-01rhzohs6sarhhp2xkz1oted/mnt/MVI_Brain_Tumor/images/590.png,/sessions/rcw-01rhzohs6sarhhp2xkz1oted/mnt/MVI_Brain_Tumor/masks/590.png
train,/sessions/rcw-01rhzohs6sarhhp2xkz1oted/mnt/MVI_Brain_Tumor/images/1457.png,/sessions/rcw-01rhzohs6sarhhp2xkz1oted/mnt/MVI_Brain_Tumor/masks/1457.png
train,/sessions/rcw-01rhzohs6sarhhp2xkz1oted/mnt/MVI_Brain_Tumor/images/2377.png,/sessions/rcw-01rhzohs6sarhhp2xkz1oted/mnt/MVI_Brain_Tumor/masks/2377.png
train,/sessions/rcw-01rhzohs6sarhhp2xkz1oted/mnt/MVI_Brain_Tumor/images/2337.png,/sessions/rcw-01rhzohs6sarhhp2xkz1oted/mnt/MVI_Brain_Tumor/masks/2337.png
train,/sessions/rcw-01rhzohs6sarhhp2xkz1oted/mnt/MVI_Brain_Tumor/images/121.png,/sessions/rcw-01rhzohs6sarhhp2xkz1oted/mnt/MVI_Brain_Tumor/masks/121.png
train,/sessions/rcw-01rhzohs6sarhhp2xkz1oted/mnt/MVI_Brain_Tumor/images/2693.png,/sessions/rcw-01rhzohs6sarhhp2xkz1oted/mnt/MVI_Brain_Tumor/masks/2693.png
train,/sessions/rcw-01rhzohs6sarhhp2xkz1oted/mnt/MVI_Brain_Tumor/images/976.png,/sessions/rcw-01rhzohs6sarhhp2xkz1oted/mnt/MVI_Brain_Tumor/masks/976.png
train,/sessions/rcw-01rhzohs6sarhhp2xkz1oted/mnt/MVI_Brain_Tumor/images/481.png,/sessions/rcw-01rhzohs6sarhhp2xkz1oted/mnt/MVI_Brain_Tumor/masks/481.png
train,/sessions/rcw-01rhzohs6sarhhp2xkz1oted/mnt/MVI_Brain_Tumor/images/2212.png,/sessions/rcw-01rhzohs6sarhhp2xkz1oted/mnt/MVI_Brain_Tumor/masks/2212.png
train,/sessions/rcw-01rhzohs6sarhhp2xkz1oted/mnt/MVI_Brain_Tumor/images/1068.png,/sessions/rcw-01rhzohs6sarhhp2xkz1oted/mnt/MVI_Brain_Tumor/masks/1068.png
train,/sessions/rcw-01rhzohs6sarhhp2xkz1oted/mnt/MVI_Brain_Tumor/images/1270.png,/sessions/rcw-01rhzohs6sarhhp2xkz1oted/mnt/MVI_Brain_Tumor/masks/1270.png
train,/sessions/rcw-01rhzohs6sarhhp2xkz1oted/mnt/MVI_Brain_Tumor/images/619.png,/sessions/rcw-01rhzohs6sarhhp2xkz1oted/mnt/MVI_Brain_Tumor/masks/619.png
train,/sessions/rcw-01rhzohs6sarhhp2xkz1oted/mnt/MVI_Brain_Tumor/images/2146.png,/sessions/rcw-01rhzohs6sarhhp2xkz1oted/mnt/MVI_Brain_Tumor/masks/2146.png
train,/sessions/rcw-01rhzohs6sarhhp2xkz1oted/mnt/MVI_Brain_Tumor/images/2391.png,/sessions/rcw-01rhzohs6sarhhp2xkz1oted/mnt/MVI_Brain_Tumor/masks/2391.png
train,/sessions/rcw-01rhzohs6sarhhp2xkz1oted/mnt/MVI_Brain_Tumor/images/2163.png,/sessions/rcw-01rhzohs6sarhhp2xkz1oted/mnt/MVI_Brain_Tumor/masks/2163.png
train,/sessions/rcw-01rhzohs6sarhhp2xkz1oted/mnt/MVI_Brain_Tumor/images/1533.png,/sessions/rcw-01rhzohs6sarhhp2xkz1oted/mnt/MVI_Brain_Tumor/masks/1533.png
train,/sessions/rcw-01rhzohs6sarhhp2xkz1oted/mnt/MVI_Brain_Tumor/images/173.png,/sessions/rcw-01rhzohs6sarhhp2xkz1oted/mnt/MVI_Brain_Tumor/masks/173.png
train,/sessions/rcw-01rhzohs6sarhhp2xkz1oted/mnt/MVI_Brain_Tumor/images/952.png,/sessions/rcw-01rhzohs6sarhhp2xkz1oted/mnt/MVI_Brain_Tumor/masks/952.png
train,/sessions/rcw-01rhzohs6sarhhp2xkz1oted/mnt/MVI_Brain_Tumor/images/2850.png,/sessions/rcw-01rhzohs6sarhhp2xkz1oted/mnt/MVI_Brain_Tumor/masks/2850.png
train,/sessions/rcw-01rhzohs6sarhhp2xkz1oted/mnt/MVI_Brain_Tumor/images/1763.png,/sessions/rcw-01rhzohs6sarhhp2xkz1oted/mnt/MVI_Brain_Tumor/masks/1763.png
train,/sessions/rcw-01rhzohs6sarhhp2xkz1oted/mnt/MVI_Brain_Tumor/images/2252.png,/sessions/rcw-01rhzohs6sarhhp2xkz1oted/mnt/MVI_Brain_Tumor/masks/2252.png
train,/sessions/rcw-01rhzohs6sarhhp2xkz1oted/mnt/MVI_Brain_Tumor/images/2322.png,/sessions/rcw-01rhzohs6sarhhp2xkz1oted/mnt/MVI_Brain_Tumor/masks/2322.png
train,/sessions/rcw-01rhzohs6sarhhp2xkz1oted/mnt/MVI_Brain_Tumor/images/2645.png,/sessions/rcw-01rhzohs6sarhhp2xkz1oted/mnt/MVI_Brain_Tumor/masks/2645.png
train,/sessions/rcw-01rhzohs6sarhhp2xkz1oted/mnt/MVI_Brain_Tumor/images/2177.png,/sessions/rcw-01rhzohs6sarhhp2xkz1oted/mnt/MVI_Brain_Tumor/masks/2177.png
train,/sessions/rcw-01rhzohs6sarhhp2xkz1oted/mnt/MVI_Brain_Tumor/images/2421.png,/sessions/rcw-01rhzohs6sarhhp2xkz1oted/mnt/MVI_Brain_Tumor/masks/2421.png
train,/sessions/rcw-01rhzohs6sarhhp2xkz1oted/mnt/MVI_Brain_Tumor/images/1666.png,/sessions/rcw-01rhzohs6sarhhp2xkz1oted/mnt/MVI_Brain_Tumor/masks/1666.png
train,/sessions/rcw-01rhzohs6sarhhp2xkz1oted/mnt/MVI_Brain_Tumor/images/1902.png,/sessions/rcw-01rhzohs6sarhhp2xkz1oted/mnt/MVI_Brain_Tumor/masks/1902.png
train,/sessions/rcw-01rhzohs6sarhhp2xkz1oted/mnt/MVI_Brain_Tumor/images/2967.png,/sessions/rcw-01rhzohs6sarhhp2xkz1oted/mnt/MVI_Brain_Tumor/masks/2967.png
train,/sessions/rcw-01rhzohs6sarhhp2xkz1oted/mnt/MVI_Brain_Tumor/images/2565.png,/sessions/rcw-01rhzohs6sarhhp2xkz1oted/mnt/MVI_Brain_Tumor/masks/2565.png
train,/sessions/rcw-01rhzohs6sarhhp2xkz1oted/mnt/MVI_Brain_Tumor/images/1031.png,/sessions/rcw-01rhzohs6sarhhp2xkz1oted/mnt/MVI_Brain_Tumor/masks/1031.png
train,/sessions/rcw-01rhzohs6sarhhp2xkz1oted/mnt/MVI_Brain_Tumor/images/614.png,/sessions/rcw-01rhzohs6sarhhp2xkz1oted/mnt/MVI_Brain_Tumor/masks/614.png
train,/sessions/rcw-01rhzohs6sarhhp2xkz1oted/mnt/MVI_Brain_Tumor/images/2766.png,/sessions/rcw-01rhzohs6sarhhp2xkz1oted/mnt/MVI_Brain_Tumor/masks/2766.png
train,/sessions/rcw-01rhzohs6sarhhp2xkz1oted/mnt/MVI_Brain_Tumor/images/2612.png,/sessions/rcw-01rhzohs6sarhhp2xkz1oted/mnt/MVI_Brain_Tumor/masks/2612.png
train,/sessions/rcw-01rhzohs6sarhhp2xkz1oted/mnt/MVI_Brain_Tumor/images/1590.png,/sessions/rcw-01rhzohs6sarhhp2xkz1oted/mnt/MVI_Brain_Tumor/masks/1590.png
train,/sessions/rcw-01rhzohs6sarhhp2xkz1oted/mnt/MVI_Brain_Tumor/images/2333.png,/sessions/rcw-01rhzohs6sarhhp2xkz1oted/mnt/MVI_Brain_Tumor/masks/2333.png
train,/sessions/rcw-01rhzohs6sarhhp2xkz1oted/mnt/MVI_Brain_Tumor/images/2918.png,/sessions/rcw-01rhzohs6sarhhp2xkz1oted/mnt/MVI_Brain_Tumor/masks/2918.png
train,/sessions/rcw-01rhzohs6sarhhp2xkz1oted/mnt/MVI_Brain_Tumor/images/2854.png,/sessions/rcw-01rhzohs6sarhhp2xkz1oted/mnt/MVI_Brain_Tumor/masks/2854.png
train,/sessions/rcw-01rhzohs6sarhhp2xkz1oted/mnt/MVI_Brain_Tumor/images/853.png,/sessions/rcw-01rhzohs6sarhhp2xkz1oted/mnt/MVI_Brain_Tumor/masks/853.png
train,/sessions/rcw-01rhzohs6sarhhp2xkz1oted/mnt/MVI_Brain_Tumor/images/24.png,/sessions/rcw-01rhzohs6sarhhp2xkz1oted/mnt/MVI_Brain_Tumor/masks/24.png
train,/sessions/rcw-01rhzohs6sarhhp2xkz1oted/mnt/MVI_Brain_Tumor/images/2983.png,/sessions/rcw-01rhzohs6sarhhp2xkz1oted/mnt/MVI_Brain_Tumor/masks/2983.png
train,/sessions/rcw-01rhzohs6sarhhp2xkz1oted/mnt/MVI_Brain_Tumor/images/411.png,/sessions/rcw-01rhzohs6sarhhp2xkz1oted/mnt/MVI_Brain_Tumor/masks/411.png
train,/sessions/rcw-01rhzohs6sarhhp2xkz1oted/mnt/MVI_Brain_Tumor/images/2855.png,/sessions/rcw-01rhzohs6sarhhp2xkz1oted/mnt/MVI_Brain_Tumor/masks/2855.png
train,/sessions/rcw-01rhzohs6sarhhp2xkz1oted/mnt/MVI_Brain_Tumor/images/686.png,/sessions/rcw-01rhzohs6sarhhp2xkz1oted/mnt/MVI_Brain_Tumor/masks/686.png
train,/sessions/rcw-01rhzohs6sarhhp2xkz1oted/mnt/MVI_Brain_Tumor/images/842.png,/sessions/rcw-01rhzohs6sarhhp2xkz1oted/mnt/MVI_Brain_Tumor/masks/842.png
train,/sessions/rcw-01rhzohs6sarhhp2xkz1oted/mnt/MVI_Brain_Tumor/images/213.png,/sessions/rcw-01rhzohs6sarhhp2xkz1oted/mnt/MVI_Brain_Tumor/masks/213.png
train,/sessions/rcw-01rhzohs6sarhhp2xkz1oted/mnt/MVI_Brain_Tumor/images/1233.png,/sessions/rcw-01rhzohs6sarhhp2xkz1oted/mnt/MVI_Brain_Tumor/masks/1233.png
train,/sessions/rcw-01rhzohs6sarhhp2xkz1oted/mnt/MVI_Brain_Tumor/images/1222.png,/sessions/rcw-01rhzohs6sarhhp2xkz1oted/mnt/MVI_Brain_Tumor/masks/1222.png
train,/sessions/rcw-01rhzohs6sarhhp2xkz1oted/mnt/MVI_Brain_Tumor/images/2950.png,/sessions/rcw-01rhzohs6sarhhp2xkz1oted/mnt/MVI_Brain_Tumor/masks/2950.png
train,/sessions/rcw-01rhzohs6sarhhp2xkz1oted/mnt/MVI_Brain_Tumor/images/1170.png,/sessions/rcw-01rhzohs6sarhhp2xkz1oted/mnt/MVI_Brain_Tumor/masks/1170.png
train,/sessions/rcw-01rhzohs6sarhhp2xkz1oted/mnt/MVI_Brain_Tumor/images/1803.png,/sessions/rcw-01rhzohs6sarhhp2xkz1oted/mnt/MVI_Brain_Tumor/masks/1803.png
train,/sessions/rcw-01rhzohs6sarhhp2xkz1oted/mnt/MVI_Brain_Tumor/images/646.png,/sessions/rcw-01rhzohs6sarhhp2xkz1oted/mnt/MVI_Brain_Tumor/masks/646.png
train,/sessions/rcw-01rhzohs6sarhhp2xkz1oted/mnt/MVI_Brain_Tumor/images/2706.png,/sessions/rcw-01rhzohs6sarhhp2xkz1oted/mnt/MVI_Brain_Tumor/masks/2706.png
train,/sessions/rcw-01rhzohs6sarhhp2xkz1oted/mnt/MVI_Brain_Tumor/images/206.png,/sessions/rcw-01rhzohs6sarhhp2xkz1oted/mnt/MVI_Brain_Tumor/masks/206.png
train,/sessions/rcw-01rhzohs6sarhhp2xkz1oted/mnt/MVI_Brain_Tumor/images/1890.png,/sessions/rcw-01rhzohs6sarhhp2xkz1oted/mnt/MVI_Brain_Tumor/masks/1890.png
train,/sessions/rcw-01rhzohs6sarhhp2xkz1oted/mnt/MVI_Brain_Tumor/images/244.png,/sessions/rcw-01rhzohs6sarhhp2xkz1oted/mnt/MVI_Brain_Tumor/masks/244.png
train,/sessions/rcw-01rhzohs6sarhhp2xkz1oted/mnt/MVI_Brain_Tumor/images/442.png,/sessions/rcw-01rhzohs6sarhhp2xkz1oted/mnt/MVI_Brain_Tumor/masks/442.png
train,/sessions/rcw-01rhzohs6sarhhp2xkz1oted/mnt/MVI_Brain_Tumor/images/1705.png,/sessions/rcw-01rhzohs6sarhhp2xkz1oted/mnt/MVI_Brain_Tumor/masks/1705.png
train,/sessions/rcw-01rhzohs6sarhhp2xkz1oted/mnt/MVI_Brain_Tumor/images/2396.png,/sessions/rcw-01rhzohs6sarhhp2xkz1oted/mnt/MVI_Brain_Tumor/masks/2396.png
train,/sessions/rcw-01rhzohs6sarhhp2xkz1oted/mnt/MVI_Brain_Tumor/images/1658.png,/sessions/rcw-01rhzohs6sarhhp2xkz1oted/mnt/MVI_Brain_Tumor/masks/1658.png
train,/sessions/rcw-01rhzohs6sarhhp2xkz1oted/mnt/MVI_Brain_Tumor/images/561.png,/sessions/rcw-01rhzohs6sarhhp2xkz1oted/mnt/MVI_Brain_Tumor/masks/561.png
train,/sessions/rcw-01rhzohs6sarhhp2xkz1oted/mnt/MVI_Brain_Tumor/images/2761.png,/sessions/rcw-01rhzohs6sarhhp2xkz1oted/mnt/MVI_Brain_Tumor/masks/2761.png
train,/sessions/rcw-01rhzohs6sarhhp2xkz1oted/mnt/MVI_Brain_Tumor/images/1059.png,/sessions/rcw-01rhzohs6sarhhp2xkz1oted/mnt/MVI_Brain_Tumor/masks/1059.png
train,/sessions/rcw-01rhzohs6sarhhp2xkz1oted/mnt/MVI_Brain_Tumor/images/2868.png,/sessions/rcw-01rhzohs6sarhhp2xkz1oted/mnt/MVI_Brain_Tumor/masks/2868.png
train,/sessions/rcw-01rhzohs6sarhhp2xkz1oted/mnt/MVI_Brain_Tumor/images/74.png,/sessions/rcw-01rhzohs6sarhhp2xkz1oted/mnt/MVI_Brain_Tumor/masks/74.png
train,/sessions/rcw-01rhzohs6sarhhp2xkz1oted/mnt/MVI_Brain_Tumor/images/19.png,/sessions/rcw-01rhzohs6sarhhp2xkz1oted/mnt/MVI_Brain_Tumor/masks/19.png
train,/sessions/rcw-01rhzohs6sarhhp2xkz1oted/mnt/MVI_Brain_Tumor/images/2338.png,/sessions/rcw-01rhzohs6sarhhp2xkz1oted/mnt/MVI_Brain_Tumor/masks/2338.png
train,/sessions/rcw-01rhzohs6sarhhp2xkz1oted/mnt/MVI_Brain_Tumor/images/961.png,/sessions/rcw-01rhzohs6sarhhp2xkz1oted/mnt/MVI_Brain_Tumor/masks/961.png
train,/sessions/rcw-01rhzohs6sarhhp2xkz1oted/mnt/MVI_Brain_Tumor/images/2809.png,/sessions/rcw-01rhzohs6sarhhp2xkz1oted/mnt/MVI_Brain_Tumor/masks/2809.png
train,/sessions/rcw-01rhzohs6sarhhp2xkz1oted/mnt/MVI_Brain_Tumor/images/2410.png,/sessions/rcw-01rhzohs6sarhhp2xkz1oted/mnt/MVI_Brain_Tumor/masks/2410.png
train,/sessions/rcw-01rhzohs6sarhhp2xkz1oted/mnt/MVI_Brain_Tumor/images/2302.png,/sessions/rcw-01rhzohs6sarhhp2xkz1oted/mnt/MVI_Brain_Tumor/masks/2302.png
train,/sessions/rcw-01rhzohs6sarhhp2xkz1oted/mnt/MVI_Brain_Tumor/images/624.png,/sessions/rcw-01rhzohs6sarhhp2xkz1oted/mnt/MVI_Brain_Tumor/masks/624.png
train,/sessions/rcw-01rhzohs6sarhhp2xkz1oted/mnt/MVI_Brain_Tumor/images/1005.png,/sessions/rcw-01rhzohs6sarhhp2xkz1oted/mnt/MVI_Brain_Tumor/masks/1005.png
train,/sessions/rcw-01rhzohs6sarhhp2xkz1oted/mnt/MVI_Brain_Tumor/images/3058.png,/sessions/rcw-01rhzohs6sarhhp2xkz1oted/mnt/MVI_Brain_Tumor/masks/3058.png
train,/sessions/rcw-01rhzohs6sarhhp2xkz1oted/mnt/MVI_Brain_Tumor/images/569.png,/sessions/rcw-01rhzohs6sarhhp2xkz1oted/mnt/MVI_Brain_Tumor/masks/569.png
train,/sessions/rcw-01rhzohs6sarhhp2xkz1oted/mnt/MVI_Brain_Tumor/images/2144.png,/sessions/rcw-01rhzohs6sarhhp2xkz1oted/mnt/MVI_Brain_Tumor/masks/2144.png
train,/sessions/rcw-01rhzohs6sarhhp2xkz1oted/mnt/MVI_Brain_Tumor/images/195.png,/sessions/rcw-01rhzohs6sarhhp2xkz1oted/mnt/MVI_Brain_Tumor/masks/195.png
train,/sessions/rcw-01rhzohs6sarhhp2xkz1oted/mnt/MVI_Brain_Tumor/images/429.png,/sessions/rcw-01rhzohs6sarhhp2xkz1oted/mnt/MVI_Brain_Tumor/masks/429.png
train,/sessions/rcw-01rhzohs6sarhhp2xkz1oted/mnt/MVI_Brain_Tumor/images/2247.png,/sessions/rcw-01rhzohs6sarhhp2xkz1oted/mnt/MVI_Brain_Tumor/masks/2247.png
train,/sessions/rcw-01rhzohs6sarhhp2xkz1oted/mnt/MVI_Brain_Tumor/images/85.png,/sessions/rcw-01rhzohs6sarhhp2xkz1oted/mnt/MVI_Brain_Tumor/masks/85.png
train,/sessions/rcw-01rhzohs6sarhhp2xkz1oted/mnt/MVI_Brain_Tumor/images/322.png,/sessions/rcw-01rhzohs6sarhhp2xkz1oted/mnt/MVI_Brain_Tumor/masks/322.png
train,/sessions/rcw-01rhzohs6sarhhp2xkz1oted/mnt/MVI_Brain_Tumor/images/23.png,/sessions/rcw-01rhzohs6sarhhp2xkz1oted/mnt/MVI_Brain_Tumor/masks/23.png
train,/sessions/rcw-01rhzohs6sarhhp2xkz1oted/mnt/MVI_Brain_Tumor/images/2034.png,/sessions/rcw-01rhzohs6sarhhp2xkz1oted/mnt/MVI_Brain_Tumor/masks/2034.png
train,/sessions/rcw-01rhzohs6sarhhp2xkz1oted/mnt/MVI_Brain_Tumor/images/251.png,/sessions/rcw-01rhzohs6sarhhp2xkz1oted/mnt/MVI_Brain_Tumor/masks/251.png
train,/sessions/rcw-01rhzohs6sarhhp2xkz1oted/mnt/MVI_Brain_Tumor/images/1101.png,/sessions/rcw-01rhzohs6sarhhp2xkz1oted/mnt/MVI_Brain_Tumor/masks/1101.png
train,/sessions/rcw-01rhzohs6sarhhp2xkz1oted/mnt/MVI_Brain_Tumor/images/2218.png,/sessions/rcw-01rhzohs6sarhhp2xkz1oted/mnt/MVI_Brain_Tumor/masks/2218.png
train,/sessions/rcw-01rhzohs6sarhhp2xkz1oted/mnt/MVI_Brain_Tumor/images/1607.png,/sessions/rcw-01rhzohs6sarhhp2xkz1oted/mnt/MVI_Brain_Tumor/masks/1607.png
train,/sessions/rcw-01rhzohs6sarhhp2xkz1oted/mnt/MVI_Brain_Tumor/images/1389.png,/sessions/rcw-01rhzohs6sarhhp2xkz1oted/mnt/MVI_Brain_Tumor/masks/1389.png
train,/sessions/rcw-01rhzohs6sarhhp2xkz1oted/mnt/MVI_Brain_Tumor/images/2753.png,/sessions/rcw-01rhzohs6sarhhp2xkz1oted/mnt/MVI_Brain_Tumor/masks/2753.png
train,/sessions/rcw-01rhzohs6sarhhp2xkz1oted/mnt/MVI_Brain_Tumor/images/2910.png,/sessions/rcw-01rhzohs6sarhhp2xkz1oted/mnt/MVI_Brain_Tumor/masks/2910.png
train,/sessions/rcw-01rhzohs6sarhhp2xkz1oted/mnt/MVI_Brain_Tumor/images/2812.png,/sessions/rcw-01rhzohs6sarhhp2xkz1oted/mnt/MVI_Brain_Tumor/masks/2812.png
train,/sessions/rcw-01rhzohs6sarhhp2xkz1oted/mnt/MVI_Brain_Tumor/images/109.png,/sessions/rcw-01rhzohs6sarhhp2xkz1oted/mnt/MVI_Brain_Tumor/masks/109.png
train,/sessions/rcw-01rhzohs6sarhhp2xkz1oted/mnt/MVI_Brain_Tumor/images/290.png,/sessions/rcw-01rhzohs6sarhhp2xkz1oted/mnt/MVI_Brain_Tumor/masks/290.png
train,/sessions/rcw-01rhzohs6sarhhp2xkz1oted/mnt/MVI_Brain_Tumor/images/1813.png,/sessions/rcw-01rhzohs6sarhhp2xkz1oted/mnt/MVI_Brain_Tumor/masks/1813.png
train,/sessions/rcw-01rhzohs6sarhhp2xkz1oted/mnt/MVI_Brain_Tumor/images/1392.png,/sessions/rcw-01rhzohs6sarhhp2xkz1oted/mnt/MVI_Brain_Tumor/masks/1392.png
train,/sessions/rcw-01rhzohs6sarhhp2xkz1oted/mnt/MVI_Brain_Tumor/images/1363.png,/sessions/rcw-01rhzohs6sarhhp2xkz1oted/mnt/MVI_Brain_Tumor/masks/1363.png
train,/sessions/rcw-01rhzohs6sarhhp2xkz1oted/mnt/MVI_Brain_Tumor/images/2113.png,/sessions/rcw-01rhzohs6sarhhp2xkz1oted/mnt/MVI_Brain_Tumor/masks/2113.png
train,/sessions/rcw-01rhzohs6sarhhp2xkz1oted/mnt/MVI_Brain_Tumor/images/2512.png,/sessions/rcw-01rhzohs6sarhhp2xkz1oted/mnt/MVI_Brain_Tumor/masks/2512.png
train,/sessions/rcw-01rhzohs6sarhhp2xkz1oted/mnt/MVI_Brain_Tumor/images/2476.png,/sessions/rcw-01rhzohs6sarhhp2xkz1oted/mnt/MVI_Brain_Tumor/masks/2476.png
train,/sessions/rcw-01rhzohs6sarhhp2xkz1oted/mnt/MVI_Brain_Tumor/images/218.png,/sessions/rcw-01rhzohs6sarhhp2xkz1oted/mnt/MVI_Brain_Tumor/masks/218.png
train,/sessions/rcw-01rhzohs6sarhhp2xkz1oted/mnt/MVI_Brain_Tumor/images/1526.png,/sessions/rcw-01rhzohs6sarhhp2xkz1oted/mnt/MVI_Brain_Tumor/masks/1526.png
train,/sessions/rcw-01rhzohs6sarhhp2xkz1oted/mnt/MVI_Brain_Tumor/images/1442.png,/sessions/rcw-01rhzohs6sarhhp2xkz1oted/mnt/MVI_Brain_Tumor/masks/1442.png
train,/sessions/rcw-01rhzohs6sarhhp2xkz1oted/mnt/MVI_Brain_Tumor/images/635.png,/sessions/rcw-01rhzohs6sarhhp2xkz1oted/mnt/MVI_Brain_Tumor/masks/635.png
train,/sessions/rcw-01rhzohs6sarhhp2xkz1oted/mnt/MVI_Brain_Tumor/images/2206.png,/sessions/rcw-01rhzohs6sarhhp2xkz1oted/mnt/MVI_Brain_Tumor/masks/2206.png
train,/sessions/rcw-01rhzohs6sarhhp2xkz1oted/mnt/MVI_Brain_Tumor/images/702.png,/sessions/rcw-01rhzohs6sarhhp2xkz1oted/mnt/MVI_Brain_Tumor/masks/702.png
train,/sessions/rcw-01rhzohs6sarhhp2xkz1oted/mnt/MVI_Brain_Tumor/images/140.png,/sessions/rcw-01rhzohs6sarhhp2xkz1oted/mnt/MVI_Brain_Tumor/masks/140.png
train,/sessions/rcw-01rhzohs6sarhhp2xkz1oted/mnt/MVI_Brain_Tumor/images/693.png,/sessions/rcw-01rhzohs6sarhhp2xkz1oted/mnt/MVI_Brain_Tumor/masks/693.png
train,/sessions/rcw-01rhzohs6sarhhp2xkz1oted/mnt/MVI_Brain_Tumor/images/3022.png,/sessions/rcw-01rhzohs6sarhhp2xkz1oted/mnt/MVI_Brain_Tumor/masks/3022.png
train,/sessions/rcw-01rhzohs6sarhhp2xkz1oted/mnt/MVI_Brain_Tumor/images/831.png,/sessions/rcw-01rhzohs6sarhhp2xkz1oted/mnt/MVI_Brain_Tumor/masks/831.png
train,/sessions/rcw-01rhzohs6sarhhp2xkz1oted/mnt/MVI_Brain_Tumor/images/578.png,/sessions/rcw-01rhzohs6sarhhp2xkz1oted/mnt/MVI_Brain_Tumor/masks/578.png
train,/sessions/rcw-01rhzohs6sarhhp2xkz1oted/mnt/MVI_Brain_Tumor/images/708.png,/sessions/rcw-01rhzohs6sarhhp2xkz1oted/mnt/MVI_Brain_Tumor/masks/708.png
train,/sessions/rcw-01rhzohs6sarhhp2xkz1oted/mnt/MVI_Brain_Tumor/images/1112.png,/sessions/rcw-01rhzohs6sarhhp2xkz1oted/mnt/MVI_Brain_Tumor/masks/1112.png
train,/sessions/rcw-01rhzohs6sarhhp2xkz1oted/mnt/MVI_Brain_Tumor/images/1980.png,/sessions/rcw-01rhzohs6sarhhp2xkz1oted/mnt/MVI_Brain_Tumor/masks/1980.png
train,/sessions/rcw-01rhzohs6sarhhp2xkz1oted/mnt/MVI_Brain_Tumor/images/1398.png,/sessions/rcw-01rhzohs6sarhhp2xkz1oted/mnt/MVI_Brain_Tumor/masks/1398.png
train,/sessions/rcw-01rhzohs6sarhhp2xkz1oted/mnt/MVI_Brain_Tumor/images/2199.png,/sessions/rcw-01rhzohs6sarhhp2xkz1oted/mnt/MVI_Brain_Tumor/masks/2199.png
train,/sessions/rcw-01rhzohs6sarhhp2xkz1oted/mnt/MVI_Brain_Tumor/images/1928.png,/sessions/rcw-01rhzohs6sarhhp2xkz1oted/mnt/MVI_Brain_Tumor/masks/1928.png
train,/sessions/rcw-01rhzohs6sarhhp2xkz1oted/mnt/MVI_Brain_Tumor/images/1773.png,/sessions/rcw-01rhzohs6sarhhp2xkz1oted/mnt/MVI_Brain_Tumor/masks/1773.png
train,/sessions/rcw-01rhzohs6sarhhp2xkz1oted/mnt/MVI_Brain_Tumor/images/1686.png,/sessions/rcw-01rhzohs6sarhhp2xkz1oted/mnt/MVI_Brain_Tumor/masks/1686.png
train,/sessions/rcw-01rhzohs6sarhhp2xkz1oted/mnt/MVI_Brain_Tumor/images/91.png,/sessions/rcw-01rhzohs6sarhhp2xkz1oted/mnt/MVI_Brain_Tumor/masks/91.png
train,/sessions/rcw-01rhzohs6sarhhp2xkz1oted/mnt/MVI_Brain_Tumor/images/1775.png,/sessions/rcw-01rhzohs6sarhhp2xkz1oted/mnt/MVI_Brain_Tumor/masks/1775.png
train,/sessions/rcw-01rhzohs6sarhhp2xkz1oted/mnt/MVI_Brain_Tumor/images/935.png,/sessions/rcw-01rhzohs6sarhhp2xkz1oted/mnt/MVI_Brain_Tumor/masks/935.png
train,/sessions/rcw-01rhzohs6sarhhp2xkz1oted/mnt/MVI_Brain_Tumor/images/2305.png,/sessions/rcw-01rhzohs6sarhhp2xkz1oted/mnt/MVI_Brain_Tumor/masks/2305.png
train,/sessions/rcw-01rhzohs6sarhhp2xkz1oted/mnt/MVI_Brain_Tumor/images/587.png,/sessions/rcw-01rhzohs6sarhhp2xkz1oted/mnt/MVI_Brain_Tumor/masks/587.png
train,/sessions/rcw-01rhzohs6sarhhp2xkz1oted/mnt/MVI_Brain_Tumor/images/915.png,/sessions/rcw-01rhzohs6sarhhp2xkz1oted/mnt/MVI_Brain_Tumor/masks/915.png
train,/sessions/rcw-01rhzohs6sarhhp2xkz1oted/mnt/MVI_Brain_Tumor/images/1190.png,/sessions/rcw-01rhzohs6sarhhp2xkz1oted/mnt/MVI_Brain_Tumor/masks/1190.png
train,/sessions/rcw-01rhzohs6sarhhp2xkz1oted/mnt/MVI_Brain_Tumor/images/1086.png,/sessions/rcw-01rhzohs6sarhhp2xkz1oted/mnt/MVI_Brain_Tumor/masks/1086.png
train,/sessions/rcw-01rhzohs6sarhhp2xkz1oted/mnt/MVI_Brain_Tumor/images/1209.png,/sessions/rcw-01rhzohs6sarhhp2xkz1oted/mnt/MVI_Brain_Tumor/masks/1209.png
train,/sessions/rcw-01rhzohs6sarhhp2xkz1oted/mnt/MVI_Brain_Tumor/images/196.png,/sessions/rcw-01rhzohs6sarhhp2xkz1oted/mnt/MVI_Brain_Tumor/masks/196.png
train,/sessions/rcw-01rhzohs6sarhhp2xkz1oted/mnt/MVI_Brain_Tumor/images/2310.png,/sessions/rcw-01rhzohs6sarhhp2xkz1oted/mnt/MVI_Brain_Tumor/masks/2310.png
train,/sessions/rcw-01rhzohs6sarhhp2xkz1oted/mnt/MVI_Brain_Tumor/images/2143.png,/sessions/rcw-01rhzohs6sarhhp2xkz1oted/mnt/MVI_Brain_Tumor/masks/2143.png
train,/sessions/rcw-01rhzohs6sarhhp2xkz1oted/mnt/MVI_Brain_Tumor/images/201.png,/sessions/rcw-01rhzohs6sarhhp2xkz1oted/mnt/MVI_Brain_Tumor/masks/201.png
train,/sessions/rcw-01rhzohs6sarhhp2xkz1oted/mnt/MVI_Brain_Tumor/images/724.png,/sessions/rcw-01rhzohs6sarhhp2xkz1oted/mnt/MVI_Brain_Tumor/masks/724.png
train,/sessions/rcw-01rhzohs6sarhhp2xkz1oted/mnt/MVI_Brain_Tumor/images/2704.png,/sessions/rcw-01rhzohs6sarhhp2xkz1oted/mnt/MVI_Brain_Tumor/masks/2704.png
train,/sessions/rcw-01rhzohs6sarhhp2xkz1oted/mnt/MVI_Brain_Tumor/images/1024.png,/sessions/rcw-01rhzohs6sarhhp2xkz1oted/mnt/MVI_Brain_Tumor/masks/1024.png
train,/sessions/rcw-01rhzohs6sarhhp2xkz1oted/mnt/MVI_Brain_Tumor/images/2689.png,/sessions/rcw-01rhzohs6sarhhp2xkz1oted/mnt/MVI_Brain_Tumor/masks/2689.png
train,/sessions/rcw-01rhzohs6sarhhp2xkz1oted/mnt/MVI_Brain_Tumor/images/632.png,/sessions/rcw-01rhzohs6sarhhp2xkz1oted/mnt/MVI_Brain_Tumor/masks/632.png
train,/sessions/rcw-01rhzohs6sarhhp2xkz1oted/mnt/MVI_Brain_Tumor/images/216.png,/sessions/rcw-01rhzohs6sarhhp2xkz1oted/mnt/MVI_Brain_Tumor/masks/216.png
train,/sessions/rcw-01rhzohs6sarhhp2xkz1oted/mnt/MVI_Brain_Tumor/images/1356.png,/sessions/rcw-01rhzohs6sarhhp2xkz1oted/mnt/MVI_Brain_Tumor/masks/1356.png
train,/sessions/rcw-01rhzohs6sarhhp2xkz1oted/mnt/MVI_Brain_Tumor/images/1558.png,/sessions/rcw-01rhzohs6sarhhp2xkz1oted/mnt/MVI_Brain_Tumor/masks/1558.png
train,/sessions/rcw-01rhzohs6sarhhp2xkz1oted/mnt/MVI_Brain_Tumor/images/2439.png,/sessions/rcw-01rhzohs6sarhhp2xkz1oted/mnt/MVI_Brain_Tumor/masks/2439.png
train,/sessions/rcw-01rhzohs6sarhhp2xkz1oted/mnt/MVI_Brain_Tumor/images/2434.png,/sessions/rcw-01rhzohs6sarhhp2xkz1oted/mnt/MVI_Brain_Tumor/masks/2434.png
train,/sessions/rcw-01rhzohs6sarhhp2xkz1oted/mnt/MVI_Brain_Tumor/images/259.png,/sessions/rcw-01rhzohs6sarhhp2xkz1oted/mnt/MVI_Brain_Tumor/masks/259.png
train,/sessions/rcw-01rhzohs6sarhhp2xkz1oted/mnt/MVI_Brain_Tumor/images/2839.png,/sessions/rcw-01rhzohs6sarhhp2xkz1oted/mnt/MVI_Brain_Tumor/masks/2839.png
train,/sessions/rcw-01rhzohs6sarhhp2xkz1oted/mnt/MVI_Brain_Tumor/images/26.png,/sessions/rcw-01rhzohs6sarhhp2xkz1oted/mnt/MVI_Brain_Tumor/masks/26.png
train,/sessions/rcw-01rhzohs6sarhhp2xkz1oted/mnt/MVI_Brain_Tumor/images/2614.png,/sessions/rcw-01rhzohs6sarhhp2xkz1oted/mnt/MVI_Brain_Tumor/masks/2614.png
train,/sessions/rcw-01rhzohs6sarhhp2xkz1oted/mnt/MVI_Brain_Tumor/images/658.png,/sessions/rcw-01rhzohs6sarhhp2xkz1oted/mnt/MVI_Brain_Tumor/masks/658.png
train,/sessions/rcw-01rhzohs6sarhhp2xkz1oted/mnt/MVI_Brain_Tumor/images/944.png,/sessions/rcw-01rhzohs6sarhhp2xkz1oted/mnt/MVI_Brain_Tumor/masks/944.png
train,/sessions/rcw-01rhzohs6sarhhp2xkz1oted/mnt/MVI_Brain_Tumor/images/2389.png,/sessions/rcw-01rhzohs6sarhhp2xkz1oted/mnt/MVI_Brain_Tumor/masks/2389.png
train,/sessions/rcw-01rhzohs6sarhhp2xkz1oted/mnt/MVI_Brain_Tumor/images/2644.png,/sessions/rcw-01rhzohs6sarhhp2xkz1oted/mnt/MVI_Brain_Tumor/masks/2644.png
train,/sessions/rcw-01rhzohs6sarhhp2xkz1oted/mnt/MVI_Brain_Tumor/images/2127.png,/sessions/rcw-01rhzohs6sarhhp2xkz1oted/mnt/MVI_Brain_Tumor/masks/2127.png
train,/sessions/rcw-01rhzohs6sarhhp2xkz1oted/mnt/MVI_Brain_Tumor/images/2133.png,/sessions/rcw-01rhzohs6sarhhp2xkz1oted/mnt/MVI_Brain_Tumor/masks/2133.png
train,/sessions/rcw-01rhzohs6sarhhp2xkz1oted/mnt/MVI_Brain_Tumor/images/1343.png,/sessions/rcw-01rhzohs6sarhhp2xkz1oted/mnt/MVI_Brain_Tumor/masks/1343.png
train,/sessions/rcw-01rhzohs6sarhhp2xkz1oted/mnt/MVI_Brain_Tumor/images/2716.png,/sessions/rcw-01rhzohs6sarhhp2xkz1oted/mnt/MVI_Brain_Tumor/masks/2716.png
train,/sessions/rcw-01rhzohs6sarhhp2xkz1oted/mnt/MVI_Brain_Tumor/images/785.png,/sessions/rcw-01rhzohs6sarhhp2xkz1oted/mnt/MVI_Brain_Tumor/masks/785.png
train,/sessions/rcw-01rhzohs6sarhhp2xkz1oted/mnt/MVI_Brain_Tumor/images/366.png,/sessions/rcw-01rhzohs6sarhhp2xkz1oted/mnt/MVI_Brain_Tumor/masks/366.png
train,/sessions/rcw-01rhzohs6sarhhp2xkz1oted/mnt/MVI_Brain_Tumor/images/1378.png,/sessions/rcw-01rhzohs6sarhhp2xkz1oted/mnt/MVI_Brain_Tumor/masks/1378.png
train,/sessions/rcw-01rhzohs6sarhhp2xkz1oted/mnt/MVI_Brain_Tumor/images/1259.png,/sessions/rcw-01rhzohs6sarhhp2xkz1oted/mnt/MVI_Brain_Tumor/masks/1259.png
train,/sessions/rcw-01rhzohs6sarhhp2xkz1oted/mnt/MVI_Brain_Tumor/images/2971.png,/sessions/rcw-01rhzohs6sarhhp2xkz1oted/mnt/MVI_Brain_Tumor/masks/2971.png
train,/sessions/rcw-01rhzohs6sarhhp2xkz1oted/mnt/MVI_Brain_Tumor/images/1908.png,/sessions/rcw-01rhzohs6sarhhp2xkz1oted/mnt/MVI_Brain_Tumor/masks/1908.png
train,/sessions/rcw-01rhzohs6sarhhp2xkz1oted/mnt/MVI_Brain_Tumor/images/210.png,/sessions/rcw-01rhzohs6sarhhp2xkz1oted/mnt/MVI_Brain_Tumor/masks/210.png
train,/sessions/rcw-01rhzohs6sarhhp2xkz1oted/mnt/MVI_Brain_Tumor/images/1837.png,/sessions/rcw-01rhzohs6sarhhp2xkz1oted/mnt/MVI_Brain_Tumor/masks/1837.png
train,/sessions/rcw-01rhzohs6sarhhp2xkz1oted/mnt/MVI_Brain_Tumor/images/3039.png,/sessions/rcw-01rhzohs6sarhhp2xkz1oted/mnt/MVI_Brain_Tumor/masks/3039.png
train,/sessions/rcw-01rhzohs6sarhhp2xkz1oted/mnt/MVI_Brain_Tumor/images/2355.png,/sessions/rcw-01rhzohs6sarhhp2xkz1oted/mnt/MVI_Brain_Tumor/masks/2355.png
train,/sessions/rcw-01rhzohs6sarhhp2xkz1oted/mnt/MVI_Brain_Tumor/images/2698.png,/sessions/rcw-01rhzohs6sarhhp2xkz1oted/mnt/MVI_Brain_Tumor/masks/2698.png
train,/sessions/rcw-01rhzohs6sarhhp2xkz1oted/mnt/MVI_Brain_Tumor/images/1804.png,/sessions/rcw-01rhzohs6sarhhp2xkz1oted/mnt/MVI_Brain_Tumor/masks/1804.png
train,/sessions/rcw-01rhzohs6sarhhp2xkz1oted/mnt/MVI_Brain_Tumor/images/2595.png,/sessions/rcw-01rhzohs6sarhhp2xkz1oted/mnt/MVI_Brain_Tumor/masks/2595.png
train,/sessions/rcw-01rhzohs6sarhhp2xkz1oted/mnt/MVI_Brain_Tumor/images/567.png,/sessions/rcw-01rhzohs6sarhhp2xkz1oted/mnt/MVI_Brain_Tumor/masks/567.png
train,/sessions/rcw-01rhzohs6sarhhp2xkz1oted/mnt/MVI_Brain_Tumor/images/1207.png,/sessions/rcw-01rhzohs6sarhhp2xkz1oted/mnt/MVI_Brain_Tumor/masks/1207.png
train,/sessions/rcw-01rhzohs6sarhhp2xkz1oted/mnt/MVI_Brain_Tumor/images/2431.png,/sessions/rcw-01rhzohs6sarhhp2xkz1oted/mnt/MVI_Brain_Tumor/masks/2431.png
train,/sessions/rcw-01rhzohs6sarhhp2xkz1oted/mnt/MVI_Brain_Tumor/images/2344.png,/sessions/rcw-01rhzohs6sarhhp2xkz1oted/mnt/MVI_Brain_Tumor/masks/2344.png
train,/sessions/rcw-01rhzohs6sarhhp2xkz1oted/mnt/MVI_Brain_Tumor/images/299.png,/sessions/rcw-01rhzohs6sarhhp2xkz1oted/mnt/MVI_Brain_Tumor/masks/299.png
train,/sessions/rcw-01rhzohs6sarhhp2xkz1oted/mnt/MVI_Brain_Tumor/images/819.png,/sessions/rcw-01rhzohs6sarhhp2xkz1oted/mnt/MVI_Brain_Tumor/masks/819.png
train,/sessions/rcw-01rhzohs6sarhhp2xkz1oted/mnt/MVI_Brain_Tumor/images/1447.png,/sessions/rcw-01rhzohs6sarhhp2xkz1oted/mnt/MVI_Brain_Tumor/masks/1447.png
train,/sessions/rcw-01rhzohs6sarhhp2xkz1oted/mnt/MVI_Brain_Tumor/images/1709.png,/sessions/rcw-01rhzohs6sarhhp2xkz1oted/mnt/MVI_Brain_Tumor/masks/1709.png
train,/sessions/rcw-01rhzohs6sarhhp2xkz1oted/mnt/MVI_Brain_Tumor/images/1912.png,/sessions/rcw-01rhzohs6sarhhp2xkz1oted/mnt/MVI_Brain_Tumor/masks/1912.png
train,/sessions/rcw-01rhzohs6sarhhp2xkz1oted/mnt/MVI_Brain_Tumor/images/1668.png,/sessions/rcw-01rhzohs6sarhhp2xkz1oted/mnt/MVI_Brain_Tumor/masks/1668.png
train,/sessions/rcw-01rhzohs6sarhhp2xkz1oted/mnt/MVI_Brain_Tumor/images/2484.png,/sessions/rcw-01rhzohs6sarhhp2xkz1oted/mnt/MVI_Brain_Tumor/masks/2484.png
train,/sessions/rcw-01rhzohs6sarhhp2xkz1oted/mnt/MVI_Brain_Tumor/images/1188.png,/sessions/rcw-01rhzohs6sarhhp2xkz1oted/mnt/MVI_Brain_Tumor/masks/1188.png
train,/sessions/rcw-01rhzohs6sarhhp2xkz1oted/mnt/MVI_Brain_Tumor/images/3030.png,/sessions/rcw-01rhzohs6sarhhp2xkz1oted/mnt/MVI_Brain_Tumor/masks/3030.png
train,/sessions/rcw-01rhzohs6sarhhp2xkz1oted/mnt/MVI_Brain_Tumor/images/1885.png,/sessions/rcw-01rhzohs6sarhhp2xkz1oted/mnt/MVI_Brain_Tumor/masks/1885.png
train,/sessions/rcw-01rhzohs6sarhhp2xkz1oted/mnt/MVI_Brain_Tumor/images/286.png,/sessions/rcw-01rhzohs6sarhhp2xkz1oted/mnt/MVI_Brain_Tumor/masks/286.png
train,/sessions/rcw-01rhzohs6sarhhp2xkz1oted/mnt/MVI_Brain_Tumor/images/2005.png,/sessions/rcw-01rhzohs6sarhhp2xkz1oted/mnt/MVI_Brain_Tumor/masks/2005.png
train,/sessions/rcw-01rhzohs6sarhhp2xkz1oted/mnt/MVI_Brain_Tumor/images/2521.png,/sessions/rcw-01rhzohs6sarhhp2xkz1oted/mnt/MVI_Brain_Tumor/masks/2521.png
train,/sessions/rcw-01rhzohs6sarhhp2xkz1oted/mnt/MVI_Brain_Tumor/images/314.png,/sessions/rcw-01rhzohs6sarhhp2xkz1oted/mnt/MVI_Brain_Tumor/masks/314.png
train,/sessions/rcw-01rhzohs6sarhhp2xkz1oted/mnt/MVI_Brain_Tumor/images/839.png,/sessions/rcw-01rhzohs6sarhhp2xkz1oted/mnt/MVI_Brain_Tumor/masks/839.png
train,/sessions/rcw-01rhzohs6sarhhp2xkz1oted/mnt/MVI_Brain_Tumor/images/2258.png,/sessions/rcw-01rhzohs6sarhhp2xkz1oted/mnt/MVI_Brain_Tumor/masks/2258.png
train,/sessions/rcw-01rhzohs6sarhhp2xkz1oted/mnt/MVI_Brain_Tumor/images/1139.png,/sessions/rcw-01rhzohs6sarhhp2xkz1oted/mnt/MVI_Brain_Tumor/masks/1139.png
train,/sessions/rcw-01rhzohs6sarhhp2xkz1oted/mnt/MVI_Brain_Tumor/images/2760.png,/sessions/rcw-01rhzohs6sarhhp2xkz1oted/mnt/MVI_Brain_Tumor/masks/2760.png
train,/sessions/rcw-01rhzohs6sarhhp2xkz1oted/mnt/MVI_Brain_Tumor/images/810.png,/sessions/rcw-01rhzohs6sarhhp2xkz1oted/mnt/MVI_Brain_Tumor/masks/810.png
train,/sessions/rcw-01rhzohs6sarhhp2xkz1oted/mnt/MVI_Brain_Tumor/images/1413.png,/sessions/rcw-01rhzohs6sarhhp2xkz1oted/mnt/MVI_Brain_Tumor/masks/1413.png
train,/sessions/rcw-01rhzohs6sarhhp2xkz1oted/mnt/MVI_Brain_Tumor/images/2477.png,/sessions/rcw-01rhzohs6sarhhp2xkz1oted/mnt/MVI_Brain_Tumor/masks/2477.png
train,/sessions/rcw-01rhzohs6sarhhp2xkz1oted/mnt/MVI_Brain_Tumor/images/1663.png,/sessions/rcw-01rhzohs6sarhhp2xkz1oted/mnt/MVI_Brain_Tumor/masks/1663.png
train,/sessions/rcw-01rhzohs6sarhhp2xkz1oted/mnt/MVI_Brain_Tumor/images/2659.png,/sessions/rcw-01rhzohs6sarhhp2xkz1oted/mnt/MVI_Brain_Tumor/masks/2659.png
train,/sessions/rcw-01rhzohs6sarhhp2xkz1oted/mnt/MVI_Brain_Tumor/images/2341.png,/sessions/rcw-01rhzohs6sarhhp2xkz1oted/mnt/MVI_Brain_Tumor/masks/2341.png
train,/sessions/rcw-01rhzohs6sarhhp2xkz1oted/mnt/MVI_Brain_Tumor/images/2101.png,/sessions/rcw-01rhzohs6sarhhp2xkz1oted/mnt/MVI_Brain_Tumor/masks/2101.png
train,/sessions/rcw-01rhzohs6sarhhp2xkz1oted/mnt/MVI_Brain_Tumor/images/111.png,/sessions/rcw-01rhzohs6sarhhp2xkz1oted/mnt/MVI_Brain_Tumor/masks/111.png
train,/sessions/rcw-01rhzohs6sarhhp2xkz1oted/mnt/MVI_Brain_Tumor/images/284.png,/sessions/rcw-01rhzohs6sarhhp2xkz1oted/mnt/MVI_Brain_Tumor/masks/284.png
train,/sessions/rcw-01rhzohs6sarhhp2xkz1oted/mnt/MVI_Brain_Tumor/images/683.png,/sessions/rcw-01rhzohs6sarhhp2xkz1oted/mnt/MVI_Brain_Tumor/masks/683.png
train,/sessions/rcw-01rhzohs6sarhhp2xkz1oted/mnt/MVI_Brain_Tumor/images/2724.png,/sessions/rcw-01rhzohs6sarhhp2xkz1oted/mnt/MVI_Brain_Tumor/masks/2724.png
train,/sessions/rcw-01rhzohs6sarhhp2xkz1oted/mnt/MVI_Brain_Tumor/images/2321.png,/sessions/rcw-01rhzohs6sarhhp2xkz1oted/mnt/MVI_Brain_Tumor/masks/2321.png
train,/sessions/rcw-01rhzohs6sarhhp2xkz1oted/mnt/MVI_Brain_Tumor/images/1166.png,/sessions/rcw-01rhzohs6sarhhp2xkz1oted/mnt/MVI_Brain_Tumor/masks/1166.png
train,/sessions/rcw-01rhzohs6sarhhp2xkz1oted/mnt/MVI_Brain_Tumor/images/1594.png,/sessions/rcw-01rhzohs6sarhhp2xkz1oted/mnt/MVI_Brain_Tumor/masks/1594.png
train,/sessions/rcw-01rhzohs6sarhhp2xkz1oted/mnt/MVI_Brain_Tumor/images/2807.png,/sessions/rcw-01rhzohs6sarhhp2xkz1oted/mnt/MVI_Brain_Tumor/masks/2807.png
train,/sessions/rcw-01rhzohs6sarhhp2xkz1oted/mnt/MVI_Brain_Tumor/images/2559.png,/sessions/rcw-01rhzohs6sarhhp2xkz1oted/mnt/MVI_Brain_Tumor/masks/2559.png
train,/sessions/rcw-01rhzohs6sarhhp2xkz1oted/mnt/MVI_Brain_Tumor/images/45.png,/sessions/rcw-01rhzohs6sarhhp2xkz1oted/mnt/MVI_Brain_Tumor/masks/45.png
train,/sessions/rcw-01rhzohs6sarhhp2xkz1oted/mnt/MVI_Brain_Tumor/images/1841.png,/sessions/rcw-01rhzohs6sarhhp2xkz1oted/mnt/MVI_Brain_Tumor/masks/1841.png
train,/sessions/rcw-01rhzohs6sarhhp2xkz1oted/mnt/MVI_Brain_Tumor/images/2371.png,/sessions/rcw-01rhzohs6sarhhp2xkz1oted/mnt/MVI_Brain_Tumor/masks/2371.png
train,/sessions/rcw-01rhzohs6sarhhp2xkz1oted/mnt/MVI_Brain_Tumor/images/1116.png,/sessions/rcw-01rhzohs6sarhhp2xkz1oted/mnt/MVI_Brain_Tumor/masks/1116.png
train,/sessions/rcw-01rhzohs6sarhhp2xkz1oted/mnt/MVI_Brain_Tumor/images/974.png,/sessions/rcw-01rhzohs6sarhhp2xkz1oted/mnt/MVI_Brain_Tumor/masks/974.png
train,/sessions/rcw-01rhzohs6sarhhp2xkz1oted/mnt/MVI_Brain_Tumor/images/2754.png,/sessions/rcw-01rhzohs6sarhhp2xkz1oted/mnt/MVI_Brain_Tumor/masks/2754.png
train,/sessions/rcw-01rhzohs6sarhhp2xkz1oted/mnt/MVI_Brain_Tumor/images/1333.png,/sessions/rcw-01rhzohs6sarhhp2xkz1oted/mnt/MVI_Brain_Tumor/masks/1333.png
train,/sessions/rcw-01rhzohs6sarhhp2xkz1oted/mnt/MVI_Brain_Tumor/images/437.png,/sessions/rcw-01rhzohs6sarhhp2xkz1oted/mnt/MVI_Brain_Tumor/masks/437.png
train,/sessions/rcw-01rhzohs6sarhhp2xkz1oted/mnt/MVI_Brain_Tumor/images/1429.png,/sessions/rcw-01rhzohs6sarhhp2xkz1oted/mnt/MVI_Brain_Tumor/masks/1429.png
train,/sessions/rcw-01rhzohs6sarhhp2xkz1oted/mnt/MVI_Brain_Tumor/images/2503.png,/sessions/rcw-01rhzohs6sarhhp2xkz1oted/mnt/MVI_Brain_Tumor/masks/2503.png
train,/sessions/rcw-01rhzohs6sarhhp2xkz1oted/mnt/MVI_Brain_Tumor/images/1230.png,/sessions/rcw-01rhzohs6sarhhp2xkz1oted/mnt/MVI_Brain_Tumor/masks/1230.png
train,/sessions/rcw-01rhzohs6sarhhp2xkz1oted/mnt/MVI_Brain_Tumor/images/1792.png,/sessions/rcw-01rhzohs6sarhhp2xkz1oted/mnt/MVI_Brain_Tumor/masks/1792.png
train,/sessions/rcw-01rhzohs6sarhhp2xkz1oted/mnt/MVI_Brain_Tumor/images/2334.png,/sessions/rcw-01rhzohs6sarhhp2xkz1oted/mnt/MVI_Brain_Tumor/masks/2334.png
train,/sessions/rcw-01rhzohs6sarhhp2xkz1oted/mnt/MVI_Brain_Tumor/images/2011.png,/sessions/rcw-01rhzohs6sarhhp2xkz1oted/mnt/MVI_Brain_Tumor/masks/2011.png
train,/sessions/rcw-01rhzohs6sarhhp2xkz1oted/mnt/MVI_Brain_Tumor/images/2938.png,/sessions/rcw-01rhzohs6sarhhp2xkz1oted/mnt/MVI_Brain_Tumor/masks/2938.png
train,/sessions/rcw-01rhzohs6sarhhp2xkz1oted/mnt/MVI_Brain_Tumor/images/1344.png,/sessions/rcw-01rhzohs6sarhhp2xkz1oted/mnt/MVI_Brain_Tumor/masks/1344.png
train,/sessions/rcw-01rhzohs6sarhhp2xkz1oted/mnt/MVI_Brain_Tumor/images/2953.png,/sessions/rcw-01rhzohs6sarhhp2xkz1oted/mnt/MVI_Brain_Tumor/masks/2953.png
train,/sessions/rcw-01rhzohs6sarhhp2xkz1oted/mnt/MVI_Brain_Tumor/images/2904.png,/sessions/rcw-01rhzohs6sarhhp2xkz1oted/mnt/MVI_Brain_Tumor/masks/2904.png
train,/sessions/rcw-01rhzohs6sarhhp2xkz1oted/mnt/MVI_Brain_Tumor/images/1412.png,/sessions/rcw-01rhzohs6sarhhp2xkz1oted/mnt/MVI_Brain_Tumor/masks/1412.png
train,/sessions/rcw-01rhzohs6sarhhp2xkz1oted/mnt/MVI_Brain_Tumor/images/1925.png,/sessions/rcw-01rhzohs6sarhhp2xkz1oted/mnt/MVI_Brain_Tumor/masks/1925.png
train,/sessions/rcw-01rhzohs6sarhhp2xkz1oted/mnt/MVI_Brain_Tumor/images/2047.png,/sessions/rcw-01rhzohs6sarhhp2xkz1oted/mnt/MVI_Brain_Tumor/masks/2047.png
train,/sessions/rcw-01rhzohs6sarhhp2xkz1oted/mnt/MVI_Brain_Tumor/images/2940.png,/sessions/rcw-01rhzohs6sarhhp2xkz1oted/mnt/MVI_Brain_Tumor/masks/2940.png
train,/sessions/rcw-01rhzohs6sarhhp2xkz1oted/mnt/MVI_Brain_Tumor/images/135.png,/sessions/rcw-01rhzohs6sarhhp2xkz1oted/mnt/MVI_Brain_Tumor/masks/135.png
train,/sessions/rcw-01rhzohs6sarhhp2xkz1oted/mnt/MVI_Brain_Tumor/images/2651.png,/sessions/rcw-01rhzohs6sarhhp2xkz1oted/mnt/MVI_Brain_Tumor/masks/2651.png
train,/sessions/rcw-01rhzohs6sarhhp2xkz1oted/mnt/MVI_Brain_Tumor/images/2625.png,/sessions/rcw-01rhzohs6sarhhp2xkz1oted/mnt/MVI_Brain_Tumor/masks/2625.png
train,/sessions/rcw-01rhzohs6sarhhp2xkz1oted/mnt/MVI_Brain_Tumor/images/441.png,/sessions/rcw-01rhzohs6sarhhp2xkz1oted/mnt/MVI_Brain_Tumor/masks/441.png
train,/sessions/rcw-01rhzohs6sarhhp2xkz1oted/mnt/MVI_Brain_Tumor/images/1390.png,/sessions/rcw-01rhzohs6sarhhp2xkz1oted/mnt/MVI_Brain_Tumor/masks/1390.png
train,/sessions/rcw-01rhzohs6sarhhp2xkz1oted/mnt/MVI_Brain_Tumor/images/2033.png,/sessions/rcw-01rhzohs6sarhhp2xkz1oted/mnt/MVI_Brain_Tumor/masks/2033.png
train,/sessions/rcw-01rhzohs6sarhhp2xkz1oted/mnt/MVI_Brain_Tumor/images/843.png,/sessions/rcw-01rhzohs6sarhhp2xkz1oted/mnt/MVI_Brain_Tumor/masks/843.png
train,/sessions/rcw-01rhzohs6sarhhp2xkz1oted/mnt/MVI_Brain_Tumor/images/558.png,/sessions/rcw-01rhzohs6sarhhp2xkz1oted/mnt/MVI_Brain_Tumor/masks/558.png
train,/sessions/rcw-01rhzohs6sarhhp2xkz1oted/mnt/MVI_Brain_Tumor/images/1081.png,/sessions/rcw-01rhzohs6sarhhp2xkz1oted/mnt/MVI_Brain_Tumor/masks/1081.png
train,/sessions/rcw-01rhzohs6sarhhp2xkz1oted/mnt/MVI_Brain_Tumor/images/1964.png,/sessions/rcw-01rhzohs6sarhhp2xkz1oted/mnt/MVI_Brain_Tumor/masks/1964.png
train,/sessions/rcw-01rhzohs6sarhhp2xkz1oted/mnt/MVI_Brain_Tumor/images/1239.png,/sessions/rcw-01rhzohs6sarhhp2xkz1oted/mnt/MVI_Brain_Tumor/masks/1239.png
train,/sessions/rcw-01rhzohs6sarhhp2xkz1oted/mnt/MVI_Brain_Tumor/images/540.png,/sessions/rcw-01rhzohs6sarhhp2xkz1oted/mnt/MVI_Brain_Tumor/masks/540.png
train,/sessions/rcw-01rhzohs6sarhhp2xkz1oted/mnt/MVI_Brain_Tumor/images/892.png,/sessions/rcw-01rhzohs6sarhhp2xkz1oted/mnt/MVI_Brain_Tumor/masks/892.png
train,/sessions/rcw-01rhzohs6sarhhp2xkz1oted/mnt/MVI_Brain_Tumor/images/172.png,/sessions/rcw-01rhzohs6sarhhp2xkz1oted/mnt/MVI_Brain_Tumor/masks/172.png
train,/sessions/rcw-01rhzohs6sarhhp2xkz1oted/mnt/MVI_Brain_Tumor/images/1752.png,/sessions/rcw-01rhzohs6sarhhp2xkz1oted/mnt/MVI_Brain_Tumor/masks/1752.png
train,/sessions/rcw-01rhzohs6sarhhp2xkz1oted/mnt/MVI_Brain_Tumor/images/1637.png,/sessions/rcw-01rhzohs6sarhhp2xkz1oted/mnt/MVI_Brain_Tumor/masks/1637.png
train,/sessions/rcw-01rhzohs6sarhhp2xkz1oted/mnt/MVI_Brain_Tumor/images/2876.png,/sessions/rcw-01rhzohs6sarhhp2xkz1oted/mnt/MVI_Brain_Tumor/masks/2876.png
train,/sessions/rcw-01rhzohs6sarhhp2xkz1oted/mnt/MVI_Brain_Tumor/images/1144.png,/sessions/rcw-01rhzohs6sarhhp2xkz1oted/mnt/MVI_Brain_Tumor/masks/1144.png
train,/sessions/rcw-01rhzohs6sarhhp2xkz1oted/mnt/MVI_Brain_Tumor/images/2043.png,/sessions/rcw-01rhzohs6sarhhp2xkz1oted/mnt/MVI_Brain_Tumor/masks/2043.png
train,/sessions/rcw-01rhzohs6sarhhp2xkz1oted/mnt/MVI_Brain_Tumor/images/802.png,/sessions/rcw-01rhzohs6sarhhp2xkz1oted/mnt/MVI_Brain_Tumor/masks/802.png
train,/sessions/rcw-01rhzohs6sarhhp2xkz1oted/mnt/MVI_Brain_Tumor/images/786.png,/sessions/rcw-01rhzohs6sarhhp2xkz1oted/mnt/MVI_Brain_Tumor/masks/786.png
train,/sessions/rcw-01rhzohs6sarhhp2xkz1oted/mnt/MVI_Brain_Tumor/images/2879.png,/sessions/rcw-01rhzohs6sarhhp2xkz1oted/mnt/MVI_Brain_Tumor/masks/2879.png
train,/sessions/rcw-01rhzohs6sarhhp2xkz1oted/mnt/MVI_Brain_Tumor/images/1432.png,/sessions/rcw-01rhzohs6sarhhp2xkz1oted/mnt/MVI_Brain_Tumor/masks/1432.png
train,/sessions/rcw-01rhzohs6sarhhp2xkz1oted/mnt/MVI_Brain_Tumor/images/1682.png,/sessions/rcw-01rhzohs6sarhhp2xkz1oted/mnt/MVI_Brain_Tumor/masks/1682.png
train,/sessions/rcw-01rhzohs6sarhhp2xkz1oted/mnt/MVI_Brain_Tumor/images/268.png,/sessions/rcw-01rhzohs6sarhhp2xkz1oted/mnt/MVI_Brain_Tumor/masks/268.png
train,/sessions/rcw-01rhzohs6sarhhp2xkz1oted/mnt/MVI_Brain_Tumor/images/1777.png,/sessions/rcw-01rhzohs6sarhhp2xkz1oted/mnt/MVI_Brain_Tumor/masks/1777.png
train,/sessions/rcw-01rhzohs6sarhhp2xkz1oted/mnt/MVI_Brain_Tumor/images/1640.png,/sessions/rcw-01rhzohs6sarhhp2xkz1oted/mnt/MVI_Brain_Tumor/masks/1640.png
train,/sessions/rcw-01rhzohs6sarhhp2xkz1oted/mnt/MVI_Brain_Tumor/images/2273.png,/sessions/rcw-01rhzohs6sarhhp2xkz1oted/mnt/MVI_Brain_Tumor/masks/2273.png
train,/sessions/rcw-01rhzohs6sarhhp2xkz1oted/mnt/MVI_Brain_Tumor/images/1924.png,/sessions/rcw-01rhzohs6sarhhp2xkz1oted/mnt/MVI_Brain_Tumor/masks/1924.png
train,/sessions/rcw-01rhzohs6sarhhp2xkz1oted/mnt/MVI_Brain_Tumor/images/79.png,/sessions/rcw-01rhzohs6sarhhp2xkz1oted/mnt/MVI_Brain_Tumor/masks/79.png
train,/sessions/rcw-01rhzohs6sarhhp2xkz1oted/mnt/MVI_Brain_Tumor/images/106.png,/sessions/rcw-01rhzohs6sarhhp2xkz1oted/mnt/MVI_Brain_Tumor/masks/106.png
train,/sessions/rcw-01rhzohs6sarhhp2xkz1oted/mnt/MVI_Brain_Tumor/images/1171.png,/sessions/rcw-01rhzohs6sarhhp2xkz1oted/mnt/MVI_Brain_Tumor/masks/1171.png
train,/sessions/rcw-01rhzohs6sarhhp2xkz1oted/mnt/MVI_Brain_Tumor/images/2853.png,/sessions/rcw-01rhzohs6sarhhp2xkz1oted/mnt/MVI_Brain_Tumor/masks/2853.png
train,/sessions/rcw-01rhzohs6sarhhp2xkz1oted/mnt/MVI_Brain_Tumor/images/1466.png,/sessions/rcw-01rhzohs6sarhhp2xkz1oted/mnt/MVI_Brain_Tumor/masks/1466.png
train,/sessions/rcw-01rhzohs6sarhhp2xkz1oted/mnt/MVI_Brain_Tumor/images/1240.png,/sessions/rcw-01rhzohs6sarhhp2xkz1oted/mnt/MVI_Brain_Tumor/masks/1240.png
train,/sessions/rcw-01rhzohs6sarhhp2xkz1oted/mnt/MVI_Brain_Tumor/images/2458.png,/sessions/rcw-01rhzohs6sarhhp2xkz1oted/mnt/MVI_Brain_Tumor/masks/2458.png
train,/sessions/rcw-01rhzohs6sarhhp2xkz1oted/mnt/MVI_Brain_Tumor/images/1737.png,/sessions/rcw-01rhzohs6sarhhp2xkz1oted/mnt/MVI_Brain_Tumor/masks/1737.png
train,/sessions/rcw-01rhzohs6sarhhp2xkz1oted/mnt/MVI_Brain_Tumor/images/2257.png,/sessions/rcw-01rhzohs6sarhhp2xkz1oted/mnt/MVI_Brain_Tumor/masks/2257.png
train,/sessions/rcw-01rhzohs6sarhhp2xkz1oted/mnt/MVI_Brain_Tumor/images/2283.png,/sessions/rcw-01rhzohs6sarhhp2xkz1oted/mnt/MVI_Brain_Tumor/masks/2283.png
train,/sessions/rcw-01rhzohs6sarhhp2xkz1oted/mnt/MVI_Brain_Tumor/images/1418.png,/sessions/rcw-01rhzohs6sarhhp2xkz1oted/mnt/MVI_Brain_Tumor/masks/1418.png
train,/sessions/rcw-01rhzohs6sarhhp2xkz1oted/mnt/MVI_Brain_Tumor/images/2375.png,/sessions/rcw-01rhzohs6sarhhp2xkz1oted/mnt/MVI_Brain_Tumor/masks/2375.png
train,/sessions/rcw-01rhzohs6sarhhp2xkz1oted/mnt/MVI_Brain_Tumor/images/1083.png,/sessions/rcw-01rhzohs6sarhhp2xkz1oted/mnt/MVI_Brain_Tumor/masks/1083.png
train,/sessions/rcw-01rhzohs6sarhhp2xkz1oted/mnt/MVI_Brain_Tumor/images/1008.png,/sessions/rcw-01rhzohs6sarhhp2xkz1oted/mnt/MVI_Brain_Tumor/masks/1008.png
train,/sessions/rcw-01rhzohs6sarhhp2xkz1oted/mnt/MVI_Brain_Tumor/images/538.png,/sessions/rcw-01rhzohs6sarhhp2xkz1oted/mnt/MVI_Brain_Tumor/masks/538.png
train,/sessions/rcw-01rhzohs6sarhhp2xkz1oted/mnt/MVI_Brain_Tumor/images/1394.png,/sessions/rcw-01rhzohs6sarhhp2xkz1oted/mnt/MVI_Brain_Tumor/masks/1394.png
train,/sessions/rcw-01rhzohs6sarhhp2xkz1oted/mnt/MVI_Brain_Tumor/images/2545.png,/sessions/rcw-01rhzohs6sarhhp2xkz1oted/mnt/MVI_Brain_Tumor/masks/2545.png
train,/sessions/rcw-01rhzohs6sarhhp2xkz1oted/mnt/MVI_Brain_Tumor/images/3034.png,/sessions/rcw-01rhzohs6sarhhp2xkz1oted/mnt/MVI_Brain_Tumor/masks/3034.png
train,/sessions/rcw-01rhzohs6sarhhp2xkz1oted/mnt/MVI_Brain_Tumor/images/2280.png,/sessions/rcw-01rhzohs6sarhhp2xkz1oted/mnt/MVI_Brain_Tumor/masks/2280.png
train,/sessions/rcw-01rhzohs6sarhhp2xkz1oted/mnt/MVI_Brain_Tumor/images/1076.png,/sessions/rcw-01rhzohs6sarhhp2xkz1oted/mnt/MVI_Brain_Tumor/masks/1076.png
train,/sessions/rcw-01rhzohs6sarhhp2xkz1oted/mnt/MVI_Brain_Tumor/images/376.png,/sessions/rcw-01rhzohs6sarhhp2xkz1oted/mnt/MVI_Brain_Tumor/masks/376.png
train,/sessions/rcw-01rhzohs6sarhhp2xkz1oted/mnt/MVI_Brain_Tumor/images/17.png,/sessions/rcw-01rhzohs6sarhhp2xkz1oted/mnt/MVI_Brain_Tumor/masks/17.png
train,/sessions/rcw-01rhzohs6sarhhp2xkz1oted/mnt/MVI_Brain_Tumor/images/1978.png,/sessions/rcw-01rhzohs6sarhhp2xkz1oted/mnt/MVI_Brain_Tumor/masks/1978.png
train,/sessions/rcw-01rhzohs6sarhhp2xkz1oted/mnt/MVI_Brain_Tumor/images/1747.png,/sessions/rcw-01rhzohs6sarhhp2xkz1oted/mnt/MVI_Brain_Tumor/masks/1747.png
train,/sessions/rcw-01rhzohs6sarhhp2xkz1oted/mnt/MVI_Brain_Tumor/images/1530.png,/sessions/rcw-01rhzohs6sarhhp2xkz1oted/mnt/MVI_Brain_Tumor/masks/1530.png
train,/sessions/rcw-01rhzohs6sarhhp2xkz1oted/mnt/MVI_Brain_Tumor/images/621.png,/sessions/rcw-01rhzohs6sarhhp2xkz1oted/mnt/MVI_Brain_Tumor/masks/621.png
train,/sessions/rcw-01rhzohs6sarhhp2xkz1oted/mnt/MVI_Brain_Tumor/images/571.png,/sessions/rcw-01rhzohs6sarhhp2xkz1oted/mnt/MVI_Brain_Tumor/masks/571.png
train,/sessions/rcw-01rhzohs6sarhhp2xkz1oted/mnt/MVI_Brain_Tumor/images/315.png,/sessions/rcw-01rhzohs6sarhhp2xkz1oted/mnt/MVI_Brain_Tumor/masks/315.png
train,/sessions/rcw-01rhzohs6sarhhp2xkz1oted/mnt/MVI_Brain_Tumor/images/1266.png,/sessions/rcw-01rhzohs6sarhhp2xkz1oted/mnt/MVI_Brain_Tumor/masks/1266.png
train,/sessions/rcw-01rhzohs6sarhhp2xkz1oted/mnt/MVI_Brain_Tumor/images/2295.png,/sessions/rcw-01rhzohs6sarhhp2xkz1oted/mnt/MVI_Brain_Tumor/masks/2295.png
train,/sessions/rcw-01rhzohs6sarhhp2xkz1oted/mnt/MVI_Brain_Tumor/images/2861.png,/sessions/rcw-01rhzohs6sarhhp2xkz1oted/mnt/MVI_Brain_Tumor/masks/2861.png
train,/sessions/rcw-01rhzohs6sarhhp2xkz1oted/mnt/MVI_Brain_Tumor/images/375.png,/sessions/rcw-01rhzohs6sarhhp2xkz1oted/mnt/MVI_Brain_Tumor/masks/375.png
train,/sessions/rcw-01rhzohs6sarhhp2xkz1oted/mnt/MVI_Brain_Tumor/images/75.png,/sessions/rcw-01rhzohs6sarhhp2xkz1oted/mnt/MVI_Brain_Tumor/masks/75.png
train,/sessions/rcw-01rhzohs6sarhhp2xkz1oted/mnt/MVI_Brain_Tumor/images/1617.png,/sessions/rcw-01rhzohs6sarhhp2xkz1oted/mnt/MVI_Brain_Tumor/masks/1617.png
train,/sessions/rcw-01rhzohs6sarhhp2xkz1oted/mnt/MVI_Brain_Tumor/images/1984.png,/sessions/rcw-01rhzohs6sarhhp2xkz1oted/mnt/MVI_Brain_Tumor/masks/1984.png
train,/sessions/rcw-01rhzohs6sarhhp2xkz1oted/mnt/MVI_Brain_Tumor/images/2657.png,/sessions/rcw-01rhzohs6sarhhp2xkz1oted/mnt/MVI_Brain_Tumor/masks/2657.png
train,/sessions/rcw-01rhzohs6sarhhp2xkz1oted/mnt/MVI_Brain_Tumor/images/3056.png,/sessions/rcw-01rhzohs6sarhhp2xkz1oted/mnt/MVI_Brain_Tumor/masks/3056.png
train,/sessions/rcw-01rhzohs6sarhhp2xkz1oted/mnt/MVI_Brain_Tumor/images/1889.png,/sessions/rcw-01rhzohs6sarhhp2xkz1oted/mnt/MVI_Brain_Tumor/masks/1889.png
train,/sessions/rcw-01rhzohs6sarhhp2xkz1oted/mnt/MVI_Brain_Tumor/images/2290.png,/sessions/rcw-01rhzohs6sarhhp2xkz1oted/mnt/MVI_Brain_Tumor/masks/2290.png
train,/sessions/rcw-01rhzohs6sarhhp2xkz1oted/mnt/MVI_Brain_Tumor/images/1995.png,/sessions/rcw-01rhzohs6sarhhp2xkz1oted/mnt/MVI_Brain_Tumor/masks/1995.png
train,/sessions/rcw-01rhzohs6sarhhp2xkz1oted/mnt/MVI_Brain_Tumor/images/2120.png,/sessions/rcw-01rhzohs6sarhhp2xkz1oted/mnt/MVI_Brain_Tumor/masks/2120.png
train,/sessions/rcw-01rhzohs6sarhhp2xkz1oted/mnt/MVI_Brain_Tumor/images/2299.png,/sessions/rcw-01rhzohs6sarhhp2xkz1oted/mnt/MVI_Brain_Tumor/masks/2299.png
train,/sessions/rcw-01rhzohs6sarhhp2xkz1oted/mnt/MVI_Brain_Tumor/images/2865.png,/sessions/rcw-01rhzohs6sarhhp2xkz1oted/mnt/MVI_Brain_Tumor/masks/2865.png
train,/sessions/rcw-01rhzohs6sarhhp2xkz1oted/mnt/MVI_Brain_Tumor/images/325.png,/sessions/rcw-01rhzohs6sarhhp2xkz1oted/mnt/MVI_Brain_Tumor/masks/325.png
train,/sessions/rcw-01rhzohs6sarhhp2xkz1oted/mnt/MVI_Brain_Tumor/images/267.png,/sessions/rcw-01rhzohs6sarhhp2xkz1oted/mnt/MVI_Brain_Tumor/masks/267.png
train,/sessions/rcw-01rhzohs6sarhhp2xkz1oted/mnt/MVI_Brain_Tumor/images/845.png,/sessions/rcw-01rhzohs6sarhhp2xkz1oted/mnt/MVI_Brain_Tumor/masks/845.png
train,/sessions/rcw-01rhzohs6sarhhp2xkz1oted/mnt/MVI_Brain_Tumor/images/1802.png,/sessions/rcw-01rhzohs6sarhhp2xkz1oted/mnt/MVI_Brain_Tumor/masks/1802.png
train,/sessions/rcw-01rhzohs6sarhhp2xkz1oted/mnt/MVI_Brain_Tumor/images/815.png,/sessions/rcw-01rhzohs6sarhhp2xkz1oted/mnt/MVI_Brain_Tumor/masks/815.png
train,/sessions/rcw-01rhzohs6sarhhp2xkz1oted/mnt/MVI_Brain_Tumor/images/1521.png,/sessions/rcw-01rhzohs6sarhhp2xkz1oted/mnt/MVI_Brain_Tumor/masks/1521.png
train,/sessions/rcw-01rhzohs6sarhhp2xkz1oted/mnt/MVI_Brain_Tumor/images/2249.png,/sessions/rcw-01rhzohs6sarhhp2xkz1oted/mnt/MVI_Brain_Tumor/masks/2249.png
train,/sessions/rcw-01rhzohs6sarhhp2xkz1oted/mnt/MVI_Brain_Tumor/images/1810.png,/sessions/rcw-01rhzohs6sarhhp2xkz1oted/mnt/MVI_Brain_Tumor/masks/1810.png
train,/sessions/rcw-01rhzohs6sarhhp2xkz1oted/mnt/MVI_Brain_Tumor/images/2014.png,/sessions/rcw-01rhzohs6sarhhp2xkz1oted/mnt/MVI_Brain_Tumor/masks/2014.png
train,/sessions/rcw-01rhzohs6sarhhp2xkz1oted/mnt/MVI_Brain_Tumor/images/2783.png,/sessions/rcw-01rhzohs6sarhhp2xkz1oted/mnt/MVI_Brain_Tumor/masks/2783.png
train,/sessions/rcw-01rhzohs6sarhhp2xkz1oted/mnt/MVI_Brain_Tumor/images/189.png,/sessions/rcw-01rhzohs6sarhhp2xkz1oted/mnt/MVI_Brain_Tumor/masks/189.png
train,/sessions/rcw-01rhzohs6sarhhp2xkz1oted/mnt/MVI_Brain_Tumor/images/1129.png,/sessions/rcw-01rhzohs6sarhhp2xkz1oted/mnt/MVI_Brain_Tumor/masks/1129.png
train,/sessions/rcw-01rhzohs6sarhhp2xkz1oted/mnt/MVI_Brain_Tumor/images/2203.png,/sessions/rcw-01rhzohs6sarhhp2xkz1oted/mnt/MVI_Brain_Tumor/masks/2203.png
train,/sessions/rcw-01rhzohs6sarhhp2xkz1oted/mnt/MVI_Brain_Tumor/images/783.png,/sessions/rcw-01rhzohs6sarhhp2xkz1oted/mnt/MVI_Brain_Tumor/masks/783.png
train,/sessions/rcw-01rhzohs6sarhhp2xkz1oted/mnt/MVI_Brain_Tumor/images/2772.png,/sessions/rcw-01rhzohs6sarhhp2xkz1oted/mnt/MVI_Brain_Tumor/masks/2772.png
train,/sessions/rcw-01rhzohs6sarhhp2xkz1oted/mnt/MVI_Brain_Tumor/images/61.png,/sessions/rcw-01rhzohs6sarhhp2xkz1oted/mnt/MVI_Brain_Tumor/masks/61.png
train,/sessions/rcw-01rhzohs6sarhhp2xkz1oted/mnt/MVI_Brain_Tumor/images/822.png,/sessions/rcw-01rhzohs6sarhhp2xkz1oted/mnt/MVI_Brain_Tumor/masks/822.png
train,/sessions/rcw-01rhzohs6sarhhp2xkz1oted/mnt/MVI_Brain_Tumor/images/1815.png,/sessions/rcw-01rhzohs6sarhhp2xkz1oted/mnt/MVI_Brain_Tumor/masks/1815.png
train,/sessions/rcw-01rhzohs6sarhhp2xkz1oted/mnt/MVI_Brain_Tumor/images/1647.png,/sessions/rcw-01rhzohs6sarhhp2xkz1oted/mnt/MVI_Brain_Tumor/masks/1647.png
train,/sessions/rcw-01rhzohs6sarhhp2xkz1oted/mnt/MVI_Brain_Tumor/images/2269.png,/sessions/rcw-01rhzohs6sarhhp2xkz1oted/mnt/MVI_Brain_Tumor/masks/2269.png
train,/sessions/rcw-01rhzohs6sarhhp2xkz1oted/mnt/MVI_Brain_Tumor/images/942.png,/sessions/rcw-01rhzohs6sarhhp2xkz1oted/mnt/MVI_Brain_Tumor/masks/942.png
train,/sessions/rcw-01rhzohs6sarhhp2xkz1oted/mnt/MVI_Brain_Tumor/images/2125.png,/sessions/rcw-01rhzohs6sarhhp2xkz1oted/mnt/MVI_Brain_Tumor/masks/2125.png
train,/sessions/rcw-01rhzohs6sarhhp2xkz1oted/mnt/MVI_Brain_Tumor/images/1401.png,/sessions/rcw-01rhzohs6sarhhp2xkz1oted/mnt/MVI_Brain_Tumor/masks/1401.png
train,/sessions/rcw-01rhzohs6sarhhp2xkz1oted/mnt/MVI_Brain_Tumor/images/1153.png,/sessions/rcw-01rhzohs6sarhhp2xkz1oted/mnt/MVI_Brain_Tumor/masks/1153.png
train,/sessions/rcw-01rhzohs6sarhhp2xkz1oted/mnt/MVI_Brain_Tumor/images/2968.png,/sessions/rcw-01rhzohs6sarhhp2xkz1oted/mnt/MVI_Brain_Tumor/masks/2968.png
train,/sessions/rcw-01rhzohs6sarhhp2xkz1oted/mnt/MVI_Brain_Tumor/images/440.png,/sessions/rcw-01rhzohs6sarhhp2xkz1oted/mnt/MVI_Brain_Tumor/masks/440.png
train,/sessions/rcw-01rhzohs6sarhhp2xkz1oted/mnt/MVI_Brain_Tumor/images/2446.png,/sessions/rcw-01rhzohs6sarhhp2xkz1oted/mnt/MVI_Brain_Tumor/masks/2446.png
train,/sessions/rcw-01rhzohs6sarhhp2xkz1oted/mnt/MVI_Brain_Tumor/images/457.png,/sessions/rcw-01rhzohs6sarhhp2xkz1oted/mnt/MVI_Brain_Tumor/masks/457.png
train,/sessions/rcw-01rhzohs6sarhhp2xkz1oted/mnt/MVI_Brain_Tumor/images/1364.png,/sessions/rcw-01rhzohs6sarhhp2xkz1oted/mnt/MVI_Brain_Tumor/masks/1364.png
train,/sessions/rcw-01rhzohs6sarhhp2xkz1oted/mnt/MVI_Brain_Tumor/images/2442.png,/sessions/rcw-01rhzohs6sarhhp2xkz1oted/mnt/MVI_Brain_Tumor/masks/2442.png
train,/sessions/rcw-01rhzohs6sarhhp2xkz1oted/mnt/MVI_Brain_Tumor/images/2237.png,/sessions/rcw-01rhzohs6sarhhp2xkz1oted/mnt/MVI_Brain_Tumor/masks/2237.png
train,/sessions/rcw-01rhzohs6sarhhp2xkz1oted/mnt/MVI_Brain_Tumor/images/2478.png,/sessions/rcw-01rhzohs6sarhhp2xkz1oted/mnt/MVI_Brain_Tumor/masks/2478.png
train,/sessions/rcw-01rhzohs6sarhhp2xkz1oted/mnt/MVI_Brain_Tumor/images/760.png,/sessions/rcw-01rhzohs6sarhhp2xkz1oted/mnt/MVI_Brain_Tumor/masks/760.png
train,/sessions/rcw-01rhzohs6sarhhp2xkz1oted/mnt/MVI_Brain_Tumor/images/342.png,/sessions/rcw-01rhzohs6sarhhp2xkz1oted/mnt/MVI_Brain_Tumor/masks/342.png
train,/sessions/rcw-01rhzohs6sarhhp2xkz1oted/mnt/MVI_Brain_Tumor/images/1638.png,/sessions/rcw-01rhzohs6sarhhp2xkz1oted/mnt/MVI_Brain_Tumor/masks/1638.png
train,/sessions/rcw-01rhzohs6sarhhp2xkz1oted/mnt/MVI_Brain_Tumor/images/2695.png,/sessions/rcw-01rhzohs6sarhhp2xkz1oted/mnt/MVI_Brain_Tumor/masks/2695.png
train,/sessions/rcw-01rhzohs6sarhhp2xkz1oted/mnt/MVI_Brain_Tumor/images/412.png,/sessions/rcw-01rhzohs6sarhhp2xkz1oted/mnt/MVI_Brain_Tumor/masks/412.png
train,/sessions/rcw-01rhzohs6sarhhp2xkz1oted/mnt/MVI_Brain_Tumor/images/1876.png,/sessions/rcw-01rhzohs6sarhhp2xkz1oted/mnt/MVI_Brain_Tumor/masks/1876.png
train,/sessions/rcw-01rhzohs6sarhhp2xkz1oted/mnt/MVI_Brain_Tumor/images/859.png,/sessions/rcw-01rhzohs6sarhhp2xkz1oted/mnt/MVI_Brain_Tumor/masks/859.png
train,/sessions/rcw-01rhzohs6sarhhp2xkz1oted/mnt/MVI_Brain_Tumor/images/2779.png,/sessions/rcw-01rhzohs6sarhhp2xkz1oted/mnt/MVI_Brain_Tumor/masks/2779.png
train,/sessions/rcw-01rhzohs6sarhhp2xkz1oted/mnt/MVI_Brain_Tumor/images/2468.png,/sessions/rcw-01rhzohs6sarhhp2xkz1oted/mnt/MVI_Brain_Tumor/masks/2468.png
train,/sessions/rcw-01rhzohs6sarhhp2xkz1oted/mnt/MVI_Brain_Tumor/images/448.png,/sessions/rcw-01rhzohs6sarhhp2xkz1oted/mnt/MVI_Brain_Tumor/masks/448.png
train,/sessions/rcw-01rhzohs6sarhhp2xkz1oted/mnt/MVI_Brain_Tumor/images/164.png,/sessions/rcw-01rhzohs6sarhhp2xkz1oted/mnt/MVI_Brain_Tumor/masks/164.png
train,/sessions/rcw-01rhzohs6sarhhp2xkz1oted/mnt/MVI_Brain_Tumor/images/2117.png,/sessions/rcw-01rhzohs6sarhhp2xkz1oted/mnt/MVI_Brain_Tumor/masks/2117.png
train,/sessions/rcw-01rhzohs6sarhhp2xkz1oted/mnt/MVI_Brain_Tumor/images/444.png,/sessions/rcw-01rhzohs6sarhhp2xkz1oted/mnt/MVI_Brain_Tumor/masks/444.png
train,/sessions/rcw-01rhzohs6sarhhp2xkz1oted/mnt/MVI_Brain_Tumor/images/1855.png,/sessions/rcw-01rhzohs6sarhhp2xkz1oted/mnt/MVI_Brain_Tumor/masks/1855.png
train,/sessions/rcw-01rhzohs6sarhhp2xkz1oted/mnt/MVI_Brain_Tumor/images/487.png,/sessions/rcw-01rhzohs6sarhhp2xkz1oted/mnt/MVI_Brain_Tumor/masks/487.png
train,/sessions/rcw-01rhzohs6sarhhp2xkz1oted/mnt/MVI_Brain_Tumor/images/1131.png,/sessions/rcw-01rhzohs6sarhhp2xkz1oted/mnt/MVI_Brain_Tumor/masks/1131.png
train,/sessions/rcw-01rhzohs6sarhhp2xkz1oted/mnt/MVI_Brain_Tumor/images/2186.png,/sessions/rcw-01rhzohs6sarhhp2xkz1oted/mnt/MVI_Brain_Tumor/masks/2186.png
train,/sessions/rcw-01rhzohs6sarhhp2xkz1oted/mnt/MVI_Brain_Tumor/images/1712.png,/sessions/rcw-01rhzohs6sarhhp2xkz1oted/mnt/MVI_Brain_Tumor/masks/1712.png
train,/sessions/rcw-01rhzohs6sarhhp2xkz1oted/mnt/MVI_Brain_Tumor/images/130.png,/sessions/rcw-01rhzohs6sarhhp2xkz1oted/mnt/MVI_Brain_Tumor/masks/130.png
train,/sessions/rcw-01rhzohs6sarhhp2xkz1oted/mnt/MVI_Brain_Tumor/images/6.png,/sessions/rcw-01rhzohs6sarhhp2xkz1oted/mnt/MVI_Brain_Tumor/masks/6.png
train,/sessions/rcw-01rhzohs6sarhhp2xkz1oted/mnt/MVI_Brain_Tumor/images/1232.png,/sessions/rcw-01rhzohs6sarhhp2xkz1oted/mnt/MVI_Brain_Tumor/masks/1232.png
train,/sessions/rcw-01rhzohs6sarhhp2xkz1oted/mnt/MVI_Brain_Tumor/images/1571.png,/sessions/rcw-01rhzohs6sarhhp2xkz1oted/mnt/MVI_Brain_Tumor/masks/1571.png
train,/sessions/rcw-01rhzohs6sarhhp2xkz1oted/mnt/MVI_Brain_Tumor/images/2570.png,/sessions/rcw-01rhzohs6sarhhp2xkz1oted/mnt/MVI_Brain_Tumor/masks/2570.png
train,/sessions/rcw-01rhzohs6sarhhp2xkz1oted/mnt/MVI_Brain_Tumor/images/925.png,/sessions/rcw-01rhzohs6sarhhp2xkz1oted/mnt/MVI_Brain_Tumor/masks/925.png
train,/sessions/rcw-01rhzohs6sarhhp2xkz1oted/mnt/MVI_Brain_Tumor/images/1048.png,/sessions/rcw-01rhzohs6sarhhp2xkz1oted/mnt/MVI_Brain_Tumor/masks/1048.png
train,/sessions/rcw-01rhzohs6sarhhp2xkz1oted/mnt/MVI_Brain_Tumor/images/772.png,/sessions/rcw-01rhzohs6sarhhp2xkz1oted/mnt/MVI_Brain_Tumor/masks/772.png
train,/sessions/rcw-01rhzohs6sarhhp2xkz1oted/mnt/MVI_Brain_Tumor/images/1863.png,/sessions/rcw-01rhzohs6sarhhp2xkz1oted/mnt/MVI_Brain_Tumor/masks/1863.png
train,/sessions/rcw-01rhzohs6sarhhp2xkz1oted/mnt/MVI_Brain_Tumor/images/2155.png,/sessions/rcw-01rhzohs6sarhhp2xkz1oted/mnt/MVI_Brain_Tumor/masks/2155.png
train,/sessions/rcw-01rhzohs6sarhhp2xkz1oted/mnt/MVI_Brain_Tumor/images/977.png,/sessions/rcw-01rhzohs6sarhhp2xkz1oted/mnt/MVI_Brain_Tumor/masks/977.png
train,/sessions/rcw-01rhzohs6sarhhp2xkz1oted/mnt/MVI_Brain_Tumor/images/273.png,/sessions/rcw-01rhzohs6sarhhp2xkz1oted/mnt/MVI_Brain_Tumor/masks/273.png
train,/sessions/rcw-01rhzohs6sarhhp2xkz1oted/mnt/MVI_Brain_Tumor/images/2151.png,/sessions/rcw-01rhzohs6sarhhp2xkz1oted/mnt/MVI_Brain_Tumor/masks/2151.png
train,/sessions/rcw-01rhzohs6sarhhp2xkz1oted/mnt/MVI_Brain_Tumor/images/523.png,/sessions/rcw-01rhzohs6sarhhp2xkz1oted/mnt/MVI_Brain_Tumor/masks/523.png
train,/sessions/rcw-01rhzohs6sarhhp2xkz1oted/mnt/MVI_Brain_Tumor/images/1467.png,/sessions/rcw-01rhzohs6sarhhp2xkz1oted/mnt/MVI_Brain_Tumor/masks/1467.png
train,/sessions/rcw-01rhzohs6sarhhp2xkz1oted/mnt/MVI_Brain_Tumor/images/513.png,/sessions/rcw-01rhzohs6sarhhp2xkz1oted/mnt/MVI_Brain_Tumor/masks/513.png
train,/sessions/rcw-01rhzohs6sarhhp2xkz1oted/mnt/MVI_Brain_Tumor/images/25.png,/sessions/rcw-01rhzohs6sarhhp2xkz1oted/mnt/MVI_Brain_Tumor/masks/25.png
train,/sessions/rcw-01rhzohs6sarhhp2xkz1oted/mnt/MVI_Brain_Tumor/images/2035.png,/sessions/rcw-01rhzohs6sarhhp2xkz1oted/mnt/MVI_Brain_Tumor/masks/2035.png
train,/sessions/rcw-01rhzohs6sarhhp2xkz1oted/mnt/MVI_Brain_Tumor/images/3008.png,/sessions/rcw-01rhzohs6sarhhp2xkz1oted/mnt/MVI_Brain_Tumor/masks/3008.png
train,/sessions/rcw-01rhzohs6sarhhp2xkz1oted/mnt/MVI_Brain_Tumor/images/2179.png,/sessions/rcw-01rhzohs6sarhhp2xkz1oted/mnt/MVI_Brain_Tumor/masks/2179.png
train,/sessions/rcw-01rhzohs6sarhhp2xkz1oted/mnt/MVI_Brain_Tumor/images/566.png,/sessions/rcw-01rhzohs6sarhhp2xkz1oted/mnt/MVI_Brain_Tumor/masks/566.png
train,/sessions/rcw-01rhzohs6sarhhp2xkz1oted/mnt/MVI_Brain_Tumor/images/117.png,/sessions/rcw-01rhzohs6sarhhp2xkz1oted/mnt/MVI_Brain_Tumor/masks/117.png
train,/sessions/rcw-01rhzohs6sarhhp2xkz1oted/mnt/MVI_Brain_Tumor/images/2824.png,/sessions/rcw-01rhzohs6sarhhp2xkz1oted/mnt/MVI_Brain_Tumor/masks/2824.png
train,/sessions/rcw-01rhzohs6sarhhp2xkz1oted/mnt/MVI_Brain_Tumor/images/649.png,/sessions/rcw-01rhzohs6sarhhp2xkz1oted/mnt/MVI_Brain_Tumor/masks/649.png
train,/sessions/rcw-01rhzohs6sarhhp2xkz1oted/mnt/MVI_Brain_Tumor/images/1025.png,/sessions/rcw-01rhzohs6sarhhp2xkz1oted/mnt/MVI_Brain_Tumor/masks/1025.png
train,/sessions/rcw-01rhzohs6sarhhp2xkz1oted/mnt/MVI_Brain_Tumor/images/2169.png,/sessions/rcw-01rhzohs6sarhhp2xkz1oted/mnt/MVI_Brain_Tumor/masks/2169.png
train,/sessions/rcw-01rhzohs6sarhhp2xkz1oted/mnt/MVI_Brain_Tumor/images/2802.png,/sessions/rcw-01rhzohs6sarhhp2xkz1oted/mnt/MVI_Brain_Tumor/masks/2802.png
train,/sessions/rcw-01rhzohs6sarhhp2xkz1oted/mnt/MVI_Brain_Tumor/images/1892.png,/sessions/rcw-01rhzohs6sarhhp2xkz1oted/mnt/MVI_Brain_Tumor/masks/1892.png
train,/sessions/rcw-01rhzohs6sarhhp2xkz1oted/mnt/MVI_Brain_Tumor/images/550.png,/sessions/rcw-01rhzohs6sarhhp2xkz1oted/mnt/MVI_Brain_Tumor/masks/550.png
train,/sessions/rcw-01rhzohs6sarhhp2xkz1oted/mnt/MVI_Brain_Tumor/images/1796.png,/sessions/rcw-01rhzohs6sarhhp2xkz1oted/mnt/MVI_Brain_Tumor/masks/1796.png
train,/sessions/rcw-01rhzohs6sarhhp2xkz1oted/mnt/MVI_Brain_Tumor/images/801.png,/sessions/rcw-01rhzohs6sarhhp2xkz1oted/mnt/MVI_Brain_Tumor/masks/801.png
train,/sessions/rcw-01rhzohs6sarhhp2xkz1oted/mnt/MVI_Brain_Tumor/images/1011.png,/sessions/rcw-01rhzohs6sarhhp2xkz1oted/mnt/MVI_Brain_Tumor/masks/1011.png
train,/sessions/rcw-01rhzohs6sarhhp2xkz1oted/mnt/MVI_Brain_Tumor/images/1543.png,/sessions/rcw-01rhzohs6sarhhp2xkz1oted/mnt/MVI_Brain_Tumor/masks/1543.png
train,/sessions/rcw-01rhzohs6sarhhp2xkz1oted/mnt/MVI_Brain_Tumor/images/2394.png,/sessions/rcw-01rhzohs6sarhhp2xkz1oted/mnt/MVI_Brain_Tumor/masks/2394.png
train,/sessions/rcw-01rhzohs6sarhhp2xkz1oted/mnt/MVI_Brain_Tumor/images/154.png,/sessions/rcw-01rhzohs6sarhhp2xkz1oted/mnt/MVI_Brain_Tumor/masks/154.png
train,/sessions/rcw-01rhzohs6sarhhp2xkz1oted/mnt/MVI_Brain_Tumor/images/676.png,/sessions/rcw-01rhzohs6sarhhp2xkz1oted/mnt/MVI_Brain_Tumor/masks/676.png
train,/sessions/rcw-01rhzohs6sarhhp2xkz1oted/mnt/MVI_Brain_Tumor/images/2409.png,/sessions/rcw-01rhzohs6sarhhp2xkz1oted/mnt/MVI_Brain_Tumor/masks/2409.png
train,/sessions/rcw-01rhzohs6sarhhp2xkz1oted/mnt/MVI_Brain_Tumor/images/2847.png,/sessions/rcw-01rhzohs6sarhhp2xkz1oted/mnt/MVI_Brain_Tumor/masks/2847.png
train,/sessions/rcw-01rhzohs6sarhhp2xkz1oted/mnt/MVI_Brain_Tumor/images/1489.png,/sessions/rcw-01rhzohs6sarhhp2xkz1oted/mnt/MVI_Brain_Tumor/masks/1489.png
train,/sessions/rcw-01rhzohs6sarhhp2xkz1oted/mnt/MVI_Brain_Tumor/images/405.png,/sessions/rcw-01rhzohs6sarhhp2xkz1oted/mnt/MVI_Brain_Tumor/masks/405.png
train,/sessions/rcw-01rhzohs6sarhhp2xkz1oted/mnt/MVI_Brain_Tumor/images/257.png,/sessions/rcw-01rhzohs6sarhhp2xkz1oted/mnt/MVI_Brain_Tumor/masks/257.png
train,/sessions/rcw-01rhzohs6sarhhp2xkz1oted/mnt/MVI_Brain_Tumor/images/639.png,/sessions/rcw-01rhzohs6sarhhp2xkz1oted/mnt/MVI_Brain_Tumor/masks/639.png
train,/sessions/rcw-01rhzohs6sarhhp2xkz1oted/mnt/MVI_Brain_Tumor/images/875.png,/sessions/rcw-01rhzohs6sarhhp2xkz1oted/mnt/MVI_Brain_Tumor/masks/875.png
train,/sessions/rcw-01rhzohs6sarhhp2xkz1oted/mnt/MVI_Brain_Tumor/images/438.png,/sessions/rcw-01rhzohs6sarhhp2xkz1oted/mnt/MVI_Brain_Tumor/masks/438.png
train,/sessions/rcw-01rhzohs6sarhhp2xkz1oted/mnt/MVI_Brain_Tumor/images/1894.png,/sessions/rcw-01rhzohs6sarhhp2xkz1oted/mnt/MVI_Brain_Tumor/masks/1894.png
train,/sessions/rcw-01rhzohs6sarhhp2xkz1oted/mnt/MVI_Brain_Tumor/images/2930.png,/sessions/rcw-01rhzohs6sarhhp2xkz1oted/mnt/MVI_Brain_Tumor/masks/2930.png
train,/sessions/rcw-01rhzohs6sarhhp2xkz1oted/mnt/MVI_Brain_Tumor/images/2524.png,/sessions/rcw-01rhzohs6sarhhp2xkz1oted/mnt/MVI_Brain_Tumor/masks/2524.png
train,/sessions/rcw-01rhzohs6sarhhp2xkz1oted/mnt/MVI_Brain_Tumor/images/387.png,/sessions/rcw-01rhzohs6sarhhp2xkz1oted/mnt/MVI_Brain_Tumor/masks/387.png
train,/sessions/rcw-01rhzohs6sarhhp2xkz1oted/mnt/MVI_Brain_Tumor/images/2367.png,/sessions/rcw-01rhzohs6sarhhp2xkz1oted/mnt/MVI_Brain_Tumor/masks/2367.png
train,/sessions/rcw-01rhzohs6sarhhp2xkz1oted/mnt/MVI_Brain_Tumor/images/2535.png,/sessions/rcw-01rhzohs6sarhhp2xkz1oted/mnt/MVI_Brain_Tumor/masks/2535.png
train,/sessions/rcw-01rhzohs6sarhhp2xkz1oted/mnt/MVI_Brain_Tumor/images/3024.png,/sessions/rcw-01rhzohs6sarhhp2xkz1oted/mnt/MVI_Brain_Tumor/masks/3024.png
train,/sessions/rcw-01rhzohs6sarhhp2xkz1oted/mnt/MVI_Brain_Tumor/images/2490.png,/sessions/rcw-01rhzohs6sarhhp2xkz1oted/mnt/MVI_Brain_Tumor/masks/2490.png
train,/sessions/rcw-01rhzohs6sarhhp2xkz1oted/mnt/MVI_Brain_Tumor/images/869.png,/sessions/rcw-01rhzohs6sarhhp2xkz1oted/mnt/MVI_Brain_Tumor/masks/869.png
train,/sessions/rcw-01rhzohs6sarhhp2xkz1oted/mnt/MVI_Brain_Tumor/images/2285.png,/sessions/rcw-01rhzohs6sarhhp2xkz1oted/mnt/MVI_Brain_Tumor/masks/2285.png
train,/sessions/rcw-01rhzohs6sarhhp2xkz1oted/mnt/MVI_Brain_Tumor/images/2800.png,/sessions/rcw-01rhzohs6sarhhp2xkz1oted/mnt/MVI_Brain_Tumor/masks/2800.png
train,/sessions/rcw-01rhzohs6sarhhp2xkz1oted/mnt/MVI_Brain_Tumor/images/275.png,/sessions/rcw-01rhzohs6sarhhp2xkz1oted/mnt/MVI_Brain_Tumor/masks/275.png
train,/sessions/rcw-01rhzohs6sarhhp2xkz1oted/mnt/MVI_Brain_Tumor/images/1926.png,/sessions/rcw-01rhzohs6sarhhp2xkz1oted/mnt/MVI_Brain_Tumor/masks/1926.png
train,/sessions/rcw-01rhzohs6sarhhp2xkz1oted/mnt/MVI_Brain_Tumor/images/1272.png,/sessions/rcw-01rhzohs6sarhhp2xkz1oted/mnt/MVI_Brain_Tumor/masks/1272.png
train,/sessions/rcw-01rhzohs6sarhhp2xkz1oted/mnt/MVI_Brain_Tumor/images/2960.png,/sessions/rcw-01rhzohs6sarhhp2xkz1oted/mnt/MVI_Brain_Tumor/masks/2960.png
train,/sessions/rcw-01rhzohs6sarhhp2xkz1oted/mnt/MVI_Brain_Tumor/images/2312.png,/sessions/rcw-01rhzohs6sarhhp2xkz1oted/mnt/MVI_Brain_Tumor/masks/2312.png
train,/sessions/rcw-01rhzohs6sarhhp2xkz1oted/mnt/MVI_Brain_Tumor/images/2793.png,/sessions/rcw-01rhzohs6sarhhp2xkz1oted/mnt/MVI_Brain_Tumor/masks/2793.png
train,/sessions/rcw-01rhzohs6sarhhp2xkz1oted/mnt/MVI_Brain_Tumor/images/1452.png,/sessions/rcw-01rhzohs6sarhhp2xkz1oted/mnt/MVI_Brain_Tumor/masks/1452.png
train,/sessions/rcw-01rhzohs6sarhhp2xkz1oted/mnt/MVI_Brain_Tumor/images/227.png,/sessions/rcw-01rhzohs6sarhhp2xkz1oted/mnt/MVI_Brain_Tumor/masks/227.png
train,/sessions/rcw-01rhzohs6sarhhp2xkz1oted/mnt/MVI_Brain_Tumor/images/2017.png,/sessions/rcw-01rhzohs6sarhhp2xkz1oted/mnt/MVI_Brain_Tumor/masks/2017.png
train,/sessions/rcw-01rhzohs6sarhhp2xkz1oted/mnt/MVI_Brain_Tumor/images/586.png,/sessions/rcw-01rhzohs6sarhhp2xkz1oted/mnt/MVI_Brain_Tumor/masks/586.png
train,/sessions/rcw-01rhzohs6sarhhp2xkz1oted/mnt/MVI_Brain_Tumor/images/1809.png,/sessions/rcw-01rhzohs6sarhhp2xkz1oted/mnt/MVI_Brain_Tumor/masks/1809.png
train,/sessions/rcw-01rhzohs6sarhhp2xkz1oted/mnt/MVI_Brain_Tumor/images/445.png,/sessions/rcw-01rhzohs6sarhhp2xkz1oted/mnt/MVI_Brain_Tumor/masks/445.png
train,/sessions/rcw-01rhzohs6sarhhp2xkz1oted/mnt/MVI_Brain_Tumor/images/767.png,/sessions/rcw-01rhzohs6sarhhp2xkz1oted/mnt/MVI_Brain_Tumor/masks/767.png
train,/sessions/rcw-01rhzohs6sarhhp2xkz1oted/mnt/MVI_Brain_Tumor/images/20.png,/sessions/rcw-01rhzohs6sarhhp2xkz1oted/mnt/MVI_Brain_Tumor/masks/20.png
train,/sessions/rcw-01rhzohs6sarhhp2xkz1oted/mnt/MVI_Brain_Tumor/images/2509.png,/sessions/rcw-01rhzohs6sarhhp2xkz1oted/mnt/MVI_Brain_Tumor/masks/2509.png
train,/sessions/rcw-01rhzohs6sarhhp2xkz1oted/mnt/MVI_Brain_Tumor/images/1422.png,/sessions/rcw-01rhzohs6sarhhp2xkz1oted/mnt/MVI_Brain_Tumor/masks/1422.png
train,/sessions/rcw-01rhzohs6sarhhp2xkz1oted/mnt/MVI_Brain_Tumor/images/899.png,/sessions/rcw-01rhzohs6sarhhp2xkz1oted/mnt/MVI_Brain_Tumor/masks/899.png
train,/sessions/rcw-01rhzohs6sarhhp2xkz1oted/mnt/MVI_Brain_Tumor/images/1667.png,/sessions/rcw-01rhzohs6sarhhp2xkz1oted/mnt/MVI_Brain_Tumor/masks/1667.png
train,/sessions/rcw-01rhzohs6sarhhp2xkz1oted/mnt/MVI_Brain_Tumor/images/1174.png,/sessions/rcw-01rhzohs6sarhhp2xkz1oted/mnt/MVI_Brain_Tumor/masks/1174.png
train,/sessions/rcw-01rhzohs6sarhhp2xkz1oted/mnt/MVI_Brain_Tumor/images/1850.png,/sessions/rcw-01rhzohs6sarhhp2xkz1oted/mnt/MVI_Brain_Tumor/masks/1850.png
train,/sessions/rcw-01rhzohs6sarhhp2xkz1oted/mnt/MVI_Brain_Tumor/images/991.png,/sessions/rcw-01rhzohs6sarhhp2xkz1oted/mnt/MVI_Brain_Tumor/masks/991.png
train,/sessions/rcw-01rhzohs6sarhhp2xkz1oted/mnt/MVI_Brain_Tumor/images/2721.png,/sessions/rcw-01rhzohs6sarhhp2xkz1oted/mnt/MVI_Brain_Tumor/masks/2721.png
train,/sessions/rcw-01rhzohs6sarhhp2xkz1oted/mnt/MVI_Brain_Tumor/images/2586.png,/sessions/rcw-01rhzohs6sarhhp2xkz1oted/mnt/MVI_Brain_Tumor/masks/2586.png
train,/sessions/rcw-01rhzohs6sarhhp2xkz1oted/mnt/MVI_Brain_Tumor/images/1368.png,/sessions/rcw-01rhzohs6sarhhp2xkz1oted/mnt/MVI_Brain_Tumor/masks/1368.png
train,/sessions/rcw-01rhzohs6sarhhp2xkz1oted/mnt/MVI_Brain_Tumor/images/406.png,/sessions/rcw-01rhzohs6sarhhp2xkz1oted/mnt/MVI_Brain_Tumor/masks/406.png
train,/sessions/rcw-01rhzohs6sarhhp2xkz1oted/mnt/MVI_Brain_Tumor/images/2030.png,/sessions/rcw-01rhzohs6sarhhp2xkz1oted/mnt/MVI_Brain_Tumor/masks/2030.png
train,/sessions/rcw-01rhzohs6sarhhp2xkz1oted/mnt/MVI_Brain_Tumor/images/2801.png,/sessions/rcw-01rhzohs6sarhhp2xkz1oted/mnt/MVI_Brain_Tumor/masks/2801.png
train,/sessions/rcw-01rhzohs6sarhhp2xkz1oted/mnt/MVI_Brain_Tumor/images/228.png,/sessions/rcw-01rhzohs6sarhhp2xkz1oted/mnt/MVI_Brain_Tumor/masks/228.png
train,/sessions/rcw-01rhzohs6sarhhp2xkz1oted/mnt/MVI_Brain_Tumor/images/1843.png,/sessions/rcw-01rhzohs6sarhhp2xkz1oted/mnt/MVI_Brain_Tumor/masks/1843.png
train,/sessions/rcw-01rhzohs6sarhhp2xkz1oted/mnt/MVI_Brain_Tumor/images/542.png,/sessions/rcw-01rhzohs6sarhhp2xkz1oted/mnt/MVI_Brain_Tumor/masks/542.png
train,/sessions/rcw-01rhzohs6sarhhp2xkz1oted/mnt/MVI_Brain_Tumor/images/533.png,/sessions/rcw-01rhzohs6sarhhp2xkz1oted/mnt/MVI_Brain_Tumor/masks/533.png
train,/sessions/rcw-01rhzohs6sarhhp2xkz1oted/mnt/MVI_Brain_Tumor/images/2091.png,/sessions/rcw-01rhzohs6sarhhp2xkz1oted/mnt/MVI_Brain_Tumor/masks/2091.png
train,/sessions/rcw-01rhzohs6sarhhp2xkz1oted/mnt/MVI_Brain_Tumor/images/1472.png,/sessions/rcw-01rhzohs6sarhhp2xkz1oted/mnt/MVI_Brain_Tumor/masks/1472.png
train,/sessions/rcw-01rhzohs6sarhhp2xkz1oted/mnt/MVI_Brain_Tumor/images/2902.png,/sessions/rcw-01rhzohs6sarhhp2xkz1oted/mnt/MVI_Brain_Tumor/masks/2902.png
train,/sessions/rcw-01rhzohs6sarhhp2xkz1oted/mnt/MVI_Brain_Tumor/images/2718.png,/sessions/rcw-01rhzohs6sarhhp2xkz1oted/mnt/MVI_Brain_Tumor/masks/2718.png
train,/sessions/rcw-01rhzohs6sarhhp2xkz1oted/mnt/MVI_Brain_Tumor/images/2731.png,/sessions/rcw-01rhzohs6sarhhp2xkz1oted/mnt/MVI_Brain_Tumor/masks/2731.png
train,/sessions/rcw-01rhzohs6sarhhp2xkz1oted/mnt/MVI_Brain_Tumor/images/655.png,/sessions/rcw-01rhzohs6sarhhp2xkz1oted/mnt/MVI_Brain_Tumor/masks/655.png
train,/sessions/rcw-01rhzohs6sarhhp2xkz1oted/mnt/MVI_Brain_Tumor/images/2093.png,/sessions/rcw-01rhzohs6sarhhp2xkz1oted/mnt/MVI_Brain_Tumor/masks/2093.png
train,/sessions/rcw-01rhzohs6sarhhp2xkz1oted/mnt/MVI_Brain_Tumor/images/2372.png,/sessions/rcw-01rhzohs6sarhhp2xkz1oted/mnt/MVI_Brain_Tumor/masks/2372.png
train,/sessions/rcw-01rhzohs6sarhhp2xkz1oted/mnt/MVI_Brain_Tumor/images/67.png,/sessions/rcw-01rhzohs6sarhhp2xkz1oted/mnt/MVI_Brain_Tumor/masks/67.png
train,/sessions/rcw-01rhzohs6sarhhp2xkz1oted/mnt/MVI_Brain_Tumor/images/2104.png,/sessions/rcw-01rhzohs6sarhhp2xkz1oted/mnt/MVI_Brain_Tumor/masks/2104.png
train,/sessions/rcw-01rhzohs6sarhhp2xkz1oted/mnt/MVI_Brain_Tumor/images/559.png,/sessions/rcw-01rhzohs6sarhhp2xkz1oted/mnt/MVI_Brain_Tumor/masks/559.png
train,/sessions/rcw-01rhzohs6sarhhp2xkz1oted/mnt/MVI_Brain_Tumor/images/690.png,/sessions/rcw-01rhzohs6sarhhp2xkz1oted/mnt/MVI_Brain_Tumor/masks/690.png
train,/sessions/rcw-01rhzohs6sarhhp2xkz1oted/mnt/MVI_Brain_Tumor/images/3059.png,/sessions/rcw-01rhzohs6sarhhp2xkz1oted/mnt/MVI_Brain_Tumor/masks/3059.png
train,/sessions/rcw-01rhzohs6sarhhp2xkz1oted/mnt/MVI_Brain_Tumor/images/1306.png,/sessions/rcw-01rhzohs6sarhhp2xkz1oted/mnt/MVI_Brain_Tumor/masks/1306.png
train,/sessions/rcw-01rhzohs6sarhhp2xkz1oted/mnt/MVI_Brain_Tumor/images/2132.png,/sessions/rcw-01rhzohs6sarhhp2xkz1oted/mnt/MVI_Brain_Tumor/masks/2132.png
train,/sessions/rcw-01rhzohs6sarhhp2xkz1oted/mnt/MVI_Brain_Tumor/images/474.png,/sessions/rcw-01rhzohs6sarhhp2xkz1oted/mnt/MVI_Brain_Tumor/masks/474.png
train,/sessions/rcw-01rhzohs6sarhhp2xkz1oted/mnt/MVI_Brain_Tumor/images/492.png,/sessions/rcw-01rhzohs6sarhhp2xkz1oted/mnt/MVI_Brain_Tumor/masks/492.png
train,/sessions/rcw-01rhzohs6sarhhp2xkz1oted/mnt/MVI_Brain_Tumor/images/2455.png,/sessions/rcw-01rhzohs6sarhhp2xkz1oted/mnt/MVI_Brain_Tumor/masks/2455.png
train,/sessions/rcw-01rhzohs6sarhhp2xkz1oted/mnt/MVI_Brain_Tumor/images/2638.png,/sessions/rcw-01rhzohs6sarhhp2xkz1oted/mnt/MVI_Brain_Tumor/masks/2638.png
train,/sessions/rcw-01rhzohs6sarhhp2xkz1oted/mnt/MVI_Brain_Tumor/images/2031.png,/sessions/rcw-01rhzohs6sarhhp2xkz1oted/mnt/MVI_Brain_Tumor/masks/2031.png
train,/sessions/rcw-01rhzohs6sarhhp2xkz1oted/mnt/MVI_Brain_Tumor/images/2888.png,/sessions/rcw-01rhzohs6sarhhp2xkz1oted/mnt/MVI_Brain_Tumor/masks/2888.png
train,/sessions/rcw-01rhzohs6sarhhp2xkz1oted/mnt/MVI_Brain_Tumor/images/703.png,/sessions/rcw-01rhzohs6sarhhp2xkz1oted/mnt/MVI_Brain_Tumor/masks/703.png
train,/sessions/rcw-01rhzohs6sarhhp2xkz1oted/mnt/MVI_Brain_Tumor/images/766.png,/sessions/rcw-01rhzohs6sarhhp2xkz1oted/mnt/MVI_Brain_Tumor/masks/766.png
train,/sessions/rcw-01rhzohs6sarhhp2xkz1oted/mnt/MVI_Brain_Tumor/images/192.png,/sessions/rcw-01rhzohs6sarhhp2xkz1oted/mnt/MVI_Brain_Tumor/masks/192.png
train,/sessions/rcw-01rhzohs6sarhhp2xkz1oted/mnt/MVI_Brain_Tumor/images/1690.png,/sessions/rcw-01rhzohs6sarhhp2xkz1oted/mnt/MVI_Brain_Tumor/masks/1690.png
train,/sessions/rcw-01rhzohs6sarhhp2xkz1oted/mnt/MVI_Brain_Tumor/images/1255.png,/sessions/rcw-01rhzohs6sarhhp2xkz1oted/mnt/MVI_Brain_Tumor/masks/1255.png
train,/sessions/rcw-01rhzohs6sarhhp2xkz1oted/mnt/MVI_Brain_Tumor/images/3032.png,/sessions/rcw-01rhzohs6sarhhp2xkz1oted/mnt/MVI_Brain_Tumor/masks/3032.png
train,/sessions/rcw-01rhzohs6sarhhp2xkz1oted/mnt/MVI_Brain_Tumor/images/122.png,/sessions/rcw-01rhzohs6sarhhp2xkz1oted/mnt/MVI_Brain_Tumor/masks/122.png
train,/sessions/rcw-01rhzohs6sarhhp2xkz1oted/mnt/MVI_Brain_Tumor/images/1275.png,/sessions/rcw-01rhzohs6sarhhp2xkz1oted/mnt/MVI_Brain_Tumor/masks/1275.png
train,/sessions/rcw-01rhzohs6sarhhp2xkz1oted/mnt/MVI_Brain_Tumor/images/1357.png,/sessions/rcw-01rhzohs6sarhhp2xkz1oted/mnt/MVI_Brain_Tumor/masks/1357.png
train,/sessions/rcw-01rhzohs6sarhhp2xkz1oted/mnt/MVI_Brain_Tumor/images/2825.png,/sessions/rcw-01rhzohs6sarhhp2xkz1oted/mnt/MVI_Brain_Tumor/masks/2825.png
train,/sessions/rcw-01rhzohs6sarhhp2xkz1oted/mnt/MVI_Brain_Tumor/images/1385.png,/sessions/rcw-01rhzohs6sarhhp2xkz1oted/mnt/MVI_Brain_Tumor/masks/1385.png
train,/sessions/rcw-01rhzohs6sarhhp2xkz1oted/mnt/MVI_Brain_Tumor/images/1278.png,/sessions/rcw-01rhzohs6sarhhp2xkz1oted/mnt/MVI_Brain_Tumor/masks/1278.png
train,/sessions/rcw-01rhzohs6sarhhp2xkz1oted/mnt/MVI_Brain_Tumor/images/2875.png,/sessions/rcw-01rhzohs6sarhhp2xkz1oted/mnt/MVI_Brain_Tumor/masks/2875.png
train,/sessions/rcw-01rhzohs6sarhhp2xkz1oted/mnt/MVI_Brain_Tumor/images/720.png,/sessions/rcw-01rhzohs6sarhhp2xkz1oted/mnt/MVI_Brain_Tumor/masks/720.png
train,/sessions/rcw-01rhzohs6sarhhp2xkz1oted/mnt/MVI_Brain_Tumor/images/1402.png,/sessions/rcw-01rhzohs6sarhhp2xkz1oted/mnt/MVI_Brain_Tumor/masks/1402.png
train,/sessions/rcw-01rhzohs6sarhhp2xkz1oted/mnt/MVI_Brain_Tumor/images/2699.png,/sessions/rcw-01rhzohs6sarhhp2xkz1oted/mnt/MVI_Brain_Tumor/masks/2699.png
train,/sessions/rcw-01rhzohs6sarhhp2xkz1oted/mnt/MVI_Brain_Tumor/images/1251.png,/sessions/rcw-01rhzohs6sarhhp2xkz1oted/mnt/MVI_Brain_Tumor/masks/1251.png
train,/sessions/rcw-01rhzohs6sarhhp2xkz1oted/mnt/MVI_Brain_Tumor/images/1407.png,/sessions/rcw-01rhzohs6sarhhp2xkz1oted/mnt/MVI_Brain_Tumor/masks/1407.png
train,/sessions/rcw-01rhzohs6sarhhp2xkz1oted/mnt/MVI_Brain_Tumor/images/147.png,/sessions/rcw-01rhzohs6sarhhp2xkz1oted/mnt/MVI_Brain_Tumor/masks/147.png
train,/sessions/rcw-01rhzohs6sarhhp2xkz1oted/mnt/MVI_Brain_Tumor/images/2759.png,/sessions/rcw-01rhzohs6sarhhp2xkz1oted/mnt/MVI_Brain_Tumor/masks/2759.png
train,/sessions/rcw-01rhzohs6sarhhp2xkz1oted/mnt/MVI_Brain_Tumor/images/193.png,/sessions/rcw-01rhzohs6sarhhp2xkz1oted/mnt/MVI_Brain_Tumor/masks/193.png
train,/sessions/rcw-01rhzohs6sarhhp2xkz1oted/mnt/MVI_Brain_Tumor/images/707.png,/sessions/rcw-01rhzohs6sarhhp2xkz1oted/mnt/MVI_Brain_Tumor/masks/707.png
train,/sessions/rcw-01rhzohs6sarhhp2xkz1oted/mnt/MVI_Brain_Tumor/images/2921.png,/sessions/rcw-01rhzohs6sarhhp2xkz1oted/mnt/MVI_Brain_Tumor/masks/2921.png
train,/sessions/rcw-01rhzohs6sarhhp2xkz1oted/mnt/MVI_Brain_Tumor/images/1725.png,/sessions/rcw-01rhzohs6sarhhp2xkz1oted/mnt/MVI_Brain_Tumor/masks/1725.png
train,/sessions/rcw-01rhzohs6sarhhp2xkz1oted/mnt/MVI_Brain_Tumor/images/1542.png,/sessions/rcw-01rhzohs6sarhhp2xkz1oted/mnt/MVI_Brain_Tumor/masks/1542.png
train,/sessions/rcw-01rhzohs6sarhhp2xkz1oted/mnt/MVI_Brain_Tumor/images/1072.png,/sessions/rcw-01rhzohs6sarhhp2xkz1oted/mnt/MVI_Brain_Tumor/masks/1072.png
train,/sessions/rcw-01rhzohs6sarhhp2xkz1oted/mnt/MVI_Brain_Tumor/images/1577.png,/sessions/rcw-01rhzohs6sarhhp2xkz1oted/mnt/MVI_Brain_Tumor/masks/1577.png
train,/sessions/rcw-01rhzohs6sarhhp2xkz1oted/mnt/MVI_Brain_Tumor/images/821.png,/sessions/rcw-01rhzohs6sarhhp2xkz1oted/mnt/MVI_Brain_Tumor/masks/821.png
train,/sessions/rcw-01rhzohs6sarhhp2xkz1oted/mnt/MVI_Brain_Tumor/images/969.png,/sessions/rcw-01rhzohs6sarhhp2xkz1oted/mnt/MVI_Brain_Tumor/masks/969.png
train,/sessions/rcw-01rhzohs6sarhhp2xkz1oted/mnt/MVI_Brain_Tumor/images/1177.png,/sessions/rcw-01rhzohs6sarhhp2xkz1oted/mnt/MVI_Brain_Tumor/masks/1177.png
train,/sessions/rcw-01rhzohs6sarhhp2xkz1oted/mnt/MVI_Brain_Tumor/images/1613.png,/sessions/rcw-01rhzohs6sarhhp2xkz1oted/mnt/MVI_Brain_Tumor/masks/1613.png
train,/sessions/rcw-01rhzohs6sarhhp2xkz1oted/mnt/MVI_Brain_Tumor/images/669.png,/sessions/rcw-01rhzohs6sarhhp2xkz1oted/mnt/MVI_Brain_Tumor/masks/669.png
train,/sessions/rcw-01rhzohs6sarhhp2xkz1oted/mnt/MVI_Brain_Tumor/images/2147.png,/sessions/rcw-01rhzohs6sarhhp2xkz1oted/mnt/MVI_Brain_Tumor/masks/2147.png
train,/sessions/rcw-01rhzohs6sarhhp2xkz1oted/mnt/MVI_Brain_Tumor/images/1288.png,/sessions/rcw-01rhzohs6sarhhp2xkz1oted/mnt/MVI_Brain_Tumor/masks/1288.png
train,/sessions/rcw-01rhzohs6sarhhp2xkz1oted/mnt/MVI_Brain_Tumor/images/1625.png,/sessions/rcw-01rhzohs6sarhhp2xkz1oted/mnt/MVI_Brain_Tumor/masks/1625.png
train,/sessions/rcw-01rhzohs6sarhhp2xkz1oted/mnt/MVI_Brain_Tumor/images/1113.png,/sessions/rcw-01rhzohs6sarhhp2xkz1oted/mnt/MVI_Brain_Tumor/masks/1113.png
train,/sessions/rcw-01rhzohs6sarhhp2xkz1oted/mnt/MVI_Brain_Tumor/images/2414.png,/sessions/rcw-01rhzohs6sarhhp2xkz1oted/mnt/MVI_Brain_Tumor/masks/2414.png
train,/sessions/rcw-01rhzohs6sarhhp2xkz1oted/mnt/MVI_Brain_Tumor/images/1147.png,/sessions/rcw-01rhzohs6sarhhp2xkz1oted/mnt/MVI_Brain_Tumor/masks/1147.png
train,/sessions/rcw-01rhzohs6sarhhp2xkz1oted/mnt/MVI_Brain_Tumor/images/2140.png,/sessions/rcw-01rhzohs6sarhhp2xkz1oted/mnt/MVI_Brain_Tumor/masks/2140.png
train,/sessions/rcw-01rhzohs6sarhhp2xkz1oted/mnt/MVI_Brain_Tumor/images/1680.png,/sessions/rcw-01rhzohs6sarhhp2xkz1oted/mnt/MVI_Brain_Tumor/masks/1680.png
train,/sessions/rcw-01rhzohs6sarhhp2xkz1oted/mnt/MVI_Brain_Tumor/images/671.png,/sessions/rcw-01rhzohs6sarhhp2xkz1oted/mnt/MVI_Brain_Tumor/masks/671.png
train,/sessions/rcw-01rhzohs6sarhhp2xkz1oted/mnt/MVI_Brain_Tumor/images/46.png,/sessions/rcw-01rhzohs6sarhhp2xkz1oted/mnt/MVI_Brain_Tumor/masks/46.png
train,/sessions/rcw-01rhzohs6sarhhp2xkz1oted/mnt/MVI_Brain_Tumor/images/71.png,/sessions/rcw-01rhzohs6sarhhp2xkz1oted/mnt/MVI_Brain_Tumor/masks/71.png
train,/sessions/rcw-01rhzohs6sarhhp2xkz1oted/mnt/MVI_Brain_Tumor/images/750.png,/sessions/rcw-01rhzohs6sarhhp2xkz1oted/mnt/MVI_Brain_Tumor/masks/750.png
train,/sessions/rcw-01rhzohs6sarhhp2xkz1oted/mnt/MVI_Brain_Tumor/images/2890.png,/sessions/rcw-01rhzohs6sarhhp2xkz1oted/mnt/MVI_Brain_Tumor/masks/2890.png
train,/sessions/rcw-01rhzohs6sarhhp2xkz1oted/mnt/MVI_Brain_Tumor/images/576.png,/sessions/rcw-01rhzohs6sarhhp2xkz1oted/mnt/MVI_Brain_Tumor/masks/576.png
train,/sessions/rcw-01rhzohs6sarhhp2xkz1oted/mnt/MVI_Brain_Tumor/images/2740.png,/sessions/rcw-01rhzohs6sarhhp2xkz1oted/mnt/MVI_Brain_Tumor/masks/2740.png
train,/sessions/rcw-01rhzohs6sarhhp2xkz1oted/mnt/MVI_Brain_Tumor/images/2300.png,/sessions/rcw-01rhzohs6sarhhp2xkz1oted/mnt/MVI_Brain_Tumor/masks/2300.png
train,/sessions/rcw-01rhzohs6sarhhp2xkz1oted/mnt/MVI_Brain_Tumor/images/937.png,/sessions/rcw-01rhzohs6sarhhp2xkz1oted/mnt/MVI_Brain_Tumor/masks/937.png
train,/sessions/rcw-01rhzohs6sarhhp2xkz1oted/mnt/MVI_Brain_Tumor/images/2039.png,/sessions/rcw-01rhzohs6sarhhp2xkz1oted/mnt/MVI_Brain_Tumor/masks/2039.png
train,/sessions/rcw-01rhzohs6sarhhp2xkz1oted/mnt/MVI_Brain_Tumor/images/2743.png,/sessions/rcw-01rhzohs6sarhhp2xkz1oted/mnt/MVI_Brain_Tumor/masks/2743.png
train,/sessions/rcw-01rhzohs6sarhhp2xkz1oted/mnt/MVI_Brain_Tumor/images/867.png,/sessions/rcw-01rhzohs6sarhhp2xkz1oted/mnt/MVI_Brain_Tumor/masks/867.png
train,/sessions/rcw-01rhzohs6sarhhp2xkz1oted/mnt/MVI_Brain_Tumor/images/1561.png,/sessions/rcw-01rhzohs6sarhhp2xkz1oted/mnt/MVI_Brain_Tumor/masks/1561.png
train,/sessions/rcw-01rhzohs6sarhhp2xkz1oted/mnt/MVI_Brain_Tumor/images/414.png,/sessions/rcw-01rhzohs6sarhhp2xkz1oted/mnt/MVI_Brain_Tumor/masks/414.png
train,/sessions/rcw-01rhzohs6sarhhp2xkz1oted/mnt/MVI_Brain_Tumor/images/185.png,/sessions/rcw-01rhzohs6sarhhp2xkz1oted/mnt/MVI_Brain_Tumor/masks/185.png
train,/sessions/rcw-01rhzohs6sarhhp2xkz1oted/mnt/MVI_Brain_Tumor/images/1556.png,/sessions/rcw-01rhzohs6sarhhp2xkz1oted/mnt/MVI_Brain_Tumor/masks/1556.png
train,/sessions/rcw-01rhzohs6sarhhp2xkz1oted/mnt/MVI_Brain_Tumor/images/241.png,/sessions/rcw-01rhzohs6sarhhp2xkz1oted/mnt/MVI_Brain_Tumor/masks/241.png
train,/sessions/rcw-01rhzohs6sarhhp2xkz1oted/mnt/MVI_Brain_Tumor/images/893.png,/sessions/rcw-01rhzohs6sarhhp2xkz1oted/mnt/MVI_Brain_Tumor/masks/893.png
train,/sessions/rcw-01rhzohs6sarhhp2xkz1oted/mnt/MVI_Brain_Tumor/images/502.png,/sessions/rcw-01rhzohs6sarhhp2xkz1oted/mnt/MVI_Brain_Tumor/masks/502.png
train,/sessions/rcw-01rhzohs6sarhhp2xkz1oted/mnt/MVI_Brain_Tumor/images/2084.png,/sessions/rcw-01rhzohs6sarhhp2xkz1oted/mnt/MVI_Brain_Tumor/masks/2084.png
train,/sessions/rcw-01rhzohs6sarhhp2xkz1oted/mnt/MVI_Brain_Tumor/images/1483.png,/sessions/rcw-01rhzohs6sarhhp2xkz1oted/mnt/MVI_Brain_Tumor/masks/1483.png
train,/sessions/rcw-01rhzohs6sarhhp2xkz1oted/mnt/MVI_Brain_Tumor/images/2926.png,/sessions/rcw-01rhzohs6sarhhp2xkz1oted/mnt/MVI_Brain_Tumor/masks/2926.png
train,/sessions/rcw-01rhzohs6sarhhp2xkz1oted/mnt/MVI_Brain_Tumor/images/1263.png,/sessions/rcw-01rhzohs6sarhhp2xkz1oted/mnt/MVI_Brain_Tumor/masks/1263.png
train,/sessions/rcw-01rhzohs6sarhhp2xkz1oted/mnt/MVI_Brain_Tumor/images/2554.png,/sessions/rcw-01rhzohs6sarhhp2xkz1oted/mnt/MVI_Brain_Tumor/masks/2554.png
train,/sessions/rcw-01rhzohs6sarhhp2xkz1oted/mnt/MVI_Brain_Tumor/images/2762.png,/sessions/rcw-01rhzohs6sarhhp2xkz1oted/mnt/MVI_Brain_Tumor/masks/2762.png
train,/sessions/rcw-01rhzohs6sarhhp2xkz1oted/mnt/MVI_Brain_Tumor/images/2438.png,/sessions/rcw-01rhzohs6sarhhp2xkz1oted/mnt/MVI_Brain_Tumor/masks/2438.png
train,/sessions/rcw-01rhzohs6sarhhp2xkz1oted/mnt/MVI_Brain_Tumor/images/473.png,/sessions/rcw-01rhzohs6sarhhp2xkz1oted/mnt/MVI_Brain_Tumor/masks/473.png
train,/sessions/rcw-01rhzohs6sarhhp2xkz1oted/mnt/MVI_Brain_Tumor/images/2225.png,/sessions/rcw-01rhzohs6sarhhp2xkz1oted/mnt/MVI_Brain_Tumor/masks/2225.png
train,/sessions/rcw-01rhzohs6sarhhp2xkz1oted/mnt/MVI_Brain_Tumor/images/271.png,/sessions/rcw-01rhzohs6sarhhp2xkz1oted/mnt/MVI_Brain_Tumor/masks/271.png
train,/sessions/rcw-01rhzohs6sarhhp2xkz1oted/mnt/MVI_Brain_Tumor/images/2539.png,/sessions/rcw-01rhzohs6sarhhp2xkz1oted/mnt/MVI_Brain_Tumor/masks/2539.png
train,/sessions/rcw-01rhzohs6sarhhp2xkz1oted/mnt/MVI_Brain_Tumor/images/2647.png,/sessions/rcw-01rhzohs6sarhhp2xkz1oted/mnt/MVI_Brain_Tumor/masks/2647.png
train,/sessions/rcw-01rhzohs6sarhhp2xkz1oted/mnt/MVI_Brain_Tumor/images/2205.png,/sessions/rcw-01rhzohs6sarhhp2xkz1oted/mnt/MVI_Brain_Tumor/masks/2205.png
train,/sessions/rcw-01rhzohs6sarhhp2xkz1oted/mnt/MVI_Brain_Tumor/images/1138.png,/sessions/rcw-01rhzohs6sarhhp2xkz1oted/mnt/MVI_Brain_Tumor/masks/1138.png
train,/sessions/rcw-01rhzohs6sarhhp2xkz1oted/mnt/MVI_Brain_Tumor/images/1105.png,/sessions/rcw-01rhzohs6sarhhp2xkz1oted/mnt/MVI_Brain_Tumor/masks/1105.png
train,/sessions/rcw-01rhzohs6sarhhp2xkz1oted/mnt/MVI_Brain_Tumor/images/1430.png,/sessions/rcw-01rhzohs6sarhhp2xkz1oted/mnt/MVI_Brain_Tumor/masks/1430.png
train,/sessions/rcw-01rhzohs6sarhhp2xkz1oted/mnt/MVI_Brain_Tumor/images/2773.png,/sessions/rcw-01rhzohs6sarhhp2xkz1oted/mnt/MVI_Brain_Tumor/masks/2773.png
train,/sessions/rcw-01rhzohs6sarhhp2xkz1oted/mnt/MVI_Brain_Tumor/images/665.png,/sessions/rcw-01rhzohs6sarhhp2xkz1oted/mnt/MVI_Brain_Tumor/masks/665.png
train,/sessions/rcw-01rhzohs6sarhhp2xkz1oted/mnt/MVI_Brain_Tumor/images/2085.png,/sessions/rcw-01rhzohs6sarhhp2xkz1oted/mnt/MVI_Brain_Tumor/masks/2085.png
train,/sessions/rcw-01rhzohs6sarhhp2xkz1oted/mnt/MVI_Brain_Tumor/images/2220.png,/sessions/rcw-01rhzohs6sarhhp2xkz1oted/mnt/MVI_Brain_Tumor/masks/2220.png
train,/sessions/rcw-01rhzohs6sarhhp2xkz1oted/mnt/MVI_Brain_Tumor/images/691.png,/sessions/rcw-01rhzohs6sarhhp2xkz1oted/mnt/MVI_Brain_Tumor/masks/691.png
train,/sessions/rcw-01rhzohs6sarhhp2xkz1oted/mnt/MVI_Brain_Tumor/images/2270.png,/sessions/rcw-01rhzohs6sarhhp2xkz1oted/mnt/MVI_Brain_Tumor/masks/2270.png
train,/sessions/rcw-01rhzohs6sarhhp2xkz1oted/mnt/MVI_Brain_Tumor/images/224.png,/sessions/rcw-01rhzohs6sarhhp2xkz1oted/mnt/MVI_Brain_Tumor/masks/224.png
train,/sessions/rcw-01rhzohs6sarhhp2xkz1oted/mnt/MVI_Brain_Tumor/images/2599.png,/sessions/rcw-01rhzohs6sarhhp2xkz1oted/mnt/MVI_Brain_Tumor/masks/2599.png
train,/sessions/rcw-01rhzohs6sarhhp2xkz1oted/mnt/MVI_Brain_Tumor/images/1193.png,/sessions/rcw-01rhzohs6sarhhp2xkz1oted/mnt/MVI_Brain_Tumor/masks/1193.png
train,/sessions/rcw-01rhzohs6sarhhp2xkz1oted/mnt/MVI_Brain_Tumor/images/504.png,/sessions/rcw-01rhzohs6sarhhp2xkz1oted/mnt/MVI_Brain_Tumor/masks/504.png
train,/sessions/rcw-01rhzohs6sarhhp2xkz1oted/mnt/MVI_Brain_Tumor/images/2598.png,/sessions/rcw-01rhzohs6sarhhp2xkz1oted/mnt/MVI_Brain_Tumor/masks/2598.png
train,/sessions/rcw-01rhzohs6sarhhp2xkz1oted/mnt/MVI_Brain_Tumor/images/1758.png,/sessions/rcw-01rhzohs6sarhhp2xkz1oted/mnt/MVI_Brain_Tumor/masks/1758.png
train,/sessions/rcw-01rhzohs6sarhhp2xkz1oted/mnt/MVI_Brain_Tumor/images/921.png,/sessions/rcw-01rhzohs6sarhhp2xkz1oted/mnt/MVI_Brain_Tumor/masks/921.png
train,/sessions/rcw-01rhzohs6sarhhp2xkz1oted/mnt/MVI_Brain_Tumor/images/1814.png,/sessions/rcw-01rhzohs6sarhhp2xkz1oted/mnt/MVI_Brain_Tumor/masks/1814.png
train,/sessions/rcw-01rhzohs6sarhhp2xkz1oted/mnt/MVI_Brain_Tumor/images/1905.png,/sessions/rcw-01rhzohs6sarhhp2xkz1oted/mnt/MVI_Brain_Tumor/masks/1905.png
train,/sessions/rcw-01rhzohs6sarhhp2xkz1oted/mnt/MVI_Brain_Tumor/images/787.png,/sessions/rcw-01rhzohs6sarhhp2xkz1oted/mnt/MVI_Brain_Tumor/masks/787.png
train,/sessions/rcw-01rhzohs6sarhhp2xkz1oted/mnt/MVI_Brain_Tumor/images/2134.png,/sessions/rcw-01rhzohs6sarhhp2xkz1oted/mnt/MVI_Brain_Tumor/masks/2134.png
train,/sessions/rcw-01rhzohs6sarhhp2xkz1oted/mnt/MVI_Brain_Tumor/images/2145.png,/sessions/rcw-01rhzohs6sarhhp2xkz1oted/mnt/MVI_Brain_Tumor/masks/2145.png
train,/sessions/rcw-01rhzohs6sarhhp2xkz1oted/mnt/MVI_Brain_Tumor/images/478.png,/sessions/rcw-01rhzohs6sarhhp2xkz1oted/mnt/MVI_Brain_Tumor/masks/478.png
train,/sessions/rcw-01rhzohs6sarhhp2xkz1oted/mnt/MVI_Brain_Tumor/images/410.png,/sessions/rcw-01rhzohs6sarhhp2xkz1oted/mnt/MVI_Brain_Tumor/masks/410.png
train,/sessions/rcw-01rhzohs6sarhhp2xkz1oted/mnt/MVI_Brain_Tumor/images/981.png,/sessions/rcw-01rhzohs6sarhhp2xkz1oted/mnt/MVI_Brain_Tumor/masks/981.png
train,/sessions/rcw-01rhzohs6sarhhp2xkz1oted/mnt/MVI_Brain_Tumor/images/348.png,/sessions/rcw-01rhzohs6sarhhp2xkz1oted/mnt/MVI_Brain_Tumor/masks/348.png
train,/sessions/rcw-01rhzohs6sarhhp2xkz1oted/mnt/MVI_Brain_Tumor/images/2703.png,/sessions/rcw-01rhzohs6sarhhp2xkz1oted/mnt/MVI_Brain_Tumor/masks/2703.png
train,/sessions/rcw-01rhzohs6sarhhp2xkz1oted/mnt/MVI_Brain_Tumor/images/653.png,/sessions/rcw-01rhzohs6sarhhp2xkz1oted/mnt/MVI_Brain_Tumor/masks/653.png
train,/sessions/rcw-01rhzohs6sarhhp2xkz1oted/mnt/MVI_Brain_Tumor/images/187.png,/sessions/rcw-01rhzohs6sarhhp2xkz1oted/mnt/MVI_Brain_Tumor/masks/187.png
train,/sessions/rcw-01rhzohs6sarhhp2xkz1oted/mnt/MVI_Brain_Tumor/images/2123.png,/sessions/rcw-01rhzohs6sarhhp2xkz1oted/mnt/MVI_Brain_Tumor/masks/2123.png
train,/sessions/rcw-01rhzohs6sarhhp2xkz1oted/mnt/MVI_Brain_Tumor/images/1675.png,/sessions/rcw-01rhzohs6sarhhp2xkz1oted/mnt/MVI_Brain_Tumor/masks/1675.png
train,/sessions/rcw-01rhzohs6sarhhp2xkz1oted/mnt/MVI_Brain_Tumor/images/1544.png,/sessions/rcw-01rhzohs6sarhhp2xkz1oted/mnt/MVI_Brain_Tumor/masks/1544.png
train,/sessions/rcw-01rhzohs6sarhhp2xkz1oted/mnt/MVI_Brain_Tumor/images/885.png,/sessions/rcw-01rhzohs6sarhhp2xkz1oted/mnt/MVI_Brain_Tumor/masks/885.png
train,/sessions/rcw-01rhzohs6sarhhp2xkz1oted/mnt/MVI_Brain_Tumor/images/2057.png,/sessions/rcw-01rhzohs6sarhhp2xkz1oted/mnt/MVI_Brain_Tumor/masks/2057.png
train,/sessions/rcw-01rhzohs6sarhhp2xkz1oted/mnt/MVI_Brain_Tumor/images/1937.png,/sessions/rcw-01rhzohs6sarhhp2xkz1oted/mnt/MVI_Brain_Tumor/masks/1937.png
train,/sessions/rcw-01rhzohs6sarhhp2xkz1oted/mnt/MVI_Brain_Tumor/images/2457.png,/sessions/rcw-01rhzohs6sarhhp2xkz1oted/mnt/MVI_Brain_Tumor/masks/2457.png
train,/sessions/rcw-01rhzohs6sarhhp2xkz1oted/mnt/MVI_Brain_Tumor/images/2021.png,/sessions/rcw-01rhzohs6sarhhp2xkz1oted/mnt/MVI_Brain_Tumor/masks/2021.png
train,/sessions/rcw-01rhzohs6sarhhp2xkz1oted/mnt/MVI_Brain_Tumor/images/1090.png,/sessions/rcw-01rhzohs6sarhhp2xkz1oted/mnt/MVI_Brain_Tumor/masks/1090.png
train,/sessions/rcw-01rhzohs6sarhhp2xkz1oted/mnt/MVI_Brain_Tumor/images/1494.png,/sessions/rcw-01rhzohs6sarhhp2xkz1oted/mnt/MVI_Brain_Tumor/masks/1494.png
train,/sessions/rcw-01rhzohs6sarhhp2xkz1oted/mnt/MVI_Brain_Tumor/images/1869.png,/sessions/rcw-01rhzohs6sarhhp2xkz1oted/mnt/MVI_Brain_Tumor/masks/1869.png
train,/sessions/rcw-01rhzohs6sarhhp2xkz1oted/mnt/MVI_Brain_Tumor/images/1003.png,/sessions/rcw-01rhzohs6sarhhp2xkz1oted/mnt/MVI_Brain_Tumor/masks/1003.png
train,/sessions/rcw-01rhzohs6sarhhp2xkz1oted/mnt/MVI_Brain_Tumor/images/2463.png,/sessions/rcw-01rhzohs6sarhhp2xkz1oted/mnt/MVI_Brain_Tumor/masks/2463.png
train,/sessions/rcw-01rhzohs6sarhhp2xkz1oted/mnt/MVI_Brain_Tumor/images/2330.png,/sessions/rcw-01rhzohs6sarhhp2xkz1oted/mnt/MVI_Brain_Tumor/masks/2330.png
train,/sessions/rcw-01rhzohs6sarhhp2xkz1oted/mnt/MVI_Brain_Tumor/images/610.png,/sessions/rcw-01rhzohs6sarhhp2xkz1oted/mnt/MVI_Brain_Tumor/masks/610.png
train,/sessions/rcw-01rhzohs6sarhhp2xkz1oted/mnt/MVI_Brain_Tumor/images/1820.png,/sessions/rcw-01rhzohs6sarhhp2xkz1oted/mnt/MVI_Brain_Tumor/masks/1820.png
train,/sessions/rcw-01rhzohs6sarhhp2xkz1oted/mnt/MVI_Brain_Tumor/images/2198.png,/sessions/rcw-01rhzohs6sarhhp2xkz1oted/mnt/MVI_Brain_Tumor/masks/2198.png
train,/sessions/rcw-01rhzohs6sarhhp2xkz1oted/mnt/MVI_Brain_Tumor/images/770.png,/sessions/rcw-01rhzohs6sarhhp2xkz1oted/mnt/MVI_Brain_Tumor/masks/770.png
train,/sessions/rcw-01rhzohs6sarhhp2xkz1oted/mnt/MVI_Brain_Tumor/images/895.png,/sessions/rcw-01rhzohs6sarhhp2xkz1oted/mnt/MVI_Brain_Tumor/masks/895.png
train,/sessions/rcw-01rhzohs6sarhhp2xkz1oted/mnt/MVI_Brain_Tumor/images/960.png,/sessions/rcw-01rhzohs6sarhhp2xkz1oted/mnt/MVI_Brain_Tumor/masks/960.png
train,/sessions/rcw-01rhzohs6sarhhp2xkz1oted/mnt/MVI_Brain_Tumor/images/214.png,/sessions/rcw-01rhzohs6sarhhp2xkz1oted/mnt/MVI_Brain_Tumor/masks/214.png
train,/sessions/rcw-01rhzohs6sarhhp2xkz1oted/mnt/MVI_Brain_Tumor/images/740.png,/sessions/rcw-01rhzohs6sarhhp2xkz1oted/mnt/MVI_Brain_Tumor/masks/740.png
train,/sessions/rcw-01rhzohs6sarhhp2xkz1oted/mnt/MVI_Brain_Tumor/images/1204.png,/sessions/rcw-01rhzohs6sarhhp2xkz1oted/mnt/MVI_Brain_Tumor/masks/1204.png
train,/sessions/rcw-01rhzohs6sarhhp2xkz1oted/mnt/MVI_Brain_Tumor/images/603.png,/sessions/rcw-01rhzohs6sarhhp2xkz1oted/mnt/MVI_Brain_Tumor/masks/603.png
train,/sessions/rcw-01rhzohs6sarhhp2xkz1oted/mnt/MVI_Brain_Tumor/images/795.png,/sessions/rcw-01rhzohs6sarhhp2xkz1oted/mnt/MVI_Brain_Tumor/masks/795.png
train,/sessions/rcw-01rhzohs6sarhhp2xkz1oted/mnt/MVI_Brain_Tumor/images/1469.png,/sessions/rcw-01rhzohs6sarhhp2xkz1oted/mnt/MVI_Brain_Tumor/masks/1469.png
train,/sessions/rcw-01rhzohs6sarhhp2xkz1oted/mnt/MVI_Brain_Tumor/images/2991.png,/sessions/rcw-01rhzohs6sarhhp2xkz1oted/mnt/MVI_Brain_Tumor/masks/2991.png
train,/sessions/rcw-01rhzohs6sarhhp2xkz1oted/mnt/MVI_Brain_Tumor/images/2301.png,/sessions/rcw-01rhzohs6sarhhp2xkz1oted/mnt/MVI_Brain_Tumor/masks/2301.png
train,/sessions/rcw-01rhzohs6sarhhp2xkz1oted/mnt/MVI_Brain_Tumor/images/341.png,/sessions/rcw-01rhzohs6sarhhp2xkz1oted/mnt/MVI_Brain_Tumor/masks/341.png
train,/sessions/rcw-01rhzohs6sarhhp2xkz1oted/mnt/MVI_Brain_Tumor/images/2435.png,/sessions/rcw-01rhzohs6sarhhp2xkz1oted/mnt/MVI_Brain_Tumor/masks/2435.png
train,/sessions/rcw-01rhzohs6sarhhp2xkz1oted/mnt/MVI_Brain_Tumor/images/2728.png,/sessions/rcw-01rhzohs6sarhhp2xkz1oted/mnt/MVI_Brain_Tumor/masks/2728.png
train,/sessions/rcw-01rhzohs6sarhhp2xkz1oted/mnt/MVI_Brain_Tumor/images/1115.png,/sessions/rcw-01rhzohs6sarhhp2xkz1oted/mnt/MVI_Brain_Tumor/masks/1115.png
train,/sessions/rcw-01rhzohs6sarhhp2xkz1oted/mnt/MVI_Brain_Tumor/images/1569.png,/sessions/rcw-01rhzohs6sarhhp2xkz1oted/mnt/MVI_Brain_Tumor/masks/1569.png
train,/sessions/rcw-01rhzohs6sarhhp2xkz1oted/mnt/MVI_Brain_Tumor/images/1136.png,/sessions/rcw-01rhzohs6sarhhp2xkz1oted/mnt/MVI_Brain_Tumor/masks/1136.png
train,/sessions/rcw-01rhzohs6sarhhp2xkz1oted/mnt/MVI_Brain_Tumor/images/2369.png,/sessions/rcw-01rhzohs6sarhhp2xkz1oted/mnt/MVI_Brain_Tumor/masks/2369.png
train,/sessions/rcw-01rhzohs6sarhhp2xkz1oted/mnt/MVI_Brain_Tumor/images/1345.png,/sessions/rcw-01rhzohs6sarhhp2xkz1oted/mnt/MVI_Brain_Tumor/masks/1345.png
train,/sessions/rcw-01rhzohs6sarhhp2xkz1oted/mnt/MVI_Brain_Tumor/images/2518.png,/sessions/rcw-01rhzohs6sarhhp2xkz1oted/mnt/MVI_Brain_Tumor/masks/2518.png
train,/sessions/rcw-01rhzohs6sarhhp2xkz1oted/mnt/MVI_Brain_Tumor/images/2167.png,/sessions/rcw-01rhzohs6sarhhp2xkz1oted/mnt/MVI_Brain_Tumor/masks/2167.png
train,/sessions/rcw-01rhzohs6sarhhp2xkz1oted/mnt/MVI_Brain_Tumor/images/825.png,/sessions/rcw-01rhzohs6sarhhp2xkz1oted/mnt/MVI_Brain_Tumor/masks/825.png
train,/sessions/rcw-01rhzohs6sarhhp2xkz1oted/mnt/MVI_Brain_Tumor/images/1382.png,/sessions/rcw-01rhzohs6sarhhp2xkz1oted/mnt/MVI_Brain_Tumor/masks/1382.png
train,/sessions/rcw-01rhzohs6sarhhp2xkz1oted/mnt/MVI_Brain_Tumor/images/1474.png,/sessions/rcw-01rhzohs6sarhhp2xkz1oted/mnt/MVI_Brain_Tumor/masks/1474.png
train,/sessions/rcw-01rhzohs6sarhhp2xkz1oted/mnt/MVI_Brain_Tumor/images/2114.png,/sessions/rcw-01rhzohs6sarhhp2xkz1oted/mnt/MVI_Brain_Tumor/masks/2114.png
train,/sessions/rcw-01rhzohs6sarhhp2xkz1oted/mnt/MVI_Brain_Tumor/images/897.png,/sessions/rcw-01rhzohs6sarhhp2xkz1oted/mnt/MVI_Brain_Tumor/masks/897.png
train,/sessions/rcw-01rhzohs6sarhhp2xkz1oted/mnt/MVI_Brain_Tumor/images/798.png,/sessions/rcw-01rhzohs6sarhhp2xkz1oted/mnt/MVI_Brain_Tumor/masks/798.png
train,/sessions/rcw-01rhzohs6sarhhp2xkz1oted/mnt/MVI_Brain_Tumor/images/1943.png,/sessions/rcw-01rhzohs6sarhhp2xkz1oted/mnt/MVI_Brain_Tumor/masks/1943.png
train,/sessions/rcw-01rhzohs6sarhhp2xkz1oted/mnt/MVI_Brain_Tumor/images/2780.png,/sessions/rcw-01rhzohs6sarhhp2xkz1oted/mnt/MVI_Brain_Tumor/masks/2780.png
train,/sessions/rcw-01rhzohs6sarhhp2xkz1oted/mnt/MVI_Brain_Tumor/images/2314.png,/sessions/rcw-01rhzohs6sarhhp2xkz1oted/mnt/MVI_Brain_Tumor/masks/2314.png
train,/sessions/rcw-01rhzohs6sarhhp2xkz1oted/mnt/MVI_Brain_Tumor/images/1551.png,/sessions/rcw-01rhzohs6sarhhp2xkz1oted/mnt/MVI_Brain_Tumor/masks/1551.png
train,/sessions/rcw-01rhzohs6sarhhp2xkz1oted/mnt/MVI_Brain_Tumor/images/485.png,/sessions/rcw-01rhzohs6sarhhp2xkz1oted/mnt/MVI_Brain_Tumor/masks/485.png
train,/sessions/rcw-01rhzohs6sarhhp2xkz1oted/mnt/MVI_Brain_Tumor/images/2739.png,/sessions/rcw-01rhzohs6sarhhp2xkz1oted/mnt/MVI_Brain_Tumor/masks/2739.png
train,/sessions/rcw-01rhzohs6sarhhp2xkz1oted/mnt/MVI_Brain_Tumor/images/1583.png,/sessions/rcw-01rhzohs6sarhhp2xkz1oted/mnt/MVI_Brain_Tumor/masks/1583.png
train,/sessions/rcw-01rhzohs6sarhhp2xkz1oted/mnt/MVI_Brain_Tumor/images/906.png,/sessions/rcw-01rhzohs6sarhhp2xkz1oted/mnt/MVI_Brain_Tumor/masks/906.png
train,/sessions/rcw-01rhzohs6sarhhp2xkz1oted/mnt/MVI_Brain_Tumor/images/308.png,/sessions/rcw-01rhzohs6sarhhp2xkz1oted/mnt/MVI_Brain_Tumor/masks/308.png
train,/sessions/rcw-01rhzohs6sarhhp2xkz1oted/mnt/MVI_Brain_Tumor/images/2447.png,/sessions/rcw-01rhzohs6sarhhp2xkz1oted/mnt/MVI_Brain_Tumor/masks/2447.png
train,/sessions/rcw-01rhzohs6sarhhp2xkz1oted/mnt/MVI_Brain_Tumor/images/326.png,/sessions/rcw-01rhzohs6sarhhp2xkz1oted/mnt/MVI_Brain_Tumor/masks/326.png
train,/sessions/rcw-01rhzohs6sarhhp2xkz1oted/mnt/MVI_Brain_Tumor/images/2813.png,/sessions/rcw-01rhzohs6sarhhp2xkz1oted/mnt/MVI_Brain_Tumor/masks/2813.png
train,/sessions/rcw-01rhzohs6sarhhp2xkz1oted/mnt/MVI_Brain_Tumor/images/1699.png,/sessions/rcw-01rhzohs6sarhhp2xkz1oted/mnt/MVI_Brain_Tumor/masks/1699.png
train,/sessions/rcw-01rhzohs6sarhhp2xkz1oted/mnt/MVI_Brain_Tumor/images/2866.png,/sessions/rcw-01rhzohs6sarhhp2xkz1oted/mnt/MVI_Brain_Tumor/masks/2866.png
train,/sessions/rcw-01rhzohs6sarhhp2xkz1oted/mnt/MVI_Brain_Tumor/images/2332.png,/sessions/rcw-01rhzohs6sarhhp2xkz1oted/mnt/MVI_Brain_Tumor/masks/2332.png
train,/sessions/rcw-01rhzohs6sarhhp2xkz1oted/mnt/MVI_Brain_Tumor/images/1827.png,/sessions/rcw-01rhzohs6sarhhp2xkz1oted/mnt/MVI_Brain_Tumor/masks/1827.png
train,/sessions/rcw-01rhzohs6sarhhp2xkz1oted/mnt/MVI_Brain_Tumor/images/1918.png,/sessions/rcw-01rhzohs6sarhhp2xkz1oted/mnt/MVI_Brain_Tumor/masks/1918.png
train,/sessions/rcw-01rhzohs6sarhhp2xkz1oted/mnt/MVI_Brain_Tumor/images/662.png,/sessions/rcw-01rhzohs6sarhhp2xkz1oted/mnt/MVI_Brain_Tumor/masks/662.png
train,/sessions/rcw-01rhzohs6sarhhp2xkz1oted/mnt/MVI_Brain_Tumor/images/1276.png,/sessions/rcw-01rhzohs6sarhhp2xkz1oted/mnt/MVI_Brain_Tumor/masks/1276.png
train,/sessions/rcw-01rhzohs6sarhhp2xkz1oted/mnt/MVI_Brain_Tumor/images/1856.png,/sessions/rcw-01rhzohs6sarhhp2xkz1oted/mnt/MVI_Brain_Tumor/masks/1856.png
train,/sessions/rcw-01rhzohs6sarhhp2xkz1oted/mnt/MVI_Brain_Tumor/images/832.png,/sessions/rcw-01rhzohs6sarhhp2xkz1oted/mnt/MVI_Brain_Tumor/masks/832.png
train,/sessions/rcw-01rhzohs6sarhhp2xkz1oted/mnt/MVI_Brain_Tumor/images/2562.png,/sessions/rcw-01rhzohs6sarhhp2xkz1oted/mnt/MVI_Brain_Tumor/masks/2562.png
train,/sessions/rcw-01rhzohs6sarhhp2xkz1oted/mnt/MVI_Brain_Tumor/images/1630.png,/sessions/rcw-01rhzohs6sarhhp2xkz1oted/mnt/MVI_Brain_Tumor/masks/1630.png
train,/sessions/rcw-01rhzohs6sarhhp2xkz1oted/mnt/MVI_Brain_Tumor/images/2061.png,/sessions/rcw-01rhzohs6sarhhp2xkz1oted/mnt/MVI_Brain_Tumor/masks/2061.png
train,/sessions/rcw-01rhzohs6sarhhp2xkz1oted/mnt/MVI_Brain_Tumor/images/1142.png,/sessions/rcw-01rhzohs6sarhhp2xkz1oted/mnt/MVI_Brain_Tumor/masks/1142.png
train,/sessions/rcw-01rhzohs6sarhhp2xkz1oted/mnt/MVI_Brain_Tumor/images/2684.png,/sessions/rcw-01rhzohs6sarhhp2xkz1oted/mnt/MVI_Brain_Tumor/masks/2684.png
train,/sessions/rcw-01rhzohs6sarhhp2xkz1oted/mnt/MVI_Brain_Tumor/images/2662.png,/sessions/rcw-01rhzohs6sarhhp2xkz1oted/mnt/MVI_Brain_Tumor/masks/2662.png
train,/sessions/rcw-01rhzohs6sarhhp2xkz1oted/mnt/MVI_Brain_Tumor/images/2451.png,/sessions/rcw-01rhzohs6sarhhp2xkz1oted/mnt/MVI_Brain_Tumor/masks/2451.png
train,/sessions/rcw-01rhzohs6sarhhp2xkz1oted/mnt/MVI_Brain_Tumor/images/1055.png,/sessions/rcw-01rhzohs6sarhhp2xkz1oted/mnt/MVI_Brain_Tumor/masks/1055.png
train,/sessions/rcw-01rhzohs6sarhhp2xkz1oted/mnt/MVI_Brain_Tumor/images/1801.png,/sessions/rcw-01rhzohs6sarhhp2xkz1oted/mnt/MVI_Brain_Tumor/masks/1801.png
train,/sessions/rcw-01rhzohs6sarhhp2xkz1oted/mnt/MVI_Brain_Tumor/images/2514.png,/sessions/rcw-01rhzohs6sarhhp2xkz1oted/mnt/MVI_Brain_Tumor/masks/2514.png
train,/sessions/rcw-01rhzohs6sarhhp2xkz1oted/mnt/MVI_Brain_Tumor/images/2523.png,/sessions/rcw-01rhzohs6sarhhp2xkz1oted/mnt/MVI_Brain_Tumor/masks/2523.png
train,/sessions/rcw-01rhzohs6sarhhp2xkz1oted/mnt/MVI_Brain_Tumor/images/2401.png,/sessions/rcw-01rhzohs6sarhhp2xkz1oted/mnt/MVI_Brain_Tumor/masks/2401.png
train,/sessions/rcw-01rhzohs6sarhhp2xkz1oted/mnt/MVI_Brain_Tumor/images/2744.png,/sessions/rcw-01rhzohs6sarhhp2xkz1oted/mnt/MVI_Brain_Tumor/masks/2744.png
train,/sessions/rcw-01rhzohs6sarhhp2xkz1oted/mnt/MVI_Brain_Tumor/images/841.png,/sessions/rcw-01rhzohs6sarhhp2xkz1oted/mnt/MVI_Brain_Tumor/masks/841.png
train,/sessions/rcw-01rhzohs6sarhhp2xkz1oted/mnt/MVI_Brain_Tumor/images/1282.png,/sessions/rcw-01rhzohs6sarhhp2xkz1oted/mnt/MVI_Brain_Tumor/masks/1282.png
train,/sessions/rcw-01rhzohs6sarhhp2xkz1oted/mnt/MVI_Brain_Tumor/images/568.png,/sessions/rcw-01rhzohs6sarhhp2xkz1oted/mnt/MVI_Brain_Tumor/masks/568.png
train,/sessions/rcw-01rhzohs6sarhhp2xkz1oted/mnt/MVI_Brain_Tumor/images/281.png,/sessions/rcw-01rhzohs6sarhhp2xkz1oted/mnt/MVI_Brain_Tumor/masks/281.png
train,/sessions/rcw-01rhzohs6sarhhp2xkz1oted/mnt/MVI_Brain_Tumor/images/727.png,/sessions/rcw-01rhzohs6sarhhp2xkz1oted/mnt/MVI_Brain_Tumor/masks/727.png
train,/sessions/rcw-01rhzohs6sarhhp2xkz1oted/mnt/MVI_Brain_Tumor/images/1662.png,/sessions/rcw-01rhzohs6sarhhp2xkz1oted/mnt/MVI_Brain_Tumor/masks/1662.png
train,/sessions/rcw-01rhzohs6sarhhp2xkz1oted/mnt/MVI_Brain_Tumor/images/539.png,/sessions/rcw-01rhzohs6sarhhp2xkz1oted/mnt/MVI_Brain_Tumor/masks/539.png
train,/sessions/rcw-01rhzohs6sarhhp2xkz1oted/mnt/MVI_Brain_Tumor/images/1373.png,/sessions/rcw-01rhzohs6sarhhp2xkz1oted/mnt/MVI_Brain_Tumor/masks/1373.png
train,/sessions/rcw-01rhzohs6sarhhp2xkz1oted/mnt/MVI_Brain_Tumor/images/2845.png,/sessions/rcw-01rhzohs6sarhhp2xkz1oted/mnt/MVI_Brain_Tumor/masks/2845.png
train,/sessions/rcw-01rhzohs6sarhhp2xkz1oted/mnt/MVI_Brain_Tumor/images/1444.png,/sessions/rcw-01rhzohs6sarhhp2xkz1oted/mnt/MVI_Brain_Tumor/masks/1444.png
train,/sessions/rcw-01rhzohs6sarhhp2xkz1oted/mnt/MVI_Brain_Tumor/images/1212.png,/sessions/rcw-01rhzohs6sarhhp2xkz1oted/mnt/MVI_Brain_Tumor/masks/1212.png
train,/sessions/rcw-01rhzohs6sarhhp2xkz1oted/mnt/MVI_Brain_Tumor/images/1372.png,/sessions/rcw-01rhzohs6sarhhp2xkz1oted/mnt/MVI_Brain_Tumor/masks/1372.png
train,/sessions/rcw-01rhzohs6sarhhp2xkz1oted/mnt/MVI_Brain_Tumor/images/2544.png,/sessions/rcw-01rhzohs6sarhhp2xkz1oted/mnt/MVI_Brain_Tumor/masks/2544.png
train,/sessions/rcw-01rhzohs6sarhhp2xkz1oted/mnt/MVI_Brain_Tumor/images/593.png,/sessions/rcw-01rhzohs6sarhhp2xkz1oted/mnt/MVI_Brain_Tumor/masks/593.png
train,/sessions/rcw-01rhzohs6sarhhp2xkz1oted/mnt/MVI_Brain_Tumor/images/958.png,/sessions/rcw-01rhzohs6sarhhp2xkz1oted/mnt/MVI_Brain_Tumor/masks/958.png
train,/sessions/rcw-01rhzohs6sarhhp2xkz1oted/mnt/MVI_Brain_Tumor/images/2119.png,/sessions/rcw-01rhzohs6sarhhp2xkz1oted/mnt/MVI_Brain_Tumor/masks/2119.png
train,/sessions/rcw-01rhzohs6sarhhp2xkz1oted/mnt/MVI_Brain_Tumor/images/2491.png,/sessions/rcw-01rhzohs6sarhhp2xkz1oted/mnt/MVI_Brain_Tumor/masks/2491.png
train,/sessions/rcw-01rhzohs6sarhhp2xkz1oted/mnt/MVI_Brain_Tumor/images/1181.png,/sessions/rcw-01rhzohs6sarhhp2xkz1oted/mnt/MVI_Brain_Tumor/masks/1181.png
train,/sessions/rcw-01rhzohs6sarhhp2xkz1oted/mnt/MVI_Brain_Tumor/images/3010.png,/sessions/rcw-01rhzohs6sarhhp2xkz1oted/mnt/MVI_Brain_Tumor/masks/3010.png
train,/sessions/rcw-01rhzohs6sarhhp2xkz1oted/mnt/MVI_Brain_Tumor/images/2424.png,/sessions/rcw-01rhzohs6sarhhp2xkz1oted/mnt/MVI_Brain_Tumor/masks/2424.png
train,/sessions/rcw-01rhzohs6sarhhp2xkz1oted/mnt/MVI_Brain_Tumor/images/758.png,/sessions/rcw-01rhzohs6sarhhp2xkz1oted/mnt/MVI_Brain_Tumor/masks/758.png
train,/sessions/rcw-01rhzohs6sarhhp2xkz1oted/mnt/MVI_Brain_Tumor/images/2903.png,/sessions/rcw-01rhzohs6sarhhp2xkz1oted/mnt/MVI_Brain_Tumor/masks/2903.png
train,/sessions/rcw-01rhzohs6sarhhp2xkz1oted/mnt/MVI_Brain_Tumor/images/1218.png,/sessions/rcw-01rhzohs6sarhhp2xkz1oted/mnt/MVI_Brain_Tumor/masks/1218.png
train,/sessions/rcw-01rhzohs6sarhhp2xkz1oted/mnt/MVI_Brain_Tumor/images/650.png,/sessions/rcw-01rhzohs6sarhhp2xkz1oted/mnt/MVI_Brain_Tumor/masks/650.png
train,/sessions/rcw-01rhzohs6sarhhp2xkz1oted/mnt/MVI_Brain_Tumor/images/1328.png,/sessions/rcw-01rhzohs6sarhhp2xkz1oted/mnt/MVI_Brain_Tumor/masks/1328.png
train,/sessions/rcw-01rhzohs6sarhhp2xkz1oted/mnt/MVI_Brain_Tumor/images/1225.png,/sessions/rcw-01rhzohs6sarhhp2xkz1oted/mnt/MVI_Brain_Tumor/masks/1225.png
train,/sessions/rcw-01rhzohs6sarhhp2xkz1oted/mnt/MVI_Brain_Tumor/images/1349.png,/sessions/rcw-01rhzohs6sarhhp2xkz1oted/mnt/MVI_Brain_Tumor/masks/1349.png
train,/sessions/rcw-01rhzohs6sarhhp2xkz1oted/mnt/MVI_Brain_Tumor/images/695.png,/sessions/rcw-01rhzohs6sarhhp2xkz1oted/mnt/MVI_Brain_Tumor/masks/695.png
train,/sessions/rcw-01rhzohs6sarhhp2xkz1oted/mnt/MVI_Brain_Tumor/images/1052.png,/sessions/rcw-01rhzohs6sarhhp2xkz1oted/mnt/MVI_Brain_Tumor/masks/1052.png
train,/sessions/rcw-01rhzohs6sarhhp2xkz1oted/mnt/MVI_Brain_Tumor/images/380.png,/sessions/rcw-01rhzohs6sarhhp2xkz1oted/mnt/MVI_Brain_Tumor/masks/380.png
train,/sessions/rcw-01rhzohs6sarhhp2xkz1oted/mnt/MVI_Brain_Tumor/images/2380.png,/sessions/rcw-01rhzohs6sarhhp2xkz1oted/mnt/MVI_Brain_Tumor/masks/2380.png
train,/sessions/rcw-01rhzohs6sarhhp2xkz1oted/mnt/MVI_Brain_Tumor/images/2927.png,/sessions/rcw-01rhzohs6sarhhp2xkz1oted/mnt/MVI_Brain_Tumor/masks/2927.png
train,/sessions/rcw-01rhzohs6sarhhp2xkz1oted/mnt/MVI_Brain_Tumor/images/1475.png,/sessions/rcw-01rhzohs6sarhhp2xkz1oted/mnt/MVI_Brain_Tumor/masks/1475.png
train,/sessions/rcw-01rhzohs6sarhhp2xkz1oted/mnt/MVI_Brain_Tumor/images/114.png,/sessions/rcw-01rhzohs6sarhhp2xkz1oted/mnt/MVI_Brain_Tumor/masks/114.png
train,/sessions/rcw-01rhzohs6sarhhp2xkz1oted/mnt/MVI_Brain_Tumor/images/871.png,/sessions/rcw-01rhzohs6sarhhp2xkz1oted/mnt/MVI_Brain_Tumor/masks/871.png
train,/sessions/rcw-01rhzohs6sarhhp2xkz1oted/mnt/MVI_Brain_Tumor/images/699.png,/sessions/rcw-01rhzohs6sarhhp2xkz1oted/mnt/MVI_Brain_Tumor/masks/699.png
train,/sessions/rcw-01rhzohs6sarhhp2xkz1oted/mnt/MVI_Brain_Tumor/images/497.png,/sessions/rcw-01rhzohs6sarhhp2xkz1oted/mnt/MVI_Brain_Tumor/masks/497.png
train,/sessions/rcw-01rhzohs6sarhhp2xkz1oted/mnt/MVI_Brain_Tumor/images/1740.png,/sessions/rcw-01rhzohs6sarhhp2xkz1oted/mnt/MVI_Brain_Tumor/masks/1740.png
train,/sessions/rcw-01rhzohs6sarhhp2xkz1oted/mnt/MVI_Brain_Tumor/images/1508.png,/sessions/rcw-01rhzohs6sarhhp2xkz1oted/mnt/MVI_Brain_Tumor/masks/1508.png
train,/sessions/rcw-01rhzohs6sarhhp2xkz1oted/mnt/MVI_Brain_Tumor/images/462.png,/sessions/rcw-01rhzohs6sarhhp2xkz1oted/mnt/MVI_Brain_Tumor/masks/462.png
train,/sessions/rcw-01rhzohs6sarhhp2xkz1oted/mnt/MVI_Brain_Tumor/images/2817.png,/sessions/rcw-01rhzohs6sarhhp2xkz1oted/mnt/MVI_Brain_Tumor/masks/2817.png
train,/sessions/rcw-01rhzohs6sarhhp2xkz1oted/mnt/MVI_Brain_Tumor/images/1877.png,/sessions/rcw-01rhzohs6sarhhp2xkz1oted/mnt/MVI_Brain_Tumor/masks/1877.png
train,/sessions/rcw-01rhzohs6sarhhp2xkz1oted/mnt/MVI_Brain_Tumor/images/1733.png,/sessions/rcw-01rhzohs6sarhhp2xkz1oted/mnt/MVI_Brain_Tumor/masks/1733.png
train,/sessions/rcw-01rhzohs6sarhhp2xkz1oted/mnt/MVI_Brain_Tumor/images/1826.png,/sessions/rcw-01rhzohs6sarhhp2xkz1oted/mnt/MVI_Brain_Tumor/masks/1826.png
train,/sessions/rcw-01rhzohs6sarhhp2xkz1oted/mnt/MVI_Brain_Tumor/images/1310.png,/sessions/rcw-01rhzohs6sarhhp2xkz1oted/mnt/MVI_Brain_Tumor/masks/1310.png
train,/sessions/rcw-01rhzohs6sarhhp2xkz1oted/mnt/MVI_Brain_Tumor/images/3064.png,/sessions/rcw-01rhzohs6sarhhp2xkz1oted/mnt/MVI_Brain_Tumor/masks/3064.png
train,/sessions/rcw-01rhzohs6sarhhp2xkz1oted/mnt/MVI_Brain_Tumor/images/2820.png,/sessions/rcw-01rhzohs6sarhhp2xkz1oted/mnt/MVI_Brain_Tumor/masks/2820.png
train,/sessions/rcw-01rhzohs6sarhhp2xkz1oted/mnt/MVI_Brain_Tumor/images/1229.png,/sessions/rcw-01rhzohs6sarhhp2xkz1oted/mnt/MVI_Brain_Tumor/masks/1229.png
train,/sessions/rcw-01rhzohs6sarhhp2xkz1oted/mnt/MVI_Brain_Tumor/images/165.png,/sessions/rcw-01rhzohs6sarhhp2xkz1oted/mnt/MVI_Brain_Tumor/masks/165.png
train,/sessions/rcw-01rhzohs6sarhhp2xkz1oted/mnt/MVI_Brain_Tumor/images/2136.png,/sessions/rcw-01rhzohs6sarhhp2xkz1oted/mnt/MVI_Brain_Tumor/masks/2136.png
train,/sessions/rcw-01rhzohs6sarhhp2xkz1oted/mnt/MVI_Brain_Tumor/images/1745.png,/sessions/rcw-01rhzohs6sarhhp2xkz1oted/mnt/MVI_Brain_Tumor/masks/1745.png
train,/sessions/rcw-01rhzohs6sarhhp2xkz1oted/mnt/MVI_Brain_Tumor/images/1284.png,/sessions/rcw-01rhzohs6sarhhp2xkz1oted/mnt/MVI_Brain_Tumor/masks/1284.png
train,/sessions/rcw-01rhzohs6sarhhp2xkz1oted/mnt/MVI_Brain_Tumor/images/371.png,/sessions/rcw-01rhzohs6sarhhp2xkz1oted/mnt/MVI_Brain_Tumor/masks/371.png
train,/sessions/rcw-01rhzohs6sarhhp2xkz1oted/mnt/MVI_Brain_Tumor/images/799.png,/sessions/rcw-01rhzohs6sarhhp2xkz1oted/mnt/MVI_Brain_Tumor/masks/799.png
train,/sessions/rcw-01rhzohs6sarhhp2xkz1oted/mnt/MVI_Brain_Tumor/images/754.png,/sessions/rcw-01rhzohs6sarhhp2xkz1oted/mnt/MVI_Brain_Tumor/masks/754.png
train,/sessions/rcw-01rhzohs6sarhhp2xkz1oted/mnt/MVI_Brain_Tumor/images/265.png,/sessions/rcw-01rhzohs6sarhhp2xkz1oted/mnt/MVI_Brain_Tumor/masks/265.png
train,/sessions/rcw-01rhzohs6sarhhp2xkz1oted/mnt/MVI_Brain_Tumor/images/2840.png,/sessions/rcw-01rhzohs6sarhhp2xkz1oted/mnt/MVI_Brain_Tumor/masks/2840.png
train,/sessions/rcw-01rhzohs6sarhhp2xkz1oted/mnt/MVI_Brain_Tumor/images/1646.png,/sessions/rcw-01rhzohs6sarhhp2xkz1oted/mnt/MVI_Brain_Tumor/masks/1646.png
train,/sessions/rcw-01rhzohs6sarhhp2xkz1oted/mnt/MVI_Brain_Tumor/images/2191.png,/sessions/rcw-01rhzohs6sarhhp2xkz1oted/mnt/MVI_Brain_Tumor/masks/2191.png
train,/sessions/rcw-01rhzohs6sarhhp2xkz1oted/mnt/MVI_Brain_Tumor/images/989.png,/sessions/rcw-01rhzohs6sarhhp2xkz1oted/mnt/MVI_Brain_Tumor/masks/989.png
train,/sessions/rcw-01rhzohs6sarhhp2xkz1oted/mnt/MVI_Brain_Tumor/images/1861.png,/sessions/rcw-01rhzohs6sarhhp2xkz1oted/mnt/MVI_Brain_Tumor/masks/1861.png
train,/sessions/rcw-01rhzohs6sarhhp2xkz1oted/mnt/MVI_Brain_Tumor/images/1520.png,/sessions/rcw-01rhzohs6sarhhp2xkz1oted/mnt/MVI_Brain_Tumor/masks/1520.png
train,/sessions/rcw-01rhzohs6sarhhp2xkz1oted/mnt/MVI_Brain_Tumor/images/3051.png,/sessions/rcw-01rhzohs6sarhhp2xkz1oted/mnt/MVI_Brain_Tumor/masks/3051.png
train,/sessions/rcw-01rhzohs6sarhhp2xkz1oted/mnt/MVI_Brain_Tumor/images/1661.png,/sessions/rcw-01rhzohs6sarhhp2xkz1oted/mnt/MVI_Brain_Tumor/masks/1661.png
train,/sessions/rcw-01rhzohs6sarhhp2xkz1oted/mnt/MVI_Brain_Tumor/images/1410.png,/sessions/rcw-01rhzohs6sarhhp2xkz1oted/mnt/MVI_Brain_Tumor/masks/1410.png
train,/sessions/rcw-01rhzohs6sarhhp2xkz1oted/mnt/MVI_Brain_Tumor/images/215.png,/sessions/rcw-01rhzohs6sarhhp2xkz1oted/mnt/MVI_Brain_Tumor/masks/215.png
train,/sessions/rcw-01rhzohs6sarhhp2xkz1oted/mnt/MVI_Brain_Tumor/images/594.png,/sessions/rcw-01rhzohs6sarhhp2xkz1oted/mnt/MVI_Brain_Tumor/masks/594.png
train,/sessions/rcw-01rhzohs6sarhhp2xkz1oted/mnt/MVI_Brain_Tumor/images/357.png,/sessions/rcw-01rhzohs6sarhhp2xkz1oted/mnt/MVI_Brain_Tumor/masks/357.png
train,/sessions/rcw-01rhzohs6sarhhp2xkz1oted/mnt/MVI_Brain_Tumor/images/2946.png,/sessions/rcw-01rhzohs6sarhhp2xkz1oted/mnt/MVI_Brain_Tumor/masks/2946.png
train,/sessions/rcw-01rhzohs6sarhhp2xkz1oted/mnt/MVI_Brain_Tumor/images/1220.png,/sessions/rcw-01rhzohs6sarhhp2xkz1oted/mnt/MVI_Brain_Tumor/masks/1220.png
train,/sessions/rcw-01rhzohs6sarhhp2xkz1oted/mnt/MVI_Brain_Tumor/images/3042.png,/sessions/rcw-01rhzohs6sarhhp2xkz1oted/mnt/MVI_Brain_Tumor/masks/3042.png
train,/sessions/rcw-01rhzohs6sarhhp2xkz1oted/mnt/MVI_Brain_Tumor/images/1063.png,/sessions/rcw-01rhzohs6sarhhp2xkz1oted/mnt/MVI_Brain_Tumor/masks/1063.png
train,/sessions/rcw-01rhzohs6sarhhp2xkz1oted/mnt/MVI_Brain_Tumor/images/49.png,/sessions/rcw-01rhzohs6sarhhp2xkz1oted/mnt/MVI_Brain_Tumor/masks/49.png
train,/sessions/rcw-01rhzohs6sarhhp2xkz1oted/mnt/MVI_Brain_Tumor/images/242.png,/sessions/rcw-01rhzohs6sarhhp2xkz1oted/mnt/MVI_Brain_Tumor/masks/242.png
train,/sessions/rcw-01rhzohs6sarhhp2xkz1oted/mnt/MVI_Brain_Tumor/images/1559.png,/sessions/rcw-01rhzohs6sarhhp2xkz1oted/mnt/MVI_Brain_Tumor/masks/1559.png
train,/sessions/rcw-01rhzohs6sarhhp2xkz1oted/mnt/MVI_Brain_Tumor/images/2051.png,/sessions/rcw-01rhzohs6sarhhp2xkz1oted/mnt/MVI_Brain_Tumor/masks/2051.png
train,/sessions/rcw-01rhzohs6sarhhp2xkz1oted/mnt/MVI_Brain_Tumor/images/2536.png,/sessions/rcw-01rhzohs6sarhhp2xkz1oted/mnt/MVI_Brain_Tumor/masks/2536.png
train,/sessions/rcw-01rhzohs6sarhhp2xkz1oted/mnt/MVI_Brain_Tumor/images/2381.png,/sessions/rcw-01rhzohs6sarhhp2xkz1oted/mnt/MVI_Brain_Tumor/masks/2381.png
train,/sessions/rcw-01rhzohs6sarhhp2xkz1oted/mnt/MVI_Brain_Tumor/images/2700.png,/sessions/rcw-01rhzohs6sarhhp2xkz1oted/mnt/MVI_Brain_Tumor/masks/2700.png
train,/sessions/rcw-01rhzohs6sarhhp2xkz1oted/mnt/MVI_Brain_Tumor/images/320.png,/sessions/rcw-01rhzohs6sarhhp2xkz1oted/mnt/MVI_Brain_Tumor/masks/320.png
train,/sessions/rcw-01rhzohs6sarhhp2xkz1oted/mnt/MVI_Brain_Tumor/images/503.png,/sessions/rcw-01rhzohs6sarhhp2xkz1oted/mnt/MVI_Brain_Tumor/masks/503.png
train,/sessions/rcw-01rhzohs6sarhhp2xkz1oted/mnt/MVI_Brain_Tumor/images/2519.png,/sessions/rcw-01rhzohs6sarhhp2xkz1oted/mnt/MVI_Brain_Tumor/masks/2519.png
train,/sessions/rcw-01rhzohs6sarhhp2xkz1oted/mnt/MVI_Brain_Tumor/images/126.png,/sessions/rcw-01rhzohs6sarhhp2xkz1oted/mnt/MVI_Brain_Tumor/masks/126.png
train,/sessions/rcw-01rhzohs6sarhhp2xkz1oted/mnt/MVI_Brain_Tumor/images/471.png,/sessions/rcw-01rhzohs6sarhhp2xkz1oted/mnt/MVI_Brain_Tumor/masks/471.png
train,/sessions/rcw-01rhzohs6sarhhp2xkz1oted/mnt/MVI_Brain_Tumor/images/954.png,/sessions/rcw-01rhzohs6sarhhp2xkz1oted/mnt/MVI_Brain_Tumor/masks/954.png
train,/sessions/rcw-01rhzohs6sarhhp2xkz1oted/mnt/MVI_Brain_Tumor/images/1503.png,/sessions/rcw-01rhzohs6sarhhp2xkz1oted/mnt/MVI_Brain_Tumor/masks/1503.png
train,/sessions/rcw-01rhzohs6sarhhp2xkz1oted/mnt/MVI_Brain_Tumor/images/2708.png,/sessions/rcw-01rhzohs6sarhhp2xkz1oted/mnt/MVI_Brain_Tumor/masks/2708.png
train,/sessions/rcw-01rhzohs6sarhhp2xkz1oted/mnt/MVI_Brain_Tumor/images/1490.png,/sessions/rcw-01rhzohs6sarhhp2xkz1oted/mnt/MVI_Brain_Tumor/masks/1490.png
train,/sessions/rcw-01rhzohs6sarhhp2xkz1oted/mnt/MVI_Brain_Tumor/images/620.png,/sessions/rcw-01rhzohs6sarhhp2xkz1oted/mnt/MVI_Brain_Tumor/masks/620.png
train,/sessions/rcw-01rhzohs6sarhhp2xkz1oted/mnt/MVI_Brain_Tumor/images/2513.png,/sessions/rcw-01rhzohs6sarhhp2xkz1oted/mnt/MVI_Brain_Tumor/masks/2513.png
train,/sessions/rcw-01rhzohs6sarhhp2xkz1oted/mnt/MVI_Brain_Tumor/images/274.png,/sessions/rcw-01rhzohs6sarhhp2xkz1oted/mnt/MVI_Brain_Tumor/masks/274.png
train,/sessions/rcw-01rhzohs6sarhhp2xkz1oted/mnt/MVI_Brain_Tumor/images/2393.png,/sessions/rcw-01rhzohs6sarhhp2xkz1oted/mnt/MVI_Brain_Tumor/masks/2393.png
train,/sessions/rcw-01rhzohs6sarhhp2xkz1oted/mnt/MVI_Brain_Tumor/images/1631.png,/sessions/rcw-01rhzohs6sarhhp2xkz1oted/mnt/MVI_Brain_Tumor/masks/1631.png
train,/sessions/rcw-01rhzohs6sarhhp2xkz1oted/mnt/MVI_Brain_Tumor/images/982.png,/sessions/rcw-01rhzohs6sarhhp2xkz1oted/mnt/MVI_Brain_Tumor/masks/982.png
train,/sessions/rcw-01rhzohs6sarhhp2xkz1oted/mnt/MVI_Brain_Tumor/images/1397.png,/sessions/rcw-01rhzohs6sarhhp2xkz1oted/mnt/MVI_Brain_Tumor/masks/1397.png
train,/sessions/rcw-01rhzohs6sarhhp2xkz1oted/mnt/MVI_Brain_Tumor/images/2004.png,/sessions/rcw-01rhzohs6sarhhp2xkz1oted/mnt/MVI_Brain_Tumor/masks/2004.png
train,/sessions/rcw-01rhzohs6sarhhp2xkz1oted/mnt/MVI_Brain_Tumor/images/3054.png,/sessions/rcw-01rhzohs6sarhhp2xkz1oted/mnt/MVI_Brain_Tumor/masks/3054.png
train,/sessions/rcw-01rhzohs6sarhhp2xkz1oted/mnt/MVI_Brain_Tumor/images/1920.png,/sessions/rcw-01rhzohs6sarhhp2xkz1oted/mnt/MVI_Brain_Tumor/masks/1920.png
train,/sessions/rcw-01rhzohs6sarhhp2xkz1oted/mnt/MVI_Brain_Tumor/images/2121.png,/sessions/rcw-01rhzohs6sarhhp2xkz1oted/mnt/MVI_Brain_Tumor/masks/2121.png
train,/sessions/rcw-01rhzohs6sarhhp2xkz1oted/mnt/MVI_Brain_Tumor/images/1688.png,/sessions/rcw-01rhzohs6sarhhp2xkz1oted/mnt/MVI_Brain_Tumor/masks/1688.png
train,/sessions/rcw-01rhzohs6sarhhp2xkz1oted/mnt/MVI_Brain_Tumor/images/1206.png,/sessions/rcw-01rhzohs6sarhhp2xkz1oted/mnt/MVI_Brain_Tumor/masks/1206.png
train,/sessions/rcw-01rhzohs6sarhhp2xkz1oted/mnt/MVI_Brain_Tumor/images/2046.png,/sessions/rcw-01rhzohs6sarhhp2xkz1oted/mnt/MVI_Brain_Tumor/masks/2046.png
train,/sessions/rcw-01rhzohs6sarhhp2xkz1oted/mnt/MVI_Brain_Tumor/images/427.png,/sessions/rcw-01rhzohs6sarhhp2xkz1oted/mnt/MVI_Brain_Tumor/masks/427.png
train,/sessions/rcw-01rhzohs6sarhhp2xkz1oted/mnt/MVI_Brain_Tumor/images/2161.png,/sessions/rcw-01rhzohs6sarhhp2xkz1oted/mnt/MVI_Brain_Tumor/masks/2161.png
train,/sessions/rcw-01rhzohs6sarhhp2xkz1oted/mnt/MVI_Brain_Tumor/images/2493.png,/sessions/rcw-01rhzohs6sarhhp2xkz1oted/mnt/MVI_Brain_Tumor/masks/2493.png
train,/sessions/rcw-01rhzohs6sarhhp2xkz1oted/mnt/MVI_Brain_Tumor/images/804.png,/sessions/rcw-01rhzohs6sarhhp2xkz1oted/mnt/MVI_Brain_Tumor/masks/804.png
train,/sessions/rcw-01rhzohs6sarhhp2xkz1oted/mnt/MVI_Brain_Tumor/images/1330.png,/sessions/rcw-01rhzohs6sarhhp2xkz1oted/mnt/MVI_Brain_Tumor/masks/1330.png
train,/sessions/rcw-01rhzohs6sarhhp2xkz1oted/mnt/MVI_Brain_Tumor/images/809.png,/sessions/rcw-01rhzohs6sarhhp2xkz1oted/mnt/MVI_Brain_Tumor/masks/809.png
train,/sessions/rcw-01rhzohs6sarhhp2xkz1oted/mnt/MVI_Brain_Tumor/images/1066.png,/sessions/rcw-01rhzohs6sarhhp2xkz1oted/mnt/MVI_Brain_Tumor/masks/1066.png
train,/sessions/rcw-01rhzohs6sarhhp2xkz1oted/mnt/MVI_Brain_Tumor/images/1431.png,/sessions/rcw-01rhzohs6sarhhp2xkz1oted/mnt/MVI_Brain_Tumor/masks/1431.png
train,/sessions/rcw-01rhzohs6sarhhp2xkz1oted/mnt/MVI_Brain_Tumor/images/1477.png,/sessions/rcw-01rhzohs6sarhhp2xkz1oted/mnt/MVI_Brain_Tumor/masks/1477.png
train,/sessions/rcw-01rhzohs6sarhhp2xkz1oted/mnt/MVI_Brain_Tumor/images/2241.png,/sessions/rcw-01rhzohs6sarhhp2xkz1oted/mnt/MVI_Brain_Tumor/masks/2241.png
train,/sessions/rcw-01rhzohs6sarhhp2xkz1oted/mnt/MVI_Brain_Tumor/images/2749.png,/sessions/rcw-01rhzohs6sarhhp2xkz1oted/mnt/MVI_Brain_Tumor/masks/2749.png
train,/sessions/rcw-01rhzohs6sarhhp2xkz1oted/mnt/MVI_Brain_Tumor/images/3021.png,/sessions/rcw-01rhzohs6sarhhp2xkz1oted/mnt/MVI_Brain_Tumor/masks/3021.png
train,/sessions/rcw-01rhzohs6sarhhp2xkz1oted/mnt/MVI_Brain_Tumor/images/2388.png,/sessions/rcw-01rhzohs6sarhhp2xkz1oted/mnt/MVI_Brain_Tumor/masks/2388.png
train,/sessions/rcw-01rhzohs6sarhhp2xkz1oted/mnt/MVI_Brain_Tumor/images/1362.png,/sessions/rcw-01rhzohs6sarhhp2xkz1oted/mnt/MVI_Brain_Tumor/masks/1362.png
train,/sessions/rcw-01rhzohs6sarhhp2xkz1oted/mnt/MVI_Brain_Tumor/images/2222.png,/sessions/rcw-01rhzohs6sarhhp2xkz1oted/mnt/MVI_Brain_Tumor/masks/2222.png
train,/sessions/rcw-01rhzohs6sarhhp2xkz1oted/mnt/MVI_Brain_Tumor/images/2701.png,/sessions/rcw-01rhzohs6sarhhp2xkz1oted/mnt/MVI_Brain_Tumor/masks/2701.png
train,/sessions/rcw-01rhzohs6sarhhp2xkz1oted/mnt/MVI_Brain_Tumor/images/2896.png,/sessions/rcw-01rhzohs6sarhhp2xkz1oted/mnt/MVI_Brain_Tumor/masks/2896.png
train,/sessions/rcw-01rhzohs6sarhhp2xkz1oted/mnt/MVI_Brain_Tumor/images/1176.png,/sessions/rcw-01rhzohs6sarhhp2xkz1oted/mnt/MVI_Brain_Tumor/masks/1176.png
train,/sessions/rcw-01rhzohs6sarhhp2xkz1oted/mnt/MVI_Brain_Tumor/images/718.png,/sessions/rcw-01rhzohs6sarhhp2xkz1oted/mnt/MVI_Brain_Tumor/masks/718.png
train,/sessions/rcw-01rhzohs6sarhhp2xkz1oted/mnt/MVI_Brain_Tumor/images/1711.png,/sessions/rcw-01rhzohs6sarhhp2xkz1oted/mnt/MVI_Brain_Tumor/masks/1711.png
train,/sessions/rcw-01rhzohs6sarhhp2xkz1oted/mnt/MVI_Brain_Tumor/images/2714.png,/sessions/rcw-01rhzohs6sarhhp2xkz1oted/mnt/MVI_Brain_Tumor/masks/2714.png
train,/sessions/rcw-01rhzohs6sarhhp2xkz1oted/mnt/MVI_Brain_Tumor/images/537.png,/sessions/rcw-01rhzohs6sarhhp2xkz1oted/mnt/MVI_Brain_Tumor/masks/537.png
train,/sessions/rcw-01rhzohs6sarhhp2xkz1oted/mnt/MVI_Brain_Tumor/images/2067.png,/sessions/rcw-01rhzohs6sarhhp2xkz1oted/mnt/MVI_Brain_Tumor/masks/2067.png
train,/sessions/rcw-01rhzohs6sarhhp2xkz1oted/mnt/MVI_Brain_Tumor/images/1078.png,/sessions/rcw-01rhzohs6sarhhp2xkz1oted/mnt/MVI_Brain_Tumor/masks/1078.png
train,/sessions/rcw-01rhzohs6sarhhp2xkz1oted/mnt/MVI_Brain_Tumor/images/1128.png,/sessions/rcw-01rhzohs6sarhhp2xkz1oted/mnt/MVI_Brain_Tumor/masks/1128.png
train,/sessions/rcw-01rhzohs6sarhhp2xkz1oted/mnt/MVI_Brain_Tumor/images/884.png,/sessions/rcw-01rhzohs6sarhhp2xkz1oted/mnt/MVI_Brain_Tumor/masks/884.png
train,/sessions/rcw-01rhzohs6sarhhp2xkz1oted/mnt/MVI_Brain_Tumor/images/2173.png,/sessions/rcw-01rhzohs6sarhhp2xkz1oted/mnt/MVI_Brain_Tumor/masks/2173.png
train,/sessions/rcw-01rhzohs6sarhhp2xkz1oted/mnt/MVI_Brain_Tumor/images/2741.png,/sessions/rcw-01rhzohs6sarhhp2xkz1oted/mnt/MVI_Brain_Tumor/masks/2741.png
train,/sessions/rcw-01rhzohs6sarhhp2xkz1oted/mnt/MVI_Brain_Tumor/images/776.png,/sessions/rcw-01rhzohs6sarhhp2xkz1oted/mnt/MVI_Brain_Tumor/masks/776.png
train,/sessions/rcw-01rhzohs6sarhhp2xkz1oted/mnt/MVI_Brain_Tumor/images/2730.png,/sessions/rcw-01rhzohs6sarhhp2xkz1oted/mnt/MVI_Brain_Tumor/masks/2730.png
train,/sessions/rcw-01rhzohs6sarhhp2xkz1oted/mnt/MVI_Brain_Tumor/images/2690.png,/sessions/rcw-01rhzohs6sarhhp2xkz1oted/mnt/MVI_Brain_Tumor/masks/2690.png
train,/sessions/rcw-01rhzohs6sarhhp2xkz1oted/mnt/MVI_Brain_Tumor/images/941.png,/sessions/rcw-01rhzohs6sarhhp2xkz1oted/mnt/MVI_Brain_Tumor/masks/941.png
train,/sessions/rcw-01rhzohs6sarhhp2xkz1oted/mnt/MVI_Brain_Tumor/images/1871.png,/sessions/rcw-01rhzohs6sarhhp2xkz1oted/mnt/MVI_Brain_Tumor/masks/1871.png
train,/sessions/rcw-01rhzohs6sarhhp2xkz1oted/mnt/MVI_Brain_Tumor/images/1302.png,/sessions/rcw-01rhzohs6sarhhp2xkz1oted/mnt/MVI_Brain_Tumor/masks/1302.png
train,/sessions/rcw-01rhzohs6sarhhp2xkz1oted/mnt/MVI_Brain_Tumor/images/931.png,/sessions/rcw-01rhzohs6sarhhp2xkz1oted/mnt/MVI_Brain_Tumor/masks/931.png
train,/sessions/rcw-01rhzohs6sarhhp2xkz1oted/mnt/MVI_Brain_Tumor/images/344.png,/sessions/rcw-01rhzohs6sarhhp2xkz1oted/mnt/MVI_Brain_Tumor/masks/344.png
train,/sessions/rcw-01rhzohs6sarhhp2xkz1oted/mnt/MVI_Brain_Tumor/images/573.png,/sessions/rcw-01rhzohs6sarhhp2xkz1oted/mnt/MVI_Brain_Tumor/masks/573.png
train,/sessions/rcw-01rhzohs6sarhhp2xkz1oted/mnt/MVI_Brain_Tumor/images/370.png,/sessions/rcw-01rhzohs6sarhhp2xkz1oted/mnt/MVI_Brain_Tumor/masks/370.png
train,/sessions/rcw-01rhzohs6sarhhp2xkz1oted/mnt/MVI_Brain_Tumor/images/90.png,/sessions/rcw-01rhzohs6sarhhp2xkz1oted/mnt/MVI_Brain_Tumor/masks/90.png
train,/sessions/rcw-01rhzohs6sarhhp2xkz1oted/mnt/MVI_Brain_Tumor/images/2465.png,/sessions/rcw-01rhzohs6sarhhp2xkz1oted/mnt/MVI_Brain_Tumor/masks/2465.png
train,/sessions/rcw-01rhzohs6sarhhp2xkz1oted/mnt/MVI_Brain_Tumor/images/1004.png,/sessions/rcw-01rhzohs6sarhhp2xkz1oted/mnt/MVI_Brain_Tumor/masks/1004.png
train,/sessions/rcw-01rhzohs6sarhhp2xkz1oted/mnt/MVI_Brain_Tumor/images/1376.png,/sessions/rcw-01rhzohs6sarhhp2xkz1oted/mnt/MVI_Brain_Tumor/masks/1376.png
train,/sessions/rcw-01rhzohs6sarhhp2xkz1oted/mnt/MVI_Brain_Tumor/images/2286.png,/sessions/rcw-01rhzohs6sarhhp2xkz1oted/mnt/MVI_Brain_Tumor/masks/2286.png
train,/sessions/rcw-01rhzohs6sarhhp2xkz1oted/mnt/MVI_Brain_Tumor/images/318.png,/sessions/rcw-01rhzohs6sarhhp2xkz1oted/mnt/MVI_Brain_Tumor/masks/318.png
train,/sessions/rcw-01rhzohs6sarhhp2xkz1oted/mnt/MVI_Brain_Tumor/images/1632.png,/sessions/rcw-01rhzohs6sarhhp2xkz1oted/mnt/MVI_Brain_Tumor/masks/1632.png
train,/sessions/rcw-01rhzohs6sarhhp2xkz1oted/mnt/MVI_Brain_Tumor/images/2624.png,/sessions/rcw-01rhzohs6sarhhp2xkz1oted/mnt/MVI_Brain_Tumor/masks/2624.png
train,/sessions/rcw-01rhzohs6sarhhp2xkz1oted/mnt/MVI_Brain_Tumor/images/1216.png,/sessions/rcw-01rhzohs6sarhhp2xkz1oted/mnt/MVI_Brain_Tumor/masks/1216.png
train,/sessions/rcw-01rhzohs6sarhhp2xkz1oted/mnt/MVI_Brain_Tumor/images/1037.png,/sessions/rcw-01rhzohs6sarhhp2xkz1oted/mnt/MVI_Brain_Tumor/masks/1037.png
train,/sessions/rcw-01rhzohs6sarhhp2xkz1oted/mnt/MVI_Brain_Tumor/images/102.png,/sessions/rcw-01rhzohs6sarhhp2xkz1oted/mnt/MVI_Brain_Tumor/masks/102.png
train,/sessions/rcw-01rhzohs6sarhhp2xkz1oted/mnt/MVI_Brain_Tumor/images/1993.png,/sessions/rcw-01rhzohs6sarhhp2xkz1oted/mnt/MVI_Brain_Tumor/masks/1993.png
train,/sessions/rcw-01rhzohs6sarhhp2xkz1oted/mnt/MVI_Brain_Tumor/images/1676.png,/sessions/rcw-01rhzohs6sarhhp2xkz1oted/mnt/MVI_Brain_Tumor/masks/1676.png
train,/sessions/rcw-01rhzohs6sarhhp2xkz1oted/mnt/MVI_Brain_Tumor/images/1634.png,/sessions/rcw-01rhzohs6sarhhp2xkz1oted/mnt/MVI_Brain_Tumor/masks/1634.png
train,/sessions/rcw-01rhzohs6sarhhp2xkz1oted/mnt/MVI_Brain_Tumor/images/983.png,/sessions/rcw-01rhzohs6sarhhp2xkz1oted/mnt/MVI_Brain_Tumor/masks/983.png
train,/sessions/rcw-01rhzohs6sarhhp2xkz1oted/mnt/MVI_Brain_Tumor/images/2922.png,/sessions/rcw-01rhzohs6sarhhp2xkz1oted/mnt/MVI_Brain_Tumor/masks/2922.png
train,/sessions/rcw-01rhzohs6sarhhp2xkz1oted/mnt/MVI_Brain_Tumor/images/2935.png,/sessions/rcw-01rhzohs6sarhhp2xkz1oted/mnt/MVI_Brain_Tumor/masks/2935.png
train,/sessions/rcw-01rhzohs6sarhhp2xkz1oted/mnt/MVI_Brain_Tumor/images/2483.png,/sessions/rcw-01rhzohs6sarhhp2xkz1oted/mnt/MVI_Brain_Tumor/masks/2483.png
train,/sessions/rcw-01rhzohs6sarhhp2xkz1oted/mnt/MVI_Brain_Tumor/images/2582.png,/sessions/rcw-01rhzohs6sarhhp2xkz1oted/mnt/MVI_Brain_Tumor/masks/2582.png
train,/sessions/rcw-01rhzohs6sarhhp2xkz1oted/mnt/MVI_Brain_Tumor/images/2669.png,/sessions/rcw-01rhzohs6sarhhp2xkz1oted/mnt/MVI_Brain_Tumor/masks/2669.png
train,/sessions/rcw-01rhzohs6sarhhp2xkz1oted/mnt/MVI_Brain_Tumor/images/583.png,/sessions/rcw-01rhzohs6sarhhp2xkz1oted/mnt/MVI_Brain_Tumor/masks/583.png
train,/sessions/rcw-01rhzohs6sarhhp2xkz1oted/mnt/MVI_Brain_Tumor/images/2808.png,/sessions/rcw-01rhzohs6sarhhp2xkz1oted/mnt/MVI_Brain_Tumor/masks/2808.png
train,/sessions/rcw-01rhzohs6sarhhp2xkz1oted/mnt/MVI_Brain_Tumor/images/2734.png,/sessions/rcw-01rhzohs6sarhhp2xkz1oted/mnt/MVI_Brain_Tumor/masks/2734.png
train,/sessions/rcw-01rhzohs6sarhhp2xkz1oted/mnt/MVI_Brain_Tumor/images/384.png,/sessions/rcw-01rhzohs6sarhhp2xkz1oted/mnt/MVI_Brain_Tumor/masks/384.png
train,/sessions/rcw-01rhzohs6sarhhp2xkz1oted/mnt/MVI_Brain_Tumor/images/1198.png,/sessions/rcw-01rhzohs6sarhhp2xkz1oted/mnt/MVI_Brain_Tumor/masks/1198.png
train,/sessions/rcw-01rhzohs6sarhhp2xkz1oted/mnt/MVI_Brain_Tumor/images/1241.png,/sessions/rcw-01rhzohs6sarhhp2xkz1oted/mnt/MVI_Brain_Tumor/masks/1241.png
train,/sessions/rcw-01rhzohs6sarhhp2xkz1oted/mnt/MVI_Brain_Tumor/images/2665.png,/sessions/rcw-01rhzohs6sarhhp2xkz1oted/mnt/MVI_Brain_Tumor/masks/2665.png
train,/sessions/rcw-01rhzohs6sarhhp2xkz1oted/mnt/MVI_Brain_Tumor/images/2016.png,/sessions/rcw-01rhzohs6sarhhp2xkz1oted/mnt/MVI_Brain_Tumor/masks/2016.png
train,/sessions/rcw-01rhzohs6sarhhp2xkz1oted/mnt/MVI_Brain_Tumor/images/1844.png,/sessions/rcw-01rhzohs6sarhhp2xkz1oted/mnt/MVI_Brain_Tumor/masks/1844.png
train,/sessions/rcw-01rhzohs6sarhhp2xkz1oted/mnt/MVI_Brain_Tumor/images/3031.png,/sessions/rcw-01rhzohs6sarhhp2xkz1oted/mnt/MVI_Brain_Tumor/masks/3031.png
train,/sessions/rcw-01rhzohs6sarhhp2xkz1oted/mnt/MVI_Brain_Tumor/images/1729.png,/sessions/rcw-01rhzohs6sarhhp2xkz1oted/mnt/MVI_Brain_Tumor/masks/1729.png
train,/sessions/rcw-01rhzohs6sarhhp2xkz1oted/mnt/MVI_Brain_Tumor/images/849.png,/sessions/rcw-01rhzohs6sarhhp2xkz1oted/mnt/MVI_Brain_Tumor/masks/849.png
train,/sessions/rcw-01rhzohs6sarhhp2xkz1oted/mnt/MVI_Brain_Tumor/images/163.png,/sessions/rcw-01rhzohs6sarhhp2xkz1oted/mnt/MVI_Brain_Tumor/masks/163.png
train,/sessions/rcw-01rhzohs6sarhhp2xkz1oted/mnt/MVI_Brain_Tumor/images/2079.png,/sessions/rcw-01rhzohs6sarhhp2xkz1oted/mnt/MVI_Brain_Tumor/masks/2079.png
train,/sessions/rcw-01rhzohs6sarhhp2xkz1oted/mnt/MVI_Brain_Tumor/images/2979.png,/sessions/rcw-01rhzohs6sarhhp2xkz1oted/mnt/MVI_Brain_Tumor/masks/2979.png
train,/sessions/rcw-01rhzohs6sarhhp2xkz1oted/mnt/MVI_Brain_Tumor/images/2547.png,/sessions/rcw-01rhzohs6sarhhp2xkz1oted/mnt/MVI_Brain_Tumor/masks/2547.png
train,/sessions/rcw-01rhzohs6sarhhp2xkz1oted/mnt/MVI_Brain_Tumor/images/1614.png,/sessions/rcw-01rhzohs6sarhhp2xkz1oted/mnt/MVI_Brain_Tumor/masks/1614.png
train,/sessions/rcw-01rhzohs6sarhhp2xkz1oted/mnt/MVI_Brain_Tumor/images/2609.png,/sessions/rcw-01rhzohs6sarhhp2xkz1oted/mnt/MVI_Brain_Tumor/masks/2609.png
train,/sessions/rcw-01rhzohs6sarhhp2xkz1oted/mnt/MVI_Brain_Tumor/images/1172.png,/sessions/rcw-01rhzohs6sarhhp2xkz1oted/mnt/MVI_Brain_Tumor/masks/1172.png
train,/sessions/rcw-01rhzohs6sarhhp2xkz1oted/mnt/MVI_Brain_Tumor/images/2901.png,/sessions/rcw-01rhzohs6sarhhp2xkz1oted/mnt/MVI_Brain_Tumor/masks/2901.png
train,/sessions/rcw-01rhzohs6sarhhp2xkz1oted/mnt/MVI_Brain_Tumor/images/1123.png,/sessions/rcw-01rhzohs6sarhhp2xkz1oted/mnt/MVI_Brain_Tumor/masks/1123.png
train,/sessions/rcw-01rhzohs6sarhhp2xkz1oted/mnt/MVI_Brain_Tumor/images/1186.png,/sessions/rcw-01rhzohs6sarhhp2xkz1oted/mnt/MVI_Brain_Tumor/masks/1186.png
train,/sessions/rcw-01rhzohs6sarhhp2xkz1oted/mnt/MVI_Brain_Tumor/images/1211.png,/sessions/rcw-01rhzohs6sarhhp2xkz1oted/mnt/MVI_Brain_Tumor/masks/1211.png
train,/sessions/rcw-01rhzohs6sarhhp2xkz1oted/mnt/MVI_Brain_Tumor/images/2235.png,/sessions/rcw-01rhzohs6sarhhp2xkz1oted/mnt/MVI_Brain_Tumor/masks/2235.png
train,/sessions/rcw-01rhzohs6sarhhp2xkz1oted/mnt/MVI_Brain_Tumor/images/1124.png,/sessions/rcw-01rhzohs6sarhhp2xkz1oted/mnt/MVI_Brain_Tumor/masks/1124.png
train,/sessions/rcw-01rhzohs6sarhhp2xkz1oted/mnt/MVI_Brain_Tumor/images/2255.png,/sessions/rcw-01rhzohs6sarhhp2xkz1oted/mnt/MVI_Brain_Tumor/masks/2255.png
train,/sessions/rcw-01rhzohs6sarhhp2xkz1oted/mnt/MVI_Brain_Tumor/images/2303.png,/sessions/rcw-01rhzohs6sarhhp2xkz1oted/mnt/MVI_Brain_Tumor/masks/2303.png
train,/sessions/rcw-01rhzohs6sarhhp2xkz1oted/mnt/MVI_Brain_Tumor/images/1567.png,/sessions/rcw-01rhzohs6sarhhp2xkz1oted/mnt/MVI_Brain_Tumor/masks/1567.png
train,/sessions/rcw-01rhzohs6sarhhp2xkz1oted/mnt/MVI_Brain_Tumor/images/2928.png,/sessions/rcw-01rhzohs6sarhhp2xkz1oted/mnt/MVI_Brain_Tumor/masks/2928.png
train,/sessions/rcw-01rhzohs6sarhhp2xkz1oted/mnt/MVI_Brain_Tumor/images/2427.png,/sessions/rcw-01rhzohs6sarhhp2xkz1oted/mnt/MVI_Brain_Tumor/masks/2427.png
train,/sessions/rcw-01rhzohs6sarhhp2xkz1oted/mnt/MVI_Brain_Tumor/images/2707.png,/sessions/rcw-01rhzohs6sarhhp2xkz1oted/mnt/MVI_Brain_Tumor/masks/2707.png
train,/sessions/rcw-01rhzohs6sarhhp2xkz1oted/mnt/MVI_Brain_Tumor/images/1137.png,/sessions/rcw-01rhzohs6sarhhp2xkz1oted/mnt/MVI_Brain_Tumor/masks/1137.png
train,/sessions/rcw-01rhzohs6sarhhp2xkz1oted/mnt/MVI_Brain_Tumor/images/857.png,/sessions/rcw-01rhzohs6sarhhp2xkz1oted/mnt/MVI_Brain_Tumor/masks/857.png
train,/sessions/rcw-01rhzohs6sarhhp2xkz1oted/mnt/MVI_Brain_Tumor/images/1309.png,/sessions/rcw-01rhzohs6sarhhp2xkz1oted/mnt/MVI_Brain_Tumor/masks/1309.png
train,/sessions/rcw-01rhzohs6sarhhp2xkz1oted/mnt/MVI_Brain_Tumor/images/2068.png,/sessions/rcw-01rhzohs6sarhhp2xkz1oted/mnt/MVI_Brain_Tumor/masks/2068.png
train,/sessions/rcw-01rhzohs6sarhhp2xkz1oted/mnt/MVI_Brain_Tumor/images/2007.png,/sessions/rcw-01rhzohs6sarhhp2xkz1oted/mnt/MVI_Brain_Tumor/masks/2007.png
train,/sessions/rcw-01rhzohs6sarhhp2xkz1oted/mnt/MVI_Brain_Tumor/images/1234.png,/sessions/rcw-01rhzohs6sarhhp2xkz1oted/mnt/MVI_Brain_Tumor/masks/1234.png
train,/sessions/rcw-01rhzohs6sarhhp2xkz1oted/mnt/MVI_Brain_Tumor/images/1616.png,/sessions/rcw-01rhzohs6sarhhp2xkz1oted/mnt/MVI_Brain_Tumor/masks/1616.png
train,/sessions/rcw-01rhzohs6sarhhp2xkz1oted/mnt/MVI_Brain_Tumor/images/3040.png,/sessions/rcw-01rhzohs6sarhhp2xkz1oted/mnt/MVI_Brain_Tumor/masks/3040.png
train,/sessions/rcw-01rhzohs6sarhhp2xkz1oted/mnt/MVI_Brain_Tumor/images/51.png,/sessions/rcw-01rhzohs6sarhhp2xkz1oted/mnt/MVI_Brain_Tumor/masks/51.png
train,/sessions/rcw-01rhzohs6sarhhp2xkz1oted/mnt/MVI_Brain_Tumor/images/2413.png,/sessions/rcw-01rhzohs6sarhhp2xkz1oted/mnt/MVI_Brain_Tumor/masks/2413.png
train,/sessions/rcw-01rhzohs6sarhhp2xkz1oted/mnt/MVI_Brain_Tumor/images/1891.png,/sessions/rcw-01rhzohs6sarhhp2xkz1oted/mnt/MVI_Brain_Tumor/masks/1891.png
train,/sessions/rcw-01rhzohs6sarhhp2xkz1oted/mnt/MVI_Brain_Tumor/images/2227.png,/sessions/rcw-01rhzohs6sarhhp2xkz1oted/mnt/MVI_Brain_Tumor/masks/2227.png
train,/sessions/rcw-01rhzohs6sarhhp2xkz1oted/mnt/MVI_Brain_Tumor/images/1779.png,/sessions/rcw-01rhzohs6sarhhp2xkz1oted/mnt/MVI_Brain_Tumor/masks/1779.png
train,/sessions/rcw-01rhzohs6sarhhp2xkz1oted/mnt/MVI_Brain_Tumor/images/1553.png,/sessions/rcw-01rhzohs6sarhhp2xkz1oted/mnt/MVI_Brain_Tumor/masks/1553.png
train,/sessions/rcw-01rhzohs6sarhhp2xkz1oted/mnt/MVI_Brain_Tumor/images/1020.png,/sessions/rcw-01rhzohs6sarhhp2xkz1oted/mnt/MVI_Brain_Tumor/masks/1020.png
train,/sessions/rcw-01rhzohs6sarhhp2xkz1oted/mnt/MVI_Brain_Tumor/images/600.png,/sessions/rcw-01rhzohs6sarhhp2xkz1oted/mnt/MVI_Brain_Tumor/masks/600.png
train,/sessions/rcw-01rhzohs6sarhhp2xkz1oted/mnt/MVI_Brain_Tumor/images/156.png,/sessions/rcw-01rhzohs6sarhhp2xkz1oted/mnt/MVI_Brain_Tumor/masks/156.png
train,/sessions/rcw-01rhzohs6sarhhp2xkz1oted/mnt/MVI_Brain_Tumor/images/1547.png,/sessions/rcw-01rhzohs6sarhhp2xkz1oted/mnt/MVI_Brain_Tumor/masks/1547.png
train,/sessions/rcw-01rhzohs6sarhhp2xkz1oted/mnt/MVI_Brain_Tumor/images/1404.png,/sessions/rcw-01rhzohs6sarhhp2xkz1oted/mnt/MVI_Brain_Tumor/masks/1404.png
train,/sessions/rcw-01rhzohs6sarhhp2xkz1oted/mnt/MVI_Brain_Tumor/images/1865.png,/sessions/rcw-01rhzohs6sarhhp2xkz1oted/mnt/MVI_Brain_Tumor/masks/1865.png
train,/sessions/rcw-01rhzohs6sarhhp2xkz1oted/mnt/MVI_Brain_Tumor/images/919.png,/sessions/rcw-01rhzohs6sarhhp2xkz1oted/mnt/MVI_Brain_Tumor/masks/919.png
train,/sessions/rcw-01rhzohs6sarhhp2xkz1oted/mnt/MVI_Brain_Tumor/images/827.png,/sessions/rcw-01rhzohs6sarhhp2xkz1oted/mnt/MVI_Brain_Tumor/masks/827.png
train,/sessions/rcw-01rhzohs6sarhhp2xkz1oted/mnt/MVI_Brain_Tumor/images/2406.png,/sessions/rcw-01rhzohs6sarhhp2xkz1oted/mnt/MVI_Brain_Tumor/masks/2406.png
train,/sessions/rcw-01rhzohs6sarhhp2xkz1oted/mnt/MVI_Brain_Tumor/images/1463.png,/sessions/rcw-01rhzohs6sarhhp2xkz1oted/mnt/MVI_Brain_Tumor/masks/1463.png
train,/sessions/rcw-01rhzohs6sarhhp2xkz1oted/mnt/MVI_Brain_Tumor/images/96.png,/sessions/rcw-01rhzohs6sarhhp2xkz1oted/mnt/MVI_Brain_Tumor/masks/96.png
train,/sessions/rcw-01rhzohs6sarhhp2xkz1oted/mnt/MVI_Brain_Tumor/images/668.png,/sessions/rcw-01rhzohs6sarhhp2xkz1oted/mnt/MVI_Brain_Tumor/masks/668.png
train,/sessions/rcw-01rhzohs6sarhhp2xkz1oted/mnt/MVI_Brain_Tumor/images/738.png,/sessions/rcw-01rhzohs6sarhhp2xkz1oted/mnt/MVI_Brain_Tumor/masks/738.png
train,/sessions/rcw-01rhzohs6sarhhp2xkz1oted/mnt/MVI_Brain_Tumor/images/304.png,/sessions/rcw-01rhzohs6sarhhp2xkz1oted/mnt/MVI_Brain_Tumor/masks/304.png
train,/sessions/rcw-01rhzohs6sarhhp2xkz1oted/mnt/MVI_Brain_Tumor/images/1635.png,/sessions/rcw-01rhzohs6sarhhp2xkz1oted/mnt/MVI_Brain_Tumor/masks/1635.png
train,/sessions/rcw-01rhzohs6sarhhp2xkz1oted/mnt/MVI_Brain_Tumor/images/2037.png,/sessions/rcw-01rhzohs6sarhhp2xkz1oted/mnt/MVI_Brain_Tumor/masks/2037.png
train,/sessions/rcw-01rhzohs6sarhhp2xkz1oted/mnt/MVI_Brain_Tumor/images/2874.png,/sessions/rcw-01rhzohs6sarhhp2xkz1oted/mnt/MVI_Brain_Tumor/masks/2874.png
train,/sessions/rcw-01rhzohs6sarhhp2xkz1oted/mnt/MVI_Brain_Tumor/images/1916.png,/sessions/rcw-01rhzohs6sarhhp2xkz1oted/mnt/MVI_Brain_Tumor/masks/1916.png
train,/sessions/rcw-01rhzohs6sarhhp2xkz1oted/mnt/MVI_Brain_Tumor/images/2631.png,/sessions/rcw-01rhzohs6sarhhp2xkz1oted/mnt/MVI_Brain_Tumor/masks/2631.png
train,/sessions/rcw-01rhzohs6sarhhp2xkz1oted/mnt/MVI_Brain_Tumor/images/723.png,/sessions/rcw-01rhzohs6sarhhp2xkz1oted/mnt/MVI_Brain_Tumor/masks/723.png
train,/sessions/rcw-01rhzohs6sarhhp2xkz1oted/mnt/MVI_Brain_Tumor/images/272.png,/sessions/rcw-01rhzohs6sarhhp2xkz1oted/mnt/MVI_Brain_Tumor/masks/272.png
train,/sessions/rcw-01rhzohs6sarhhp2xkz1oted/mnt/MVI_Brain_Tumor/images/1360.png,/sessions/rcw-01rhzohs6sarhhp2xkz1oted/mnt/MVI_Brain_Tumor/masks/1360.png
train,/sessions/rcw-01rhzohs6sarhhp2xkz1oted/mnt/MVI_Brain_Tumor/images/2578.png,/sessions/rcw-01rhzohs6sarhhp2xkz1oted/mnt/MVI_Brain_Tumor/masks/2578.png
train,/sessions/rcw-01rhzohs6sarhhp2xkz1oted/mnt/MVI_Brain_Tumor/images/134.png,/sessions/rcw-01rhzohs6sarhhp2xkz1oted/mnt/MVI_Brain_Tumor/masks/134.png
train,/sessions/rcw-01rhzohs6sarhhp2xkz1oted/mnt/MVI_Brain_Tumor/images/1994.png,/sessions/rcw-01rhzohs6sarhhp2xkz1oted/mnt/MVI_Brain_Tumor/masks/1994.png
train,/sessions/rcw-01rhzohs6sarhhp2xkz1oted/mnt/MVI_Brain_Tumor/images/2992.png,/sessions/rcw-01rhzohs6sarhhp2xkz1oted/mnt/MVI_Brain_Tumor/masks/2992.png
train,/sessions/rcw-01rhzohs6sarhhp2xkz1oted/mnt/MVI_Brain_Tumor/images/3013.png,/sessions/rcw-01rhzohs6sarhhp2xkz1oted/mnt/MVI_Brain_Tumor/masks/3013.png
train,/sessions/rcw-01rhzohs6sarhhp2xkz1oted/mnt/MVI_Brain_Tumor/images/2307.png,/sessions/rcw-01rhzohs6sarhhp2xkz1oted/mnt/MVI_Brain_Tumor/masks/2307.png
train,/sessions/rcw-01rhzohs6sarhhp2xkz1oted/mnt/MVI_Brain_Tumor/images/698.png,/sessions/rcw-01rhzohs6sarhhp2xkz1oted/mnt/MVI_Brain_Tumor/masks/698.png
train,/sessions/rcw-01rhzohs6sarhhp2xkz1oted/mnt/MVI_Brain_Tumor/images/2959.png,/sessions/rcw-01rhzohs6sarhhp2xkz1oted/mnt/MVI_Brain_Tumor/masks/2959.png
train,/sessions/rcw-01rhzohs6sarhhp2xkz1oted/mnt/MVI_Brain_Tumor/images/2326.png,/sessions/rcw-01rhzohs6sarhhp2xkz1oted/mnt/MVI_Brain_Tumor/masks/2326.png
train,/sessions/rcw-01rhzohs6sarhhp2xkz1oted/mnt/MVI_Brain_Tumor/images/2655.png,/sessions/rcw-01rhzohs6sarhhp2xkz1oted/mnt/MVI_Brain_Tumor/masks/2655.png
train,/sessions/rcw-01rhzohs6sarhhp2xkz1oted/mnt/MVI_Brain_Tumor/images/2833.png,/sessions/rcw-01rhzohs6sarhhp2xkz1oted/mnt/MVI_Brain_Tumor/masks/2833.png
train,/sessions/rcw-01rhzohs6sarhhp2xkz1oted/mnt/MVI_Brain_Tumor/images/1445.png,/sessions/rcw-01rhzohs6sarhhp2xkz1oted/mnt/MVI_Brain_Tumor/masks/1445.png
train,/sessions/rcw-01rhzohs6sarhhp2xkz1oted/mnt/MVI_Brain_Tumor/images/1267.png,/sessions/rcw-01rhzohs6sarhhp2xkz1oted/mnt/MVI_Brain_Tumor/masks/1267.png
train,/sessions/rcw-01rhzohs6sarhhp2xkz1oted/mnt/MVI_Brain_Tumor/images/661.png,/sessions/rcw-01rhzohs6sarhhp2xkz1oted/mnt/MVI_Brain_Tumor/masks/661.png
train,/sessions/rcw-01rhzohs6sarhhp2xkz1oted/mnt/MVI_Brain_Tumor/images/1587.png,/sessions/rcw-01rhzohs6sarhhp2xkz1oted/mnt/MVI_Brain_Tumor/masks/1587.png
train,/sessions/rcw-01rhzohs6sarhhp2xkz1oted/mnt/MVI_Brain_Tumor/images/3020.png,/sessions/rcw-01rhzohs6sarhhp2xkz1oted/mnt/MVI_Brain_Tumor/masks/3020.png
train,/sessions/rcw-01rhzohs6sarhhp2xkz1oted/mnt/MVI_Brain_Tumor/images/2911.png,/sessions/rcw-01rhzohs6sarhhp2xkz1oted/mnt/MVI_Brain_Tumor/masks/2911.png
train,/sessions/rcw-01rhzohs6sarhhp2xkz1oted/mnt/MVI_Brain_Tumor/images/1387.png,/sessions/rcw-01rhzohs6sarhhp2xkz1oted/mnt/MVI_Brain_Tumor/masks/1387.png
train,/sessions/rcw-01rhzohs6sarhhp2xkz1oted/mnt/MVI_Brain_Tumor/images/898.png,/sessions/rcw-01rhzohs6sarhhp2xkz1oted/mnt/MVI_Brain_Tumor/masks/898.png
train,/sessions/rcw-01rhzohs6sarhhp2xkz1oted/mnt/MVI_Brain_Tumor/images/634.png,/sessions/rcw-01rhzohs6sarhhp2xkz1oted/mnt/MVI_Brain_Tumor/masks/634.png
train,/sessions/rcw-01rhzohs6sarhhp2xkz1oted/mnt/MVI_Brain_Tumor/images/678.png,/sessions/rcw-01rhzohs6sarhhp2xkz1oted/mnt/MVI_Brain_Tumor/masks/678.png
train,/sessions/rcw-01rhzohs6sarhhp2xkz1oted/mnt/MVI_Brain_Tumor/images/1832.png,/sessions/rcw-01rhzohs6sarhhp2xkz1oted/mnt/MVI_Brain_Tumor/masks/1832.png
train,/sessions/rcw-01rhzohs6sarhhp2xkz1oted/mnt/MVI_Brain_Tumor/images/773.png,/sessions/rcw-01rhzohs6sarhhp2xkz1oted/mnt/MVI_Brain_Tumor/masks/773.png
train,/sessions/rcw-01rhzohs6sarhhp2xkz1oted/mnt/MVI_Brain_Tumor/images/1621.png,/sessions/rcw-01rhzohs6sarhhp2xkz1oted/mnt/MVI_Brain_Tumor/masks/1621.png
train,/sessions/rcw-01rhzohs6sarhhp2xkz1oted/mnt/MVI_Brain_Tumor/images/2723.png,/sessions/rcw-01rhzohs6sarhhp2xkz1oted/mnt/MVI_Brain_Tumor/masks/2723.png
train,/sessions/rcw-01rhzohs6sarhhp2xkz1oted/mnt/MVI_Brain_Tumor/images/2350.png,/sessions/rcw-01rhzohs6sarhhp2xkz1oted/mnt/MVI_Brain_Tumor/masks/2350.png
train,/sessions/rcw-01rhzohs6sarhhp2xkz1oted/mnt/MVI_Brain_Tumor/images/1931.png,/sessions/rcw-01rhzohs6sarhhp2xkz1oted/mnt/MVI_Brain_Tumor/masks/1931.png
train,/sessions/rcw-01rhzohs6sarhhp2xkz1oted/mnt/MVI_Brain_Tumor/images/608.png,/sessions/rcw-01rhzohs6sarhhp2xkz1oted/mnt/MVI_Brain_Tumor/masks/608.png
train,/sessions/rcw-01rhzohs6sarhhp2xkz1oted/mnt/MVI_Brain_Tumor/images/544.png,/sessions/rcw-01rhzohs6sarhhp2xkz1oted/mnt/MVI_Brain_Tumor/masks/544.png
train,/sessions/rcw-01rhzohs6sarhhp2xkz1oted/mnt/MVI_Brain_Tumor/images/2240.png,/sessions/rcw-01rhzohs6sarhhp2xkz1oted/mnt/MVI_Brain_Tumor/masks/2240.png
train,/sessions/rcw-01rhzohs6sarhhp2xkz1oted/mnt/MVI_Brain_Tumor/images/181.png,/sessions/rcw-01rhzohs6sarhhp2xkz1oted/mnt/MVI_Brain_Tumor/masks/181.png
train,/sessions/rcw-01rhzohs6sarhhp2xkz1oted/mnt/MVI_Brain_Tumor/images/2029.png,/sessions/rcw-01rhzohs6sarhhp2xkz1oted/mnt/MVI_Brain_Tumor/masks/2029.png
train,/sessions/rcw-01rhzohs6sarhhp2xkz1oted/mnt/MVI_Brain_Tumor/images/726.png,/sessions/rcw-01rhzohs6sarhhp2xkz1oted/mnt/MVI_Brain_Tumor/masks/726.png
train,/sessions/rcw-01rhzohs6sarhhp2xkz1oted/mnt/MVI_Brain_Tumor/images/2080.png,/sessions/rcw-01rhzohs6sarhhp2xkz1oted/mnt/MVI_Brain_Tumor/masks/2080.png
train,/sessions/rcw-01rhzohs6sarhhp2xkz1oted/mnt/MVI_Brain_Tumor/images/1250.png,/sessions/rcw-01rhzohs6sarhhp2xkz1oted/mnt/MVI_Brain_Tumor/masks/1250.png
train,/sessions/rcw-01rhzohs6sarhhp2xkz1oted/mnt/MVI_Brain_Tumor/images/1736.png,/sessions/rcw-01rhzohs6sarhhp2xkz1oted/mnt/MVI_Brain_Tumor/masks/1736.png
train,/sessions/rcw-01rhzohs6sarhhp2xkz1oted/mnt/MVI_Brain_Tumor/images/391.png,/sessions/rcw-01rhzohs6sarhhp2xkz1oted/mnt/MVI_Brain_Tumor/masks/391.png
train,/sessions/rcw-01rhzohs6sarhhp2xkz1oted/mnt/MVI_Brain_Tumor/images/3044.png,/sessions/rcw-01rhzohs6sarhhp2xkz1oted/mnt/MVI_Brain_Tumor/masks/3044.png
train,/sessions/rcw-01rhzohs6sarhhp2xkz1oted/mnt/MVI_Brain_Tumor/images/123.png,/sessions/rcw-01rhzohs6sarhhp2xkz1oted/mnt/MVI_Brain_Tumor/masks/123.png
train,/sessions/rcw-01rhzohs6sarhhp2xkz1oted/mnt/MVI_Brain_Tumor/images/2262.png,/sessions/rcw-01rhzohs6sarhhp2xkz1oted/mnt/MVI_Brain_Tumor/masks/2262.png
train,/sessions/rcw-01rhzohs6sarhhp2xkz1oted/mnt/MVI_Brain_Tumor/images/1610.png,/sessions/rcw-01rhzohs6sarhhp2xkz1oted/mnt/MVI_Brain_Tumor/masks/1610.png
train,/sessions/rcw-01rhzohs6sarhhp2xkz1oted/mnt/MVI_Brain_Tumor/images/461.png,/sessions/rcw-01rhzohs6sarhhp2xkz1oted/mnt/MVI_Brain_Tumor/masks/461.png
train,/sessions/rcw-01rhzohs6sarhhp2xkz1oted/mnt/MVI_Brain_Tumor/images/922.png,/sessions/rcw-01rhzohs6sarhhp2xkz1oted/mnt/MVI_Brain_Tumor/masks/922.png
train,/sessions/rcw-01rhzohs6sarhhp2xkz1oted/mnt/MVI_Brain_Tumor/images/2786.png,/sessions/rcw-01rhzohs6sarhhp2xkz1oted/mnt/MVI_Brain_Tumor/masks/2786.png
train,/sessions/rcw-01rhzohs6sarhhp2xkz1oted/mnt/MVI_Brain_Tumor/images/2304.png,/sessions/rcw-01rhzohs6sarhhp2xkz1oted/mnt/MVI_Brain_Tumor/masks/2304.png
train,/sessions/rcw-01rhzohs6sarhhp2xkz1oted/mnt/MVI_Brain_Tumor/images/1049.png,/sessions/rcw-01rhzohs6sarhhp2xkz1oted/mnt/MVI_Brain_Tumor/masks/1049.png
train,/sessions/rcw-01rhzohs6sarhhp2xkz1oted/mnt/MVI_Brain_Tumor/images/2423.png,/sessions/rcw-01rhzohs6sarhhp2xkz1oted/mnt/MVI_Brain_Tumor/masks/2423.png
train,/sessions/rcw-01rhzohs6sarhhp2xkz1oted/mnt/MVI_Brain_Tumor/images/2461.png,/sessions/rcw-01rhzohs6sarhhp2xkz1oted/mnt/MVI_Brain_Tumor/masks/2461.png
train,/sessions/rcw-01rhzohs6sarhhp2xkz1oted/mnt/MVI_Brain_Tumor/images/2467.png,/sessions/rcw-01rhzohs6sarhhp2xkz1oted/mnt/MVI_Brain_Tumor/masks/2467.png
train,/sessions/rcw-01rhzohs6sarhhp2xkz1oted/mnt/MVI_Brain_Tumor/images/382.png,/sessions/rcw-01rhzohs6sarhhp2xkz1oted/mnt/MVI_Brain_Tumor/masks/382.png
train,/sessions/rcw-01rhzohs6sarhhp2xkz1oted/mnt/MVI_Brain_Tumor/images/2112.png,/sessions/rcw-01rhzohs6sarhhp2xkz1oted/mnt/MVI_Brain_Tumor/masks/2112.png
train,/sessions/rcw-01rhzohs6sarhhp2xkz1oted/mnt/MVI_Brain_Tumor/images/1420.png,/sessions/rcw-01rhzohs6sarhhp2xkz1oted/mnt/MVI_Brain_Tumor/masks/1420.png
train,/sessions/rcw-01rhzohs6sarhhp2xkz1oted/mnt/MVI_Brain_Tumor/images/838.png,/sessions/rcw-01rhzohs6sarhhp2xkz1oted/mnt/MVI_Brain_Tumor/masks/838.png
train,/sessions/rcw-01rhzohs6sarhhp2xkz1oted/mnt/MVI_Brain_Tumor/images/1071.png,/sessions/rcw-01rhzohs6sarhhp2xkz1oted/mnt/MVI_Brain_Tumor/masks/1071.png
train,/sessions/rcw-01rhzohs6sarhhp2xkz1oted/mnt/MVI_Brain_Tumor/images/1391.png,/sessions/rcw-01rhzohs6sarhhp2xkz1oted/mnt/MVI_Brain_Tumor/masks/1391.png
train,/sessions/rcw-01rhzohs6sarhhp2xkz1oted/mnt/MVI_Brain_Tumor/images/1173.png,/sessions/rcw-01rhzohs6sarhhp2xkz1oted/mnt/MVI_Brain_Tumor/masks/1173.png
train,/sessions/rcw-01rhzohs6sarhhp2xkz1oted/mnt/MVI_Brain_Tumor/images/1875.png,/sessions/rcw-01rhzohs6sarhhp2xkz1oted/mnt/MVI_Brain_Tumor/masks/1875.png
train,/sessions/rcw-01rhzohs6sarhhp2xkz1oted/mnt/MVI_Brain_Tumor/images/2643.png,/sessions/rcw-01rhzohs6sarhhp2xkz1oted/mnt/MVI_Brain_Tumor/masks/2643.png
train,/sessions/rcw-01rhzohs6sarhhp2xkz1oted/mnt/MVI_Brain_Tumor/images/2727.png,/sessions/rcw-01rhzohs6sarhhp2xkz1oted/mnt/MVI_Brain_Tumor/masks/2727.png
train,/sessions/rcw-01rhzohs6sarhhp2xkz1oted/mnt/MVI_Brain_Tumor/images/1950.png,/sessions/rcw-01rhzohs6sarhhp2xkz1oted/mnt/MVI_Brain_Tumor/masks/1950.png
train,/sessions/rcw-01rhzohs6sarhhp2xkz1oted/mnt/MVI_Brain_Tumor/images/692.png,/sessions/rcw-01rhzohs6sarhhp2xkz1oted/mnt/MVI_Brain_Tumor/masks/692.png
train,/sessions/rcw-01rhzohs6sarhhp2xkz1oted/mnt/MVI_Brain_Tumor/images/598.png,/sessions/rcw-01rhzohs6sarhhp2xkz1oted/mnt/MVI_Brain_Tumor/masks/598.png
train,/sessions/rcw-01rhzohs6sarhhp2xkz1oted/mnt/MVI_Brain_Tumor/images/2471.png,/sessions/rcw-01rhzohs6sarhhp2xkz1oted/mnt/MVI_Brain_Tumor/masks/2471.png
train,/sessions/rcw-01rhzohs6sarhhp2xkz1oted/mnt/MVI_Brain_Tumor/images/2056.png,/sessions/rcw-01rhzohs6sarhhp2xkz1oted/mnt/MVI_Brain_Tumor/masks/2056.png
train,/sessions/rcw-01rhzohs6sarhhp2xkz1oted/mnt/MVI_Brain_Tumor/images/2894.png,/sessions/rcw-01rhzohs6sarhhp2xkz1oted/mnt/MVI_Brain_Tumor/masks/2894.png
train,/sessions/rcw-01rhzohs6sarhhp2xkz1oted/mnt/MVI_Brain_Tumor/images/907.png,/sessions/rcw-01rhzohs6sarhhp2xkz1oted/mnt/MVI_Brain_Tumor/masks/907.png
train,/sessions/rcw-01rhzohs6sarhhp2xkz1oted/mnt/MVI_Brain_Tumor/images/439.png,/sessions/rcw-01rhzohs6sarhhp2xkz1oted/mnt/MVI_Brain_Tumor/masks/439.png
train,/sessions/rcw-01rhzohs6sarhhp2xkz1oted/mnt/MVI_Brain_Tumor/images/1019.png,/sessions/rcw-01rhzohs6sarhhp2xkz1oted/mnt/MVI_Brain_Tumor/masks/1019.png
train,/sessions/rcw-01rhzohs6sarhhp2xkz1oted/mnt/MVI_Brain_Tumor/images/306.png,/sessions/rcw-01rhzohs6sarhhp2xkz1oted/mnt/MVI_Brain_Tumor/masks/306.png
train,/sessions/rcw-01rhzohs6sarhhp2xkz1oted/mnt/MVI_Brain_Tumor/images/711.png,/sessions/rcw-01rhzohs6sarhhp2xkz1oted/mnt/MVI_Brain_Tumor/masks/711.png
train,/sessions/rcw-01rhzohs6sarhhp2xkz1oted/mnt/MVI_Brain_Tumor/images/1196.png,/sessions/rcw-01rhzohs6sarhhp2xkz1oted/mnt/MVI_Brain_Tumor/masks/1196.png
train,/sessions/rcw-01rhzohs6sarhhp2xkz1oted/mnt/MVI_Brain_Tumor/images/932.png,/sessions/rcw-01rhzohs6sarhhp2xkz1oted/mnt/MVI_Brain_Tumor/masks/932.png
train,/sessions/rcw-01rhzohs6sarhhp2xkz1oted/mnt/MVI_Brain_Tumor/images/973.png,/sessions/rcw-01rhzohs6sarhhp2xkz1oted/mnt/MVI_Brain_Tumor/masks/973.png
train,/sessions/rcw-01rhzohs6sarhhp2xkz1oted/mnt/MVI_Brain_Tumor/images/2129.png,/sessions/rcw-01rhzohs6sarhhp2xkz1oted/mnt/MVI_Brain_Tumor/masks/2129.png
train,/sessions/rcw-01rhzohs6sarhhp2xkz1oted/mnt/MVI_Brain_Tumor/images/1990.png,/sessions/rcw-01rhzohs6sarhhp2xkz1oted/mnt/MVI_Brain_Tumor/masks/1990.png
train,/sessions/rcw-01rhzohs6sarhhp2xkz1oted/mnt/MVI_Brain_Tumor/images/1359.png,/sessions/rcw-01rhzohs6sarhhp2xkz1oted/mnt/MVI_Brain_Tumor/masks/1359.png
train,/sessions/rcw-01rhzohs6sarhhp2xkz1oted/mnt/MVI_Brain_Tumor/images/988.png,/sessions/rcw-01rhzohs6sarhhp2xkz1oted/mnt/MVI_Brain_Tumor/masks/988.png
train,/sessions/rcw-01rhzohs6sarhhp2xkz1oted/mnt/MVI_Brain_Tumor/images/2972.png,/sessions/rcw-01rhzohs6sarhhp2xkz1oted/mnt/MVI_Brain_Tumor/masks/2972.png
train,/sessions/rcw-01rhzohs6sarhhp2xkz1oted/mnt/MVI_Brain_Tumor/images/2100.png,/sessions/rcw-01rhzohs6sarhhp2xkz1oted/mnt/MVI_Brain_Tumor/masks/2100.png
train,/sessions/rcw-01rhzohs6sarhhp2xkz1oted/mnt/MVI_Brain_Tumor/images/1979.png,/sessions/rcw-01rhzohs6sarhhp2xkz1oted/mnt/MVI_Brain_Tumor/masks/1979.png
train,/sessions/rcw-01rhzohs6sarhhp2xkz1oted/mnt/MVI_Brain_Tumor/images/657.png,/sessions/rcw-01rhzohs6sarhhp2xkz1oted/mnt/MVI_Brain_Tumor/masks/657.png
train,/sessions/rcw-01rhzohs6sarhhp2xkz1oted/mnt/MVI_Brain_Tumor/images/1514.png,/sessions/rcw-01rhzohs6sarhhp2xkz1oted/mnt/MVI_Brain_Tumor/masks/1514.png
train,/sessions/rcw-01rhzohs6sarhhp2xkz1oted/mnt/MVI_Brain_Tumor/images/2449.png,/sessions/rcw-01rhzohs6sarhhp2xkz1oted/mnt/MVI_Brain_Tumor/masks/2449.png
train,/sessions/rcw-01rhzohs6sarhhp2xkz1oted/mnt/MVI_Brain_Tumor/images/894.png,/sessions/rcw-01rhzohs6sarhhp2xkz1oted/mnt/MVI_Brain_Tumor/masks/894.png
train,/sessions/rcw-01rhzohs6sarhhp2xkz1oted/mnt/MVI_Brain_Tumor/images/2481.png,/sessions/rcw-01rhzohs6sarhhp2xkz1oted/mnt/MVI_Brain_Tumor/masks/2481.png
train,/sessions/rcw-01rhzohs6sarhhp2xkz1oted/mnt/MVI_Brain_Tumor/images/2660.png,/sessions/rcw-01rhzohs6sarhhp2xkz1oted/mnt/MVI_Brain_Tumor/masks/2660.png
train,/sessions/rcw-01rhzohs6sarhhp2xkz1oted/mnt/MVI_Brain_Tumor/images/748.png,/sessions/rcw-01rhzohs6sarhhp2xkz1oted/mnt/MVI_Brain_Tumor/masks/748.png
train,/sessions/rcw-01rhzohs6sarhhp2xkz1oted/mnt/MVI_Brain_Tumor/images/2243.png,/sessions/rcw-01rhzohs6sarhhp2xkz1oted/mnt/MVI_Brain_Tumor/masks/2243.png
train,/sessions/rcw-01rhzohs6sarhhp2xkz1oted/mnt/MVI_Brain_Tumor/images/319.png,/sessions/rcw-01rhzohs6sarhhp2xkz1oted/mnt/MVI_Brain_Tumor/masks/319.png
train,/sessions/rcw-01rhzohs6sarhhp2xkz1oted/mnt/MVI_Brain_Tumor/images/1002.png,/sessions/rcw-01rhzohs6sarhhp2xkz1oted/mnt/MVI_Brain_Tumor/masks/1002.png
train,/sessions/rcw-01rhzohs6sarhhp2xkz1oted/mnt/MVI_Brain_Tumor/images/2357.png,/sessions/rcw-01rhzohs6sarhhp2xkz1oted/mnt/MVI_Brain_Tumor/masks/2357.png
train,/sessions/rcw-01rhzohs6sarhhp2xkz1oted/mnt/MVI_Brain_Tumor/images/2474.png,/sessions/rcw-01rhzohs6sarhhp2xkz1oted/mnt/MVI_Brain_Tumor/masks/2474.png
train,/sessions/rcw-01rhzohs6sarhhp2xkz1oted/mnt/MVI_Brain_Tumor/images/1331.png,/sessions/rcw-01rhzohs6sarhhp2xkz1oted/mnt/MVI_Brain_Tumor/masks/1331.png
train,/sessions/rcw-01rhzohs6sarhhp2xkz1oted/mnt/MVI_Brain_Tumor/images/136.png,/sessions/rcw-01rhzohs6sarhhp2xkz1oted/mnt/MVI_Brain_Tumor/masks/136.png
train,/sessions/rcw-01rhzohs6sarhhp2xkz1oted/mnt/MVI_Brain_Tumor/images/2185.png,/sessions/rcw-01rhzohs6sarhhp2xkz1oted/mnt/MVI_Brain_Tumor/masks/2185.png
train,/sessions/rcw-01rhzohs6sarhhp2xkz1oted/mnt/MVI_Brain_Tumor/images/254.png,/sessions/rcw-01rhzohs6sarhhp2xkz1oted/mnt/MVI_Brain_Tumor/masks/254.png
train,/sessions/rcw-01rhzohs6sarhhp2xkz1oted/mnt/MVI_Brain_Tumor/images/2648.png,/sessions/rcw-01rhzohs6sarhhp2xkz1oted/mnt/MVI_Brain_Tumor/masks/2648.png
train,/sessions/rcw-01rhzohs6sarhhp2xkz1oted/mnt/MVI_Brain_Tumor/images/2564.png,/sessions/rcw-01rhzohs6sarhhp2xkz1oted/mnt/MVI_Brain_Tumor/masks/2564.png
train,/sessions/rcw-01rhzohs6sarhhp2xkz1oted/mnt/MVI_Brain_Tumor/images/1050.png,/sessions/rcw-01rhzohs6sarhhp2xkz1oted/mnt/MVI_Brain_Tumor/masks/1050.png
train,/sessions/rcw-01rhzohs6sarhhp2xkz1oted/mnt/MVI_Brain_Tumor/images/153.png,/sessions/rcw-01rhzohs6sarhhp2xkz1oted/mnt/MVI_Brain_Tumor/masks/153.png
train,/sessions/rcw-01rhzohs6sarhhp2xkz1oted/mnt/MVI_Brain_Tumor/images/2532.png,/sessions/rcw-01rhzohs6sarhhp2xkz1oted/mnt/MVI_Brain_Tumor/masks/2532.png
train,/sessions/rcw-01rhzohs6sarhhp2xkz1oted/mnt/MVI_Brain_Tumor/images/490.png,/sessions/rcw-01rhzohs6sarhhp2xkz1oted/mnt/MVI_Brain_Tumor/masks/490.png
train,/sessions/rcw-01rhzohs6sarhhp2xkz1oted/mnt/MVI_Brain_Tumor/images/596.png,/sessions/rcw-01rhzohs6sarhhp2xkz1oted/mnt/MVI_Brain_Tumor/masks/596.png
train,/sessions/rcw-01rhzohs6sarhhp2xkz1oted/mnt/MVI_Brain_Tumor/images/287.png,/sessions/rcw-01rhzohs6sarhhp2xkz1oted/mnt/MVI_Brain_Tumor/masks/287.png
train,/sessions/rcw-01rhzohs6sarhhp2xkz1oted/mnt/MVI_Brain_Tumor/images/1944.png,/sessions/rcw-01rhzohs6sarhhp2xkz1oted/mnt/MVI_Brain_Tumor/masks/1944.png
train,/sessions/rcw-01rhzohs6sarhhp2xkz1oted/mnt/MVI_Brain_Tumor/images/2937.png,/sessions/rcw-01rhzohs6sarhhp2xkz1oted/mnt/MVI_Brain_Tumor/masks/2937.png
train,/sessions/rcw-01rhzohs6sarhhp2xkz1oted/mnt/MVI_Brain_Tumor/images/876.png,/sessions/rcw-01rhzohs6sarhhp2xkz1oted/mnt/MVI_Brain_Tumor/masks/876.png
train,/sessions/rcw-01rhzohs6sarhhp2xkz1oted/mnt/MVI_Brain_Tumor/images/527.png,/sessions/rcw-01rhzohs6sarhhp2xkz1oted/mnt/MVI_Brain_Tumor/masks/527.png
train,/sessions/rcw-01rhzohs6sarhhp2xkz1oted/mnt/MVI_Brain_Tumor/images/2883.png,/sessions/rcw-01rhzohs6sarhhp2xkz1oted/mnt/MVI_Brain_Tumor/masks/2883.png
train,/sessions/rcw-01rhzohs6sarhhp2xkz1oted/mnt/MVI_Brain_Tumor/images/277.png,/sessions/rcw-01rhzohs6sarhhp2xkz1oted/mnt/MVI_Brain_Tumor/masks/277.png
train,/sessions/rcw-01rhzohs6sarhhp2xkz1oted/mnt/MVI_Brain_Tumor/images/2268.png,/sessions/rcw-01rhzohs6sarhhp2xkz1oted/mnt/MVI_Brain_Tumor/masks/2268.png
train,/sessions/rcw-01rhzohs6sarhhp2xkz1oted/mnt/MVI_Brain_Tumor/images/1606.png,/sessions/rcw-01rhzohs6sarhhp2xkz1oted/mnt/MVI_Brain_Tumor/masks/1606.png
train,/sessions/rcw-01rhzohs6sarhhp2xkz1oted/mnt/MVI_Brain_Tumor/images/1728.png,/sessions/rcw-01rhzohs6sarhhp2xkz1oted/mnt/MVI_Brain_Tumor/masks/1728.png
train,/sessions/rcw-01rhzohs6sarhhp2xkz1oted/mnt/MVI_Brain_Tumor/images/2943.png,/sessions/rcw-01rhzohs6sarhhp2xkz1oted/mnt/MVI_Brain_Tumor/masks/2943.png
train,/sessions/rcw-01rhzohs6sarhhp2xkz1oted/mnt/MVI_Brain_Tumor/images/2293.png,/sessions/rcw-01rhzohs6sarhhp2xkz1oted/mnt/MVI_Brain_Tumor/masks/2293.png
train,/sessions/rcw-01rhzohs6sarhhp2xkz1oted/mnt/MVI_Brain_Tumor/images/2869.png,/sessions/rcw-01rhzohs6sarhhp2xkz1oted/mnt/MVI_Brain_Tumor/masks/2869.png
train,/sessions/rcw-01rhzohs6sarhhp2xkz1oted/mnt/MVI_Brain_Tumor/images/331.png,/sessions/rcw-01rhzohs6sarhhp2xkz1oted/mnt/MVI_Brain_Tumor/masks/331.png
train,/sessions/rcw-01rhzohs6sarhhp2xkz1oted/mnt/MVI_Brain_Tumor/images/1396.png,/sessions/rcw-01rhzohs6sarhhp2xkz1oted/mnt/MVI_Brain_Tumor/masks/1396.png
train,/sessions/rcw-01rhzohs6sarhhp2xkz1oted/mnt/MVI_Brain_Tumor/images/2871.png,/sessions/rcw-01rhzohs6sarhhp2xkz1oted/mnt/MVI_Brain_Tumor/masks/2871.png
train,/sessions/rcw-01rhzohs6sarhhp2xkz1oted/mnt/MVI_Brain_Tumor/images/1041.png,/sessions/rcw-01rhzohs6sarhhp2xkz1oted/mnt/MVI_Brain_Tumor/masks/1041.png
train,/sessions/rcw-01rhzohs6sarhhp2xkz1oted/mnt/MVI_Brain_Tumor/images/1904.png,/sessions/rcw-01rhzohs6sarhhp2xkz1oted/mnt/MVI_Brain_Tumor/masks/1904.png
train,/sessions/rcw-01rhzohs6sarhhp2xkz1oted/mnt/MVI_Brain_Tumor/images/1264.png,/sessions/rcw-01rhzohs6sarhhp2xkz1oted/mnt/MVI_Brain_Tumor/masks/1264.png
train,/sessions/rcw-01rhzohs6sarhhp2xkz1oted/mnt/MVI_Brain_Tumor/images/2433.png,/sessions/rcw-01rhzohs6sarhhp2xkz1oted/mnt/MVI_Brain_Tumor/masks/2433.png
train,/sessions/rcw-01rhzohs6sarhhp2xkz1oted/mnt/MVI_Brain_Tumor/images/851.png,/sessions/rcw-01rhzohs6sarhhp2xkz1oted/mnt/MVI_Brain_Tumor/masks/851.png
train,/sessions/rcw-01rhzohs6sarhhp2xkz1oted/mnt/MVI_Brain_Tumor/images/743.png,/sessions/rcw-01rhzohs6sarhhp2xkz1oted/mnt/MVI_Brain_Tumor/masks/743.png
train,/sessions/rcw-01rhzohs6sarhhp2xkz1oted/mnt/MVI_Brain_Tumor/images/1253.png,/sessions/rcw-01rhzohs6sarhhp2xkz1oted/mnt/MVI_Brain_Tumor/masks/1253.png
train,/sessions/rcw-01rhzohs6sarhhp2xkz1oted/mnt/MVI_Brain_Tumor/images/532.png,/sessions/rcw-01rhzohs6sarhhp2xkz1oted/mnt/MVI_Brain_Tumor/masks/532.png
train,/sessions/rcw-01rhzohs6sarhhp2xkz1oted/mnt/MVI_Brain_Tumor/images/208.png,/sessions/rcw-01rhzohs6sarhhp2xkz1oted/mnt/MVI_Brain_Tumor/masks/208.png
train,/sessions/rcw-01rhzohs6sarhhp2xkz1oted/mnt/MVI_Brain_Tumor/images/1194.png,/sessions/rcw-01rhzohs6sarhhp2xkz1oted/mnt/MVI_Brain_Tumor/masks/1194.png
train,/sessions/rcw-01rhzohs6sarhhp2xkz1oted/mnt/MVI_Brain_Tumor/images/2109.png,/sessions/rcw-01rhzohs6sarhhp2xkz1oted/mnt/MVI_Brain_Tumor/masks/2109.png
train,/sessions/rcw-01rhzohs6sarhhp2xkz1oted/mnt/MVI_Brain_Tumor/images/680.png,/sessions/rcw-01rhzohs6sarhhp2xkz1oted/mnt/MVI_Brain_Tumor/masks/680.png
train,/sessions/rcw-01rhzohs6sarhhp2xkz1oted/mnt/MVI_Brain_Tumor/images/2157.png,/sessions/rcw-01rhzohs6sarhhp2xkz1oted/mnt/MVI_Brain_Tumor/masks/2157.png
train,/sessions/rcw-01rhzohs6sarhhp2xkz1oted/mnt/MVI_Brain_Tumor/images/1935.png,/sessions/rcw-01rhzohs6sarhhp2xkz1oted/mnt/MVI_Brain_Tumor/masks/1935.png
train,/sessions/rcw-01rhzohs6sarhhp2xkz1oted/mnt/MVI_Brain_Tumor/images/2843.png,/sessions/rcw-01rhzohs6sarhhp2xkz1oted/mnt/MVI_Brain_Tumor/masks/2843.png
train,/sessions/rcw-01rhzohs6sarhhp2xkz1oted/mnt/MVI_Brain_Tumor/images/2135.png,/sessions/rcw-01rhzohs6sarhhp2xkz1oted/mnt/MVI_Brain_Tumor/masks/2135.png
train,/sessions/rcw-01rhzohs6sarhhp2xkz1oted/mnt/MVI_Brain_Tumor/images/2264.png,/sessions/rcw-01rhzohs6sarhhp2xkz1oted/mnt/MVI_Brain_Tumor/masks/2264.png
train,/sessions/rcw-01rhzohs6sarhhp2xkz1oted/mnt/MVI_Brain_Tumor/images/1525.png,/sessions/rcw-01rhzohs6sarhhp2xkz1oted/mnt/MVI_Brain_Tumor/masks/1525.png
train,/sessions/rcw-01rhzohs6sarhhp2xkz1oted/mnt/MVI_Brain_Tumor/images/1922.png,/sessions/rcw-01rhzohs6sarhhp2xkz1oted/mnt/MVI_Brain_Tumor/masks/1922.png
train,/sessions/rcw-01rhzohs6sarhhp2xkz1oted/mnt/MVI_Brain_Tumor/images/2584.png,/sessions/rcw-01rhzohs6sarhhp2xkz1oted/mnt/MVI_Brain_Tumor/masks/2584.png
train,/sessions/rcw-01rhzohs6sarhhp2xkz1oted/mnt/MVI_Brain_Tumor/images/1293.png,/sessions/rcw-01rhzohs6sarhhp2xkz1oted/mnt/MVI_Brain_Tumor/masks/1293.png
train,/sessions/rcw-01rhzohs6sarhhp2xkz1oted/mnt/MVI_Brain_Tumor/images/2705.png,/sessions/rcw-01rhzohs6sarhhp2xkz1oted/mnt/MVI_Brain_Tumor/masks/2705.png
train,/sessions/rcw-01rhzohs6sarhhp2xkz1oted/mnt/MVI_Brain_Tumor/images/8.png,/sessions/rcw-01rhzohs6sarhhp2xkz1oted/mnt/MVI_Brain_Tumor/masks/8.png
train,/sessions/rcw-01rhzohs6sarhhp2xkz1oted/mnt/MVI_Brain_Tumor/images/928.png,/sessions/rcw-01rhzohs6sarhhp2xkz1oted/mnt/MVI_Brain_Tumor/masks/928.png
train,/sessions/rcw-01rhzohs6sarhhp2xkz1oted/mnt/MVI_Brain_Tumor/images/789.png,/sessions/rcw-01rhzohs6sarhhp2xkz1oted/mnt/MVI_Brain_Tumor/masks/789.png
train,/sessions/rcw-01rhzohs6sarhhp2xkz1oted/mnt/MVI_Brain_Tumor/images/2604.png,/sessions/rcw-01rhzohs6sarhhp2xkz1oted/mnt/MVI_Brain_Tumor/masks/2604.png
train,/sessions/rcw-01rhzohs6sarhhp2xkz1oted/mnt/MVI_Brain_Tumor/images/479.png,/sessions/rcw-01rhzohs6sarhhp2xkz1oted/mnt/MVI_Brain_Tumor/masks/479.png
train,/sessions/rcw-01rhzohs6sarhhp2xkz1oted/mnt/MVI_Brain_Tumor/images/179.png,/sessions/rcw-01rhzohs6sarhhp2xkz1oted/mnt/MVI_Brain_Tumor/masks/179.png
train,/sessions/rcw-01rhzohs6sarhhp2xkz1oted/mnt/MVI_Brain_Tumor/images/2663.png,/sessions/rcw-01rhzohs6sarhhp2xkz1oted/mnt/MVI_Brain_Tumor/masks/2663.png
train,/sessions/rcw-01rhzohs6sarhhp2xkz1oted/mnt/MVI_Brain_Tumor/images/1013.png,/sessions/rcw-01rhzohs6sarhhp2xkz1oted/mnt/MVI_Brain_Tumor/masks/1013.png
train,/sessions/rcw-01rhzohs6sarhhp2xkz1oted/mnt/MVI_Brain_Tumor/images/2508.png,/sessions/rcw-01rhzohs6sarhhp2xkz1oted/mnt/MVI_Brain_Tumor/masks/2508.png
train,/sessions/rcw-01rhzohs6sarhhp2xkz1oted/mnt/MVI_Brain_Tumor/images/1433.png,/sessions/rcw-01rhzohs6sarhhp2xkz1oted/mnt/MVI_Brain_Tumor/masks/1433.png
train,/sessions/rcw-01rhzohs6sarhhp2xkz1oted/mnt/MVI_Brain_Tumor/images/1643.png,/sessions/rcw-01rhzohs6sarhhp2xkz1oted/mnt/MVI_Brain_Tumor/masks/1643.png
train,/sessions/rcw-01rhzohs6sarhhp2xkz1oted/mnt/MVI_Brain_Tumor/images/1289.png,/sessions/rcw-01rhzohs6sarhhp2xkz1oted/mnt/MVI_Brain_Tumor/masks/1289.png
train,/sessions/rcw-01rhzohs6sarhhp2xkz1oted/mnt/MVI_Brain_Tumor/images/684.png,/sessions/rcw-01rhzohs6sarhhp2xkz1oted/mnt/MVI_Brain_Tumor/masks/684.png
train,/sessions/rcw-01rhzohs6sarhhp2xkz1oted/mnt/MVI_Brain_Tumor/images/2656.png,/sessions/rcw-01rhzohs6sarhhp2xkz1oted/mnt/MVI_Brain_Tumor/masks/2656.png
train,/sessions/rcw-01rhzohs6sarhhp2xkz1oted/mnt/MVI_Brain_Tumor/images/378.png,/sessions/rcw-01rhzohs6sarhhp2xkz1oted/mnt/MVI_Brain_Tumor/masks/378.png
train,/sessions/rcw-01rhzohs6sarhhp2xkz1oted/mnt/MVI_Brain_Tumor/images/107.png,/sessions/rcw-01rhzohs6sarhhp2xkz1oted/mnt/MVI_Brain_Tumor/masks/107.png
train,/sessions/rcw-01rhzohs6sarhhp2xkz1oted/mnt/MVI_Brain_Tumor/images/1069.png,/sessions/rcw-01rhzohs6sarhhp2xkz1oted/mnt/MVI_Brain_Tumor/masks/1069.png
train,/sessions/rcw-01rhzohs6sarhhp2xkz1oted/mnt/MVI_Brain_Tumor/images/858.png,/sessions/rcw-01rhzohs6sarhhp2xkz1oted/mnt/MVI_Brain_Tumor/masks/858.png
train,/sessions/rcw-01rhzohs6sarhhp2xkz1oted/mnt/MVI_Brain_Tumor/images/1554.png,/sessions/rcw-01rhzohs6sarhhp2xkz1oted/mnt/MVI_Brain_Tumor/masks/1554.png
train,/sessions/rcw-01rhzohs6sarhhp2xkz1oted/mnt/MVI_Brain_Tumor/images/157.png,/sessions/rcw-01rhzohs6sarhhp2xkz1oted/mnt/MVI_Brain_Tumor/masks/157.png
train,/sessions/rcw-01rhzohs6sarhhp2xkz1oted/mnt/MVI_Brain_Tumor/images/1887.png,/sessions/rcw-01rhzohs6sarhhp2xkz1oted/mnt/MVI_Brain_Tumor/masks/1887.png
train,/sessions/rcw-01rhzohs6sarhhp2xkz1oted/mnt/MVI_Brain_Tumor/images/2618.png,/sessions/rcw-01rhzohs6sarhhp2xkz1oted/mnt/MVI_Brain_Tumor/masks/2618.png
train,/sessions/rcw-01rhzohs6sarhhp2xkz1oted/mnt/MVI_Brain_Tumor/images/828.png,/sessions/rcw-01rhzohs6sarhhp2xkz1oted/mnt/MVI_Brain_Tumor/masks/828.png
train,/sessions/rcw-01rhzohs6sarhhp2xkz1oted/mnt/MVI_Brain_Tumor/images/1754.png,/sessions/rcw-01rhzohs6sarhhp2xkz1oted/mnt/MVI_Brain_Tumor/masks/1754.png
train,/sessions/rcw-01rhzohs6sarhhp2xkz1oted/mnt/MVI_Brain_Tumor/images/415.png,/sessions/rcw-01rhzohs6sarhhp2xkz1oted/mnt/MVI_Brain_Tumor/masks/415.png
train,/sessions/rcw-01rhzohs6sarhhp2xkz1oted/mnt/MVI_Brain_Tumor/images/940.png,/sessions/rcw-01rhzohs6sarhhp2xkz1oted/mnt/MVI_Brain_Tumor/masks/940.png
train,/sessions/rcw-01rhzohs6sarhhp2xkz1oted/mnt/MVI_Brain_Tumor/images/1702.png,/sessions/rcw-01rhzohs6sarhhp2xkz1oted/mnt/MVI_Brain_Tumor/masks/1702.png
train,/sessions/rcw-01rhzohs6sarhhp2xkz1oted/mnt/MVI_Brain_Tumor/images/2480.png,/sessions/rcw-01rhzohs6sarhhp2xkz1oted/mnt/MVI_Brain_Tumor/masks/2480.png
train,/sessions/rcw-01rhzohs6sarhhp2xkz1oted/mnt/MVI_Brain_Tumor/images/1899.png,/sessions/rcw-01rhzohs6sarhhp2xkz1oted/mnt/MVI_Brain_Tumor/masks/1899.png
train,/sessions/rcw-01rhzohs6sarhhp2xkz1oted/mnt/MVI_Brain_Tumor/images/149.png,/sessions/rcw-01rhzohs6sarhhp2xkz1oted/mnt/MVI_Brain_Tumor/masks/149.png
train,/sessions/rcw-01rhzohs6sarhhp2xkz1oted/mnt/MVI_Brain_Tumor/images/1195.png,/sessions/rcw-01rhzohs6sarhhp2xkz1oted/mnt/MVI_Brain_Tumor/masks/1195.png
train,/sessions/rcw-01rhzohs6sarhhp2xkz1oted/mnt/MVI_Brain_Tumor/images/2639.png,/sessions/rcw-01rhzohs6sarhhp2xkz1oted/mnt/MVI_Brain_Tumor/masks/2639.png
train,/sessions/rcw-01rhzohs6sarhhp2xkz1oted/mnt/MVI_Brain_Tumor/images/1146.png,/sessions/rcw-01rhzohs6sarhhp2xkz1oted/mnt/MVI_Brain_Tumor/masks/1146.png
train,/sessions/rcw-01rhzohs6sarhhp2xkz1oted/mnt/MVI_Brain_Tumor/images/1975.png,/sessions/rcw-01rhzohs6sarhhp2xkz1oted/mnt/MVI_Brain_Tumor/masks/1975.png
train,/sessions/rcw-01rhzohs6sarhhp2xkz1oted/mnt/MVI_Brain_Tumor/images/1395.png,/sessions/rcw-01rhzohs6sarhhp2xkz1oted/mnt/MVI_Brain_Tumor/masks/1395.png
train,/sessions/rcw-01rhzohs6sarhhp2xkz1oted/mnt/MVI_Brain_Tumor/images/2267.png,/sessions/rcw-01rhzohs6sarhhp2xkz1oted/mnt/MVI_Brain_Tumor/masks/2267.png
train,/sessions/rcw-01rhzohs6sarhhp2xkz1oted/mnt/MVI_Brain_Tumor/images/797.png,/sessions/rcw-01rhzohs6sarhhp2xkz1oted/mnt/MVI_Brain_Tumor/masks/797.png
train,/sessions/rcw-01rhzohs6sarhhp2xkz1oted/mnt/MVI_Brain_Tumor/images/2426.png,/sessions/rcw-01rhzohs6sarhhp2xkz1oted/mnt/MVI_Brain_Tumor/masks/2426.png
train,/sessions/rcw-01rhzohs6sarhhp2xkz1oted/mnt/MVI_Brain_Tumor/images/820.png,/sessions/rcw-01rhzohs6sarhhp2xkz1oted/mnt/MVI_Brain_Tumor/masks/820.png
train,/sessions/rcw-01rhzohs6sarhhp2xkz1oted/mnt/MVI_Brain_Tumor/images/422.png,/sessions/rcw-01rhzohs6sarhhp2xkz1oted/mnt/MVI_Brain_Tumor/masks/422.png
train,/sessions/rcw-01rhzohs6sarhhp2xkz1oted/mnt/MVI_Brain_Tumor/images/2281.png,/sessions/rcw-01rhzohs6sarhhp2xkz1oted/mnt/MVI_Brain_Tumor/masks/2281.png
train,/sessions/rcw-01rhzohs6sarhhp2xkz1oted/mnt/MVI_Brain_Tumor/images/1575.png,/sessions/rcw-01rhzohs6sarhhp2xkz1oted/mnt/MVI_Brain_Tumor/masks/1575.png
train,/sessions/rcw-01rhzohs6sarhhp2xkz1oted/mnt/MVI_Brain_Tumor/images/2790.png,/sessions/rcw-01rhzohs6sarhhp2xkz1oted/mnt/MVI_Brain_Tumor/masks/2790.png
train,/sessions/rcw-01rhzohs6sarhhp2xkz1oted/mnt/MVI_Brain_Tumor/images/1604.png,/sessions/rcw-01rhzohs6sarhhp2xkz1oted/mnt/MVI_Brain_Tumor/masks/1604.png
train,/sessions/rcw-01rhzohs6sarhhp2xkz1oted/mnt/MVI_Brain_Tumor/images/1461.png,/sessions/rcw-01rhzohs6sarhhp2xkz1oted/mnt/MVI_Brain_Tumor/masks/1461.png
train,/sessions/rcw-01rhzohs6sarhhp2xkz1oted/mnt/MVI_Brain_Tumor/images/2211.png,/sessions/rcw-01rhzohs6sarhhp2xkz1oted/mnt/MVI_Brain_Tumor/masks/2211.png
train,/sessions/rcw-01rhzohs6sarhhp2xkz1oted/mnt/MVI_Brain_Tumor/images/1202.png,/sessions/rcw-01rhzohs6sarhhp2xkz1oted/mnt/MVI_Brain_Tumor/masks/1202.png
train,/sessions/rcw-01rhzohs6sarhhp2xkz1oted/mnt/MVI_Brain_Tumor/images/2019.png,/sessions/rcw-01rhzohs6sarhhp2xkz1oted/mnt/MVI_Brain_Tumor/masks/2019.png
train,/sessions/rcw-01rhzohs6sarhhp2xkz1oted/mnt/MVI_Brain_Tumor/images/2606.png,/sessions/rcw-01rhzohs6sarhhp2xkz1oted/mnt/MVI_Brain_Tumor/masks/2606.png
train,/sessions/rcw-01rhzohs6sarhhp2xkz1oted/mnt/MVI_Brain_Tumor/images/2763.png,/sessions/rcw-01rhzohs6sarhhp2xkz1oted/mnt/MVI_Brain_Tumor/masks/2763.png
train,/sessions/rcw-01rhzohs6sarhhp2xkz1oted/mnt/MVI_Brain_Tumor/images/77.png,/sessions/rcw-01rhzohs6sarhhp2xkz1oted/mnt/MVI_Brain_Tumor/masks/77.png
train,/sessions/rcw-01rhzohs6sarhhp2xkz1oted/mnt/MVI_Brain_Tumor/images/103.png,/sessions/rcw-01rhzohs6sarhhp2xkz1oted/mnt/MVI_Brain_Tumor/masks/103.png
train,/sessions/rcw-01rhzohs6sarhhp2xkz1oted/mnt/MVI_Brain_Tumor/images/352.png,/sessions/rcw-01rhzohs6sarhhp2xkz1oted/mnt/MVI_Brain_Tumor/masks/352.png
train,/sessions/rcw-01rhzohs6sarhhp2xkz1oted/mnt/MVI_Brain_Tumor/images/765.png,/sessions/rcw-01rhzohs6sarhhp2xkz1oted/mnt/MVI_Brain_Tumor/masks/765.png
train,/sessions/rcw-01rhzohs6sarhhp2xkz1oted/mnt/MVI_Brain_Tumor/images/2982.png,/sessions/rcw-01rhzohs6sarhhp2xkz1oted/mnt/MVI_Brain_Tumor/masks/2982.png
train,/sessions/rcw-01rhzohs6sarhhp2xkz1oted/mnt/MVI_Brain_Tumor/images/1719.png,/sessions/rcw-01rhzohs6sarhhp2xkz1oted/mnt/MVI_Brain_Tumor/masks/1719.png
train,/sessions/rcw-01rhzohs6sarhhp2xkz1oted/mnt/MVI_Brain_Tumor/images/1629.png,/sessions/rcw-01rhzohs6sarhhp2xkz1oted/mnt/MVI_Brain_Tumor/masks/1629.png
train,/sessions/rcw-01rhzohs6sarhhp2xkz1oted/mnt/MVI_Brain_Tumor/images/2353.png,/sessions/rcw-01rhzohs6sarhhp2xkz1oted/mnt/MVI_Brain_Tumor/masks/2353.png
train,/sessions/rcw-01rhzohs6sarhhp2xkz1oted/mnt/MVI_Brain_Tumor/images/2661.png,/sessions/rcw-01rhzohs6sarhhp2xkz1oted/mnt/MVI_Brain_Tumor/masks/2661.png
train,/sessions/rcw-01rhzohs6sarhhp2xkz1oted/mnt/MVI_Brain_Tumor/images/1824.png,/sessions/rcw-01rhzohs6sarhhp2xkz1oted/mnt/MVI_Brain_Tumor/masks/1824.png
train,/sessions/rcw-01rhzohs6sarhhp2xkz1oted/mnt/MVI_Brain_Tumor/images/2118.png,/sessions/rcw-01rhzohs6sarhhp2xkz1oted/mnt/MVI_Brain_Tumor/masks/2118.png
train,/sessions/rcw-01rhzohs6sarhhp2xkz1oted/mnt/MVI_Brain_Tumor/images/1906.png,/sessions/rcw-01rhzohs6sarhhp2xkz1oted/mnt/MVI_Brain_Tumor/masks/1906.png
train,/sessions/rcw-01rhzohs6sarhhp2xkz1oted/mnt/MVI_Brain_Tumor/images/2683.png,/sessions/rcw-01rhzohs6sarhhp2xkz1oted/mnt/MVI_Brain_Tumor/masks/2683.png
train,/sessions/rcw-01rhzohs6sarhhp2xkz1oted/mnt/MVI_Brain_Tumor/images/362.png,/sessions/rcw-01rhzohs6sarhhp2xkz1oted/mnt/MVI_Brain_Tumor/masks/362.png
train,/sessions/rcw-01rhzohs6sarhhp2xkz1oted/mnt/MVI_Brain_Tumor/images/3029.png,/sessions/rcw-01rhzohs6sarhhp2xkz1oted/mnt/MVI_Brain_Tumor/masks/3029.png
train,/sessions/rcw-01rhzohs6sarhhp2xkz1oted/mnt/MVI_Brain_Tumor/images/1679.png,/sessions/rcw-01rhzohs6sarhhp2xkz1oted/mnt/MVI_Brain_Tumor/masks/1679.png
train,/sessions/rcw-01rhzohs6sarhhp2xkz1oted/mnt/MVI_Brain_Tumor/images/903.png,/sessions/rcw-01rhzohs6sarhhp2xkz1oted/mnt/MVI_Brain_Tumor/masks/903.png
train,/sessions/rcw-01rhzohs6sarhhp2xkz1oted/mnt/MVI_Brain_Tumor/images/1182.png,/sessions/rcw-01rhzohs6sarhhp2xkz1oted/mnt/MVI_Brain_Tumor/masks/1182.png
train,/sessions/rcw-01rhzohs6sarhhp2xkz1oted/mnt/MVI_Brain_Tumor/images/1215.png,/sessions/rcw-01rhzohs6sarhhp2xkz1oted/mnt/MVI_Brain_Tumor/masks/1215.png
train,/sessions/rcw-01rhzohs6sarhhp2xkz1oted/mnt/MVI_Brain_Tumor/images/3019.png,/sessions/rcw-01rhzohs6sarhhp2xkz1oted/mnt/MVI_Brain_Tumor/masks/3019.png
train,/sessions/rcw-01rhzohs6sarhhp2xkz1oted/mnt/MVI_Brain_Tumor/images/1169.png,/sessions/rcw-01rhzohs6sarhhp2xkz1oted/mnt/MVI_Brain_Tumor/masks/1169.png
train,/sessions/rcw-01rhzohs6sarhhp2xkz1oted/mnt/MVI_Brain_Tumor/images/451.png,/sessions/rcw-01rhzohs6sarhhp2xkz1oted/mnt/MVI_Brain_Tumor/masks/451.png
train,/sessions/rcw-01rhzohs6sarhhp2xkz1oted/mnt/MVI_Brain_Tumor/images/564.png,/sessions/rcw-01rhzohs6sarhhp2xkz1oted/mnt/MVI_Brain_Tumor/masks/564.png
train,/sessions/rcw-01rhzohs6sarhhp2xkz1oted/mnt/MVI_Brain_Tumor/images/2515.png,/sessions/rcw-01rhzohs6sarhhp2xkz1oted/mnt/MVI_Brain_Tumor/masks/2515.png
train,/sessions/rcw-01rhzohs6sarhhp2xkz1oted/mnt/MVI_Brain_Tumor/images/2095.png,/sessions/rcw-01rhzohs6sarhhp2xkz1oted/mnt/MVI_Brain_Tumor/masks/2095.png
train,/sessions/rcw-01rhzohs6sarhhp2xkz1oted/mnt/MVI_Brain_Tumor/images/611.png,/sessions/rcw-01rhzohs6sarhhp2xkz1oted/mnt/MVI_Brain_Tumor/masks/611.png
train,/sessions/rcw-01rhzohs6sarhhp2xkz1oted/mnt/MVI_Brain_Tumor/images/1140.png,/sessions/rcw-01rhzohs6sarhhp2xkz1oted/mnt/MVI_Brain_Tumor/masks/1140.png
train,/sessions/rcw-01rhzohs6sarhhp2xkz1oted/mnt/MVI_Brain_Tumor/images/252.png,/sessions/rcw-01rhzohs6sarhhp2xkz1oted/mnt/MVI_Brain_Tumor/masks/252.png
train,/sessions/rcw-01rhzohs6sarhhp2xkz1oted/mnt/MVI_Brain_Tumor/images/1321.png,/sessions/rcw-01rhzohs6sarhhp2xkz1oted/mnt/MVI_Brain_Tumor/masks/1321.png
train,/sessions/rcw-01rhzohs6sarhhp2xkz1oted/mnt/MVI_Brain_Tumor/images/734.png,/sessions/rcw-01rhzohs6sarhhp2xkz1oted/mnt/MVI_Brain_Tumor/masks/734.png
train,/sessions/rcw-01rhzohs6sarhhp2xkz1oted/mnt/MVI_Brain_Tumor/images/1522.png,/sessions/rcw-01rhzohs6sarhhp2xkz1oted/mnt/MVI_Brain_Tumor/masks/1522.png
train,/sessions/rcw-01rhzohs6sarhhp2xkz1oted/mnt/MVI_Brain_Tumor/images/1155.png,/sessions/rcw-01rhzohs6sarhhp2xkz1oted/mnt/MVI_Brain_Tumor/masks/1155.png
train,/sessions/rcw-01rhzohs6sarhhp2xkz1oted/mnt/MVI_Brain_Tumor/images/260.png,/sessions/rcw-01rhzohs6sarhhp2xkz1oted/mnt/MVI_Brain_Tumor/masks/260.png
train,/sessions/rcw-01rhzohs6sarhhp2xkz1oted/mnt/MVI_Brain_Tumor/images/978.png,/sessions/rcw-01rhzohs6sarhhp2xkz1oted/mnt/MVI_Brain_Tumor/masks/978.png
train,/sessions/rcw-01rhzohs6sarhhp2xkz1oted/mnt/MVI_Brain_Tumor/images/396.png,/sessions/rcw-01rhzohs6sarhhp2xkz1oted/mnt/MVI_Brain_Tumor/masks/396.png
train,/sessions/rcw-01rhzohs6sarhhp2xkz1oted/mnt/MVI_Brain_Tumor/images/2418.png,/sessions/rcw-01rhzohs6sarhhp2xkz1oted/mnt/MVI_Brain_Tumor/masks/2418.png
train,/sessions/rcw-01rhzohs6sarhhp2xkz1oted/mnt/MVI_Brain_Tumor/images/730.png,/sessions/rcw-01rhzohs6sarhhp2xkz1oted/mnt/MVI_Brain_Tumor/masks/730.png
train,/sessions/rcw-01rhzohs6sarhhp2xkz1oted/mnt/MVI_Brain_Tumor/images/2789.png,/sessions/rcw-01rhzohs6sarhhp2xkz1oted/mnt/MVI_Brain_Tumor/masks/2789.png
train,/sessions/rcw-01rhzohs6sarhhp2xkz1oted/mnt/MVI_Brain_Tumor/images/2404.png,/sessions/rcw-01rhzohs6sarhhp2xkz1oted/mnt/MVI_Brain_Tumor/masks/2404.png
train,/sessions/rcw-01rhzohs6sarhhp2xkz1oted/mnt/MVI_Brain_Tumor/images/1446.png,/sessions/rcw-01rhzohs6sarhhp2xkz1oted/mnt/MVI_Brain_Tumor/masks/1446.png
train,/sessions/rcw-01rhzohs6sarhhp2xkz1oted/mnt/MVI_Brain_Tumor/images/1470.png,/sessions/rcw-01rhzohs6sarhhp2xkz1oted/mnt/MVI_Brain_Tumor/masks/1470.png
train,/sessions/rcw-01rhzohs6sarhhp2xkz1oted/mnt/MVI_Brain_Tumor/images/1247.png,/sessions/rcw-01rhzohs6sarhhp2xkz1oted/mnt/MVI_Brain_Tumor/masks/1247.png
train,/sessions/rcw-01rhzohs6sarhhp2xkz1oted/mnt/MVI_Brain_Tumor/images/2996.png,/sessions/rcw-01rhzohs6sarhhp2xkz1oted/mnt/MVI_Brain_Tumor/masks/2996.png
train,/sessions/rcw-01rhzohs6sarhhp2xkz1oted/mnt/MVI_Brain_Tumor/images/2870.png,/sessions/rcw-01rhzohs6sarhhp2xkz1oted/mnt/MVI_Brain_Tumor/masks/2870.png
train,/sessions/rcw-01rhzohs6sarhhp2xkz1oted/mnt/MVI_Brain_Tumor/images/1183.png,/sessions/rcw-01rhzohs6sarhhp2xkz1oted/mnt/MVI_Brain_Tumor/masks/1183.png
train,/sessions/rcw-01rhzohs6sarhhp2xkz1oted/mnt/MVI_Brain_Tumor/images/73.png,/sessions/rcw-01rhzohs6sarhhp2xkz1oted/mnt/MVI_Brain_Tumor/masks/73.png
train,/sessions/rcw-01rhzohs6sarhhp2xkz1oted/mnt/MVI_Brain_Tumor/images/525.png,/sessions/rcw-01rhzohs6sarhhp2xkz1oted/mnt/MVI_Brain_Tumor/masks/525.png
train,/sessions/rcw-01rhzohs6sarhhp2xkz1oted/mnt/MVI_Brain_Tumor/images/209.png,/sessions/rcw-01rhzohs6sarhhp2xkz1oted/mnt/MVI_Brain_Tumor/masks/209.png
train,/sessions/rcw-01rhzohs6sarhhp2xkz1oted/mnt/MVI_Brain_Tumor/images/1478.png,/sessions/rcw-01rhzohs6sarhhp2xkz1oted/mnt/MVI_Brain_Tumor/masks/1478.png
train,/sessions/rcw-01rhzohs6sarhhp2xkz1oted/mnt/MVI_Brain_Tumor/images/2553.png,/sessions/rcw-01rhzohs6sarhhp2xkz1oted/mnt/MVI_Brain_Tumor/masks/2553.png
train,/sessions/rcw-01rhzohs6sarhhp2xkz1oted/mnt/MVI_Brain_Tumor/images/1981.png,/sessions/rcw-01rhzohs6sarhhp2xkz1oted/mnt/MVI_Brain_Tumor/masks/1981.png
train,/sessions/rcw-01rhzohs6sarhhp2xkz1oted/mnt/MVI_Brain_Tumor/images/719.png,/sessions/rcw-01rhzohs6sarhhp2xkz1oted/mnt/MVI_Brain_Tumor/masks/719.png
train,/sessions/rcw-01rhzohs6sarhhp2xkz1oted/mnt/MVI_Brain_Tumor/images/1568.png,/sessions/rcw-01rhzohs6sarhhp2xkz1oted/mnt/MVI_Brain_Tumor/masks/1568.png
train,/sessions/rcw-01rhzohs6sarhhp2xkz1oted/mnt/MVI_Brain_Tumor/images/673.png,/sessions/rcw-01rhzohs6sarhhp2xkz1oted/mnt/MVI_Brain_Tumor/masks/673.png
train,/sessions/rcw-01rhzohs6sarhhp2xkz1oted/mnt/MVI_Brain_Tumor/images/1434.png,/sessions/rcw-01rhzohs6sarhhp2xkz1oted/mnt/MVI_Brain_Tumor/masks/1434.png
train,/sessions/rcw-01rhzohs6sarhhp2xkz1oted/mnt/MVI_Brain_Tumor/images/2527.png,/sessions/rcw-01rhzohs6sarhhp2xkz1oted/mnt/MVI_Brain_Tumor/masks/2527.png
train,/sessions/rcw-01rhzohs6sarhhp2xkz1oted/mnt/MVI_Brain_Tumor/images/294.png,/sessions/rcw-01rhzohs6sarhhp2xkz1oted/mnt/MVI_Brain_Tumor/masks/294.png
train,/sessions/rcw-01rhzohs6sarhhp2xkz1oted/mnt/MVI_Brain_Tumor/images/1707.png,/sessions/rcw-01rhzohs6sarhhp2xkz1oted/mnt/MVI_Brain_Tumor/masks/1707.png
train,/sessions/rcw-01rhzohs6sarhhp2xkz1oted/mnt/MVI_Brain_Tumor/images/2764.png,/sessions/rcw-01rhzohs6sarhhp2xkz1oted/mnt/MVI_Brain_Tumor/masks/2764.png
train,/sessions/rcw-01rhzohs6sarhhp2xkz1oted/mnt/MVI_Brain_Tumor/images/2183.png,/sessions/rcw-01rhzohs6sarhhp2xkz1oted/mnt/MVI_Brain_Tumor/masks/2183.png
train,/sessions/rcw-01rhzohs6sarhhp2xkz1oted/mnt/MVI_Brain_Tumor/images/76.png,/sessions/rcw-01rhzohs6sarhhp2xkz1oted/mnt/MVI_Brain_Tumor/masks/76.png
train,/sessions/rcw-01rhzohs6sarhhp2xkz1oted/mnt/MVI_Brain_Tumor/images/2529.png,/sessions/rcw-01rhzohs6sarhhp2xkz1oted/mnt/MVI_Brain_Tumor/masks/2529.png
train,/sessions/rcw-01rhzohs6sarhhp2xkz1oted/mnt/MVI_Brain_Tumor/images/735.png,/sessions/rcw-01rhzohs6sarhhp2xkz1oted/mnt/MVI_Brain_Tumor/masks/735.png
train,/sessions/rcw-01rhzohs6sarhhp2xkz1oted/mnt/MVI_Brain_Tumor/images/446.png,/sessions/rcw-01rhzohs6sarhhp2xkz1oted/mnt/MVI_Brain_Tumor/masks/446.png
train,/sessions/rcw-01rhzohs6sarhhp2xkz1oted/mnt/MVI_Brain_Tumor/images/2044.png,/sessions/rcw-01rhzohs6sarhhp2xkz1oted/mnt/MVI_Brain_Tumor/masks/2044.png
train,/sessions/rcw-01rhzohs6sarhhp2xkz1oted/mnt/MVI_Brain_Tumor/images/86.png,/sessions/rcw-01rhzohs6sarhhp2xkz1oted/mnt/MVI_Brain_Tumor/masks/86.png
train,/sessions/rcw-01rhzohs6sarhhp2xkz1oted/mnt/MVI_Brain_Tumor/images/2908.png,/sessions/rcw-01rhzohs6sarhhp2xkz1oted/mnt/MVI_Brain_Tumor/masks/2908.png
train,/sessions/rcw-01rhzohs6sarhhp2xkz1oted/mnt/MVI_Brain_Tumor/images/2924.png,/sessions/rcw-01rhzohs6sarhhp2xkz1oted/mnt/MVI_Brain_Tumor/masks/2924.png
train,/sessions/rcw-01rhzohs6sarhhp2xkz1oted/mnt/MVI_Brain_Tumor/images/1868.png,/sessions/rcw-01rhzohs6sarhhp2xkz1oted/mnt/MVI_Brain_Tumor/masks/1868.png
train,/sessions/rcw-01rhzohs6sarhhp2xkz1oted/mnt/MVI_Brain_Tumor/images/2352.png,/sessions/rcw-01rhzohs6sarhhp2xkz1oted/mnt/MVI_Brain_Tumor/masks/2352.png
train,/sessions/rcw-01rhzohs6sarhhp2xkz1oted/mnt/MVI_Brain_Tumor/images/999.png,/sessions/rcw-01rhzohs6sarhhp2xkz1oted/mnt/MVI_Brain_Tumor/masks/999.png
train,/sessions/rcw-01rhzohs6sarhhp2xkz1oted/mnt/MVI_Brain_Tumor/images/672.png,/sessions/rcw-01rhzohs6sarhhp2xkz1oted/mnt/MVI_Brain_Tumor/masks/672.png
train,/sessions/rcw-01rhzohs6sarhhp2xkz1oted/mnt/MVI_Brain_Tumor/images/2573.png,/sessions/rcw-01rhzohs6sarhhp2xkz1oted/mnt/MVI_Brain_Tumor/masks/2573.png
train,/sessions/rcw-01rhzohs6sarhhp2xkz1oted/mnt/MVI_Brain_Tumor/images/1504.png,/sessions/rcw-01rhzohs6sarhhp2xkz1oted/mnt/MVI_Brain_Tumor/masks/1504.png
train,/sessions/rcw-01rhzohs6sarhhp2xkz1oted/mnt/MVI_Brain_Tumor/images/2542.png,/sessions/rcw-01rhzohs6sarhhp2xkz1oted/mnt/MVI_Brain_Tumor/masks/2542.png
train,/sessions/rcw-01rhzohs6sarhhp2xkz1oted/mnt/MVI_Brain_Tumor/images/1800.png,/sessions/rcw-01rhzohs6sarhhp2xkz1oted/mnt/MVI_Brain_Tumor/masks/1800.png
train,/sessions/rcw-01rhzohs6sarhhp2xkz1oted/mnt/MVI_Brain_Tumor/images/962.png,/sessions/rcw-01rhzohs6sarhhp2xkz1oted/mnt/MVI_Brain_Tumor/masks/962.png
train,/sessions/rcw-01rhzohs6sarhhp2xkz1oted/mnt/MVI_Brain_Tumor/images/127.png,/sessions/rcw-01rhzohs6sarhhp2xkz1oted/mnt/MVI_Brain_Tumor/masks/127.png
train,/sessions/rcw-01rhzohs6sarhhp2xkz1oted/mnt/MVI_Brain_Tumor/images/1185.png,/sessions/rcw-01rhzohs6sarhhp2xkz1oted/mnt/MVI_Brain_Tumor/masks/1185.png
train,/sessions/rcw-01rhzohs6sarhhp2xkz1oted/mnt/MVI_Brain_Tumor/images/2867.png,/sessions/rcw-01rhzohs6sarhhp2xkz1oted/mnt/MVI_Brain_Tumor/masks/2867.png
train,/sessions/rcw-01rhzohs6sarhhp2xkz1oted/mnt/MVI_Brain_Tumor/images/2402.png,/sessions/rcw-01rhzohs6sarhhp2xkz1oted/mnt/MVI_Brain_Tumor/masks/2402.png
train,/sessions/rcw-01rhzohs6sarhhp2xkz1oted/mnt/MVI_Brain_Tumor/images/2566.png,/sessions/rcw-01rhzohs6sarhhp2xkz1oted/mnt/MVI_Brain_Tumor/masks/2566.png
train,/sessions/rcw-01rhzohs6sarhhp2xkz1oted/mnt/MVI_Brain_Tumor/images/2236.png,/sessions/rcw-01rhzohs6sarhhp2xkz1oted/mnt/MVI_Brain_Tumor/masks/2236.png
train,/sessions/rcw-01rhzohs6sarhhp2xkz1oted/mnt/MVI_Brain_Tumor/images/517.png,/sessions/rcw-01rhzohs6sarhhp2xkz1oted/mnt/MVI_Brain_Tumor/masks/517.png
train,/sessions/rcw-01rhzohs6sarhhp2xkz1oted/mnt/MVI_Brain_Tumor/images/3027.png,/sessions/rcw-01rhzohs6sarhhp2xkz1oted/mnt/MVI_Brain_Tumor/masks/3027.png
train,/sessions/rcw-01rhzohs6sarhhp2xkz1oted/mnt/MVI_Brain_Tumor/images/2373.png,/sessions/rcw-01rhzohs6sarhhp2xkz1oted/mnt/MVI_Brain_Tumor/masks/2373.png
train,/sessions/rcw-01rhzohs6sarhhp2xkz1oted/mnt/MVI_Brain_Tumor/images/1791.png,/sessions/rcw-01rhzohs6sarhhp2xkz1oted/mnt/MVI_Brain_Tumor/masks/1791.png
train,/sessions/rcw-01rhzohs6sarhhp2xkz1oted/mnt/MVI_Brain_Tumor/images/924.png,/sessions/rcw-01rhzohs6sarhhp2xkz1oted/mnt/MVI_Brain_Tumor/masks/924.png
train,/sessions/rcw-01rhzohs6sarhhp2xkz1oted/mnt/MVI_Brain_Tumor/images/2538.png,/sessions/rcw-01rhzohs6sarhhp2xkz1oted/mnt/MVI_Brain_Tumor/masks/2538.png
train,/sessions/rcw-01rhzohs6sarhhp2xkz1oted/mnt/MVI_Brain_Tumor/images/975.png,/sessions/rcw-01rhzohs6sarhhp2xkz1oted/mnt/MVI_Brain_Tumor/masks/975.png
train,/sessions/rcw-01rhzohs6sarhhp2xkz1oted/mnt/MVI_Brain_Tumor/images/1099.png,/sessions/rcw-01rhzohs6sarhhp2xkz1oted/mnt/MVI_Brain_Tumor/masks/1099.png
train,/sessions/rcw-01rhzohs6sarhhp2xkz1oted/mnt/MVI_Brain_Tumor/images/2510.png,/sessions/rcw-01rhzohs6sarhhp2xkz1oted/mnt/MVI_Brain_Tumor/masks/2510.png
train,/sessions/rcw-01rhzohs6sarhhp2xkz1oted/mnt/MVI_Brain_Tumor/images/2279.png,/sessions/rcw-01rhzohs6sarhhp2xkz1oted/mnt/MVI_Brain_Tumor/masks/2279.png
train,/sessions/rcw-01rhzohs6sarhhp2xkz1oted/mnt/MVI_Brain_Tumor/images/1350.png,/sessions/rcw-01rhzohs6sarhhp2xkz1oted/mnt/MVI_Brain_Tumor/masks/1350.png
train,/sessions/rcw-01rhzohs6sarhhp2xkz1oted/mnt/MVI_Brain_Tumor/images/1506.png,/sessions/rcw-01rhzohs6sarhhp2xkz1oted/mnt/MVI_Brain_Tumor/masks/1506.png
train,/sessions/rcw-01rhzohs6sarhhp2xkz1oted/mnt/MVI_Brain_Tumor/images/2931.png,/sessions/rcw-01rhzohs6sarhhp2xkz1oted/mnt/MVI_Brain_Tumor/masks/2931.png
train,/sessions/rcw-01rhzohs6sarhhp2xkz1oted/mnt/MVI_Brain_Tumor/images/2818.png,/sessions/rcw-01rhzohs6sarhhp2xkz1oted/mnt/MVI_Brain_Tumor/masks/2818.png
train,/sessions/rcw-01rhzohs6sarhhp2xkz1oted/mnt/MVI_Brain_Tumor/images/1864.png,/sessions/rcw-01rhzohs6sarhhp2xkz1oted/mnt/MVI_Brain_Tumor/masks/1864.png
train,/sessions/rcw-01rhzohs6sarhhp2xkz1oted/mnt/MVI_Brain_Tumor/images/1967.png,/sessions/rcw-01rhzohs6sarhhp2xkz1oted/mnt/MVI_Brain_Tumor/masks/1967.png
train,/sessions/rcw-01rhzohs6sarhhp2xkz1oted/mnt/MVI_Brain_Tumor/images/424.png,/sessions/rcw-01rhzohs6sarhhp2xkz1oted/mnt/MVI_Brain_Tumor/masks/424.png
train,/sessions/rcw-01rhzohs6sarhhp2xkz1oted/mnt/MVI_Brain_Tumor/images/528.png,/sessions/rcw-01rhzohs6sarhhp2xkz1oted/mnt/MVI_Brain_Tumor/masks/528.png
train,/sessions/rcw-01rhzohs6sarhhp2xkz1oted/mnt/MVI_Brain_Tumor/images/2026.png,/sessions/rcw-01rhzohs6sarhhp2xkz1oted/mnt/MVI_Brain_Tumor/masks/2026.png
train,/sessions/rcw-01rhzohs6sarhhp2xkz1oted/mnt/MVI_Brain_Tumor/images/1254.png,/sessions/rcw-01rhzohs6sarhhp2xkz1oted/mnt/MVI_Brain_Tumor/masks/1254.png
train,/sessions/rcw-01rhzohs6sarhhp2xkz1oted/mnt/MVI_Brain_Tumor/images/2834.png,/sessions/rcw-01rhzohs6sarhhp2xkz1oted/mnt/MVI_Brain_Tumor/masks/2834.png
train,/sessions/rcw-01rhzohs6sarhhp2xkz1oted/mnt/MVI_Brain_Tumor/images/333.png,/sessions/rcw-01rhzohs6sarhhp2xkz1oted/mnt/MVI_Brain_Tumor/masks/333.png
train,/sessions/rcw-01rhzohs6sarhhp2xkz1oted/mnt/MVI_Brain_Tumor/images/1641.png,/sessions/rcw-01rhzohs6sarhhp2xkz1oted/mnt/MVI_Brain_Tumor/masks/1641.png
train,/sessions/rcw-01rhzohs6sarhhp2xkz1oted/mnt/MVI_Brain_Tumor/images/771.png,/sessions/rcw-01rhzohs6sarhhp2xkz1oted/mnt/MVI_Brain_Tumor/masks/771.png
train,/sessions/rcw-01rhzohs6sarhhp2xkz1oted/mnt/MVI_Brain_Tumor/images/3061.png,/sessions/rcw-01rhzohs6sarhhp2xkz1oted/mnt/MVI_Brain_Tumor/masks/3061.png
train,/sessions/rcw-01rhzohs6sarhhp2xkz1oted/mnt/MVI_Brain_Tumor/images/2831.png,/sessions/rcw-01rhzohs6sarhhp2xkz1oted/mnt/MVI_Brain_Tumor/masks/2831.png
train,/sessions/rcw-01rhzohs6sarhhp2xkz1oted/mnt/MVI_Brain_Tumor/images/1557.png,/sessions/rcw-01rhzohs6sarhhp2xkz1oted/mnt/MVI_Brain_Tumor/masks/1557.png
train,/sessions/rcw-01rhzohs6sarhhp2xkz1oted/mnt/MVI_Brain_Tumor/images/345.png,/sessions/rcw-01rhzohs6sarhhp2xkz1oted/mnt/MVI_Brain_Tumor/masks/345.png
train,/sessions/rcw-01rhzohs6sarhhp2xkz1oted/mnt/MVI_Brain_Tumor/images/50.png,/sessions/rcw-01rhzohs6sarhhp2xkz1oted/mnt/MVI_Brain_Tumor/masks/50.png
train,/sessions/rcw-01rhzohs6sarhhp2xkz1oted/mnt/MVI_Brain_Tumor/images/158.png,/sessions/rcw-01rhzohs6sarhhp2xkz1oted/mnt/MVI_Brain_Tumor/masks/158.png
train,/sessions/rcw-01rhzohs6sarhhp2xkz1oted/mnt/MVI_Brain_Tumor/images/2254.png,/sessions/rcw-01rhzohs6sarhhp2xkz1oted/mnt/MVI_Brain_Tumor/masks/2254.png
train,/sessions/rcw-01rhzohs6sarhhp2xkz1oted/mnt/MVI_Brain_Tumor/images/1492.png,/sessions/rcw-01rhzohs6sarhhp2xkz1oted/mnt/MVI_Brain_Tumor/masks/1492.png
train,/sessions/rcw-01rhzohs6sarhhp2xkz1oted/mnt/MVI_Brain_Tumor/images/1085.png,/sessions/rcw-01rhzohs6sarhhp2xkz1oted/mnt/MVI_Brain_Tumor/masks/1085.png
train,/sessions/rcw-01rhzohs6sarhhp2xkz1oted/mnt/MVI_Brain_Tumor/images/1589.png,/sessions/rcw-01rhzohs6sarhhp2xkz1oted/mnt/MVI_Brain_Tumor/masks/1589.png
train,/sessions/rcw-01rhzohs6sarhhp2xkz1oted/mnt/MVI_Brain_Tumor/images/1781.png,/sessions/rcw-01rhzohs6sarhhp2xkz1oted/mnt/MVI_Brain_Tumor/masks/1781.png
train,/sessions/rcw-01rhzohs6sarhhp2xkz1oted/mnt/MVI_Brain_Tumor/images/506.png,/sessions/rcw-01rhzohs6sarhhp2xkz1oted/mnt/MVI_Brain_Tumor/masks/506.png
train,/sessions/rcw-01rhzohs6sarhhp2xkz1oted/mnt/MVI_Brain_Tumor/images/2096.png,/sessions/rcw-01rhzohs6sarhhp2xkz1oted/mnt/MVI_Brain_Tumor/masks/2096.png
train,/sessions/rcw-01rhzohs6sarhhp2xkz1oted/mnt/MVI_Brain_Tumor/images/1664.png,/sessions/rcw-01rhzohs6sarhhp2xkz1oted/mnt/MVI_Brain_Tumor/masks/1664.png
train,/sessions/rcw-01rhzohs6sarhhp2xkz1oted/mnt/MVI_Brain_Tumor/images/148.png,/sessions/rcw-01rhzohs6sarhhp2xkz1oted/mnt/MVI_Brain_Tumor/masks/148.png
train,/sessions/rcw-01rhzohs6sarhhp2xkz1oted/mnt/MVI_Brain_Tumor/images/1955.png,/sessions/rcw-01rhzohs6sarhhp2xkz1oted/mnt/MVI_Brain_Tumor/masks/1955.png
train,/sessions/rcw-01rhzohs6sarhhp2xkz1oted/mnt/MVI_Brain_Tumor/images/2459.png,/sessions/rcw-01rhzohs6sarhhp2xkz1oted/mnt/MVI_Brain_Tumor/masks/2459.png
train,/sessions/rcw-01rhzohs6sarhhp2xkz1oted/mnt/MVI_Brain_Tumor/images/385.png,/sessions/rcw-01rhzohs6sarhhp2xkz1oted/mnt/MVI_Brain_Tumor/masks/385.png
train,/sessions/rcw-01rhzohs6sarhhp2xkz1oted/mnt/MVI_Brain_Tumor/images/1334.png,/sessions/rcw-01rhzohs6sarhhp2xkz1oted/mnt/MVI_Brain_Tumor/masks/1334.png
train,/sessions/rcw-01rhzohs6sarhhp2xkz1oted/mnt/MVI_Brain_Tumor/images/2907.png,/sessions/rcw-01rhzohs6sarhhp2xkz1oted/mnt/MVI_Brain_Tumor/masks/2907.png
train,/sessions/rcw-01rhzohs6sarhhp2xkz1oted/mnt/MVI_Brain_Tumor/images/1786.png,/sessions/rcw-01rhzohs6sarhhp2xkz1oted/mnt/MVI_Brain_Tumor/masks/1786.png
train,/sessions/rcw-01rhzohs6sarhhp2xkz1oted/mnt/MVI_Brain_Tumor/images/1178.png,/sessions/rcw-01rhzohs6sarhhp2xkz1oted/mnt/MVI_Brain_Tumor/masks/1178.png
train,/sessions/rcw-01rhzohs6sarhhp2xkz1oted/mnt/MVI_Brain_Tumor/images/417.png,/sessions/rcw-01rhzohs6sarhhp2xkz1oted/mnt/MVI_Brain_Tumor/masks/417.png
train,/sessions/rcw-01rhzohs6sarhhp2xkz1oted/mnt/MVI_Brain_Tumor/images/847.png,/sessions/rcw-01rhzohs6sarhhp2xkz1oted/mnt/MVI_Brain_Tumor/masks/847.png
train,/sessions/rcw-01rhzohs6sarhhp2xkz1oted/mnt/MVI_Brain_Tumor/images/2964.png,/sessions/rcw-01rhzohs6sarhhp2xkz1oted/mnt/MVI_Brain_Tumor/masks/2964.png
train,/sessions/rcw-01rhzohs6sarhhp2xkz1oted/mnt/MVI_Brain_Tumor/images/728.png,/sessions/rcw-01rhzohs6sarhhp2xkz1oted/mnt/MVI_Brain_Tumor/masks/728.png
train,/sessions/rcw-01rhzohs6sarhhp2xkz1oted/mnt/MVI_Brain_Tumor/images/1322.png,/sessions/rcw-01rhzohs6sarhhp2xkz1oted/mnt/MVI_Brain_Tumor/masks/1322.png
train,/sessions/rcw-01rhzohs6sarhhp2xkz1oted/mnt/MVI_Brain_Tumor/images/1720.png,/sessions/rcw-01rhzohs6sarhhp2xkz1oted/mnt/MVI_Brain_Tumor/masks/1720.png
train,/sessions/rcw-01rhzohs6sarhhp2xkz1oted/mnt/MVI_Brain_Tumor/images/622.png,/sessions/rcw-01rhzohs6sarhhp2xkz1oted/mnt/MVI_Brain_Tumor/masks/622.png
train,/sessions/rcw-01rhzohs6sarhhp2xkz1oted/mnt/MVI_Brain_Tumor/images/2018.png,/sessions/rcw-01rhzohs6sarhhp2xkz1oted/mnt/MVI_Brain_Tumor/masks/2018.png
train,/sessions/rcw-01rhzohs6sarhhp2xkz1oted/mnt/MVI_Brain_Tumor/images/891.png,/sessions/rcw-01rhzohs6sarhhp2xkz1oted/mnt/MVI_Brain_Tumor/masks/891.png
train,/sessions/rcw-01rhzohs6sarhhp2xkz1oted/mnt/MVI_Brain_Tumor/images/301.png,/sessions/rcw-01rhzohs6sarhhp2xkz1oted/mnt/MVI_Brain_Tumor/masks/301.png
train,/sessions/rcw-01rhzohs6sarhhp2xkz1oted/mnt/MVI_Brain_Tumor/images/47.png,/sessions/rcw-01rhzohs6sarhhp2xkz1oted/mnt/MVI_Brain_Tumor/masks/47.png
train,/sessions/rcw-01rhzohs6sarhhp2xkz1oted/mnt/MVI_Brain_Tumor/images/486.png,/sessions/rcw-01rhzohs6sarhhp2xkz1oted/mnt/MVI_Brain_Tumor/masks/486.png
train,/sessions/rcw-01rhzohs6sarhhp2xkz1oted/mnt/MVI_Brain_Tumor/images/2505.png,/sessions/rcw-01rhzohs6sarhhp2xkz1oted/mnt/MVI_Brain_Tumor/masks/2505.png
train,/sessions/rcw-01rhzohs6sarhhp2xkz1oted/mnt/MVI_Brain_Tumor/images/2563.png,/sessions/rcw-01rhzohs6sarhhp2xkz1oted/mnt/MVI_Brain_Tumor/masks/2563.png
train,/sessions/rcw-01rhzohs6sarhhp2xkz1oted/mnt/MVI_Brain_Tumor/images/2054.png,/sessions/rcw-01rhzohs6sarhhp2xkz1oted/mnt/MVI_Brain_Tumor/masks/2054.png
train,/sessions/rcw-01rhzohs6sarhhp2xkz1oted/mnt/MVI_Brain_Tumor/images/3028.png,/sessions/rcw-01rhzohs6sarhhp2xkz1oted/mnt/MVI_Brain_Tumor/masks/3028.png
train,/sessions/rcw-01rhzohs6sarhhp2xkz1oted/mnt/MVI_Brain_Tumor/images/2632.png,/sessions/rcw-01rhzohs6sarhhp2xkz1oted/mnt/MVI_Brain_Tumor/masks/2632.png
train,/sessions/rcw-01rhzohs6sarhhp2xkz1oted/mnt/MVI_Brain_Tumor/images/2826.png,/sessions/rcw-01rhzohs6sarhhp2xkz1oted/mnt/MVI_Brain_Tumor/masks/2826.png
train,/sessions/rcw-01rhzohs6sarhhp2xkz1oted/mnt/MVI_Brain_Tumor/images/2297.png,/sessions/rcw-01rhzohs6sarhhp2xkz1oted/mnt/MVI_Brain_Tumor/masks/2297.png
train,/sessions/rcw-01rhzohs6sarhhp2xkz1oted/mnt/MVI_Brain_Tumor/images/521.png,/sessions/rcw-01rhzohs6sarhhp2xkz1oted/mnt/MVI_Brain_Tumor/masks/521.png
train,/sessions/rcw-01rhzohs6sarhhp2xkz1oted/mnt/MVI_Brain_Tumor/images/826.png,/sessions/rcw-01rhzohs6sarhhp2xkz1oted/mnt/MVI_Brain_Tumor/masks/826.png
train,/sessions/rcw-01rhzohs6sarhhp2xkz1oted/mnt/MVI_Brain_Tumor/images/142.png,/sessions/rcw-01rhzohs6sarhhp2xkz1oted/mnt/MVI_Brain_Tumor/masks/142.png
train,/sessions/rcw-01rhzohs6sarhhp2xkz1oted/mnt/MVI_Brain_Tumor/images/1799.png,/sessions/rcw-01rhzohs6sarhhp2xkz1oted/mnt/MVI_Brain_Tumor/masks/1799.png
train,/sessions/rcw-01rhzohs6sarhhp2xkz1oted/mnt/MVI_Brain_Tumor/images/777.png,/sessions/rcw-01rhzohs6sarhhp2xkz1oted/mnt/MVI_Brain_Tumor/masks/777.png
train,/sessions/rcw-01rhzohs6sarhhp2xkz1oted/mnt/MVI_Brain_Tumor/images/2856.png,/sessions/rcw-01rhzohs6sarhhp2xkz1oted/mnt/MVI_Brain_Tumor/masks/2856.png
train,/sessions/rcw-01rhzohs6sarhhp2xkz1oted/mnt/MVI_Brain_Tumor/images/1381.png,/sessions/rcw-01rhzohs6sarhhp2xkz1oted/mnt/MVI_Brain_Tumor/masks/1381.png
train,/sessions/rcw-01rhzohs6sarhhp2xkz1oted/mnt/MVI_Brain_Tumor/images/2933.png,/sessions/rcw-01rhzohs6sarhhp2xkz1oted/mnt/MVI_Brain_Tumor/masks/2933.png
train,/sessions/rcw-01rhzohs6sarhhp2xkz1oted/mnt/MVI_Brain_Tumor/images/3000.png,/sessions/rcw-01rhzohs6sarhhp2xkz1oted/mnt/MVI_Brain_Tumor/masks/3000.png
train,/sessions/rcw-01rhzohs6sarhhp2xkz1oted/mnt/MVI_Brain_Tumor/images/69.png,/sessions/rcw-01rhzohs6sarhhp2xkz1oted/mnt/MVI_Brain_Tumor/masks/69.png
train,/sessions/rcw-01rhzohs6sarhhp2xkz1oted/mnt/MVI_Brain_Tumor/images/2650.png,/sessions/rcw-01rhzohs6sarhhp2xkz1oted/mnt/MVI_Brain_Tumor/masks/2650.png
train,/sessions/rcw-01rhzohs6sarhhp2xkz1oted/mnt/MVI_Brain_Tumor/images/330.png,/sessions/rcw-01rhzohs6sarhhp2xkz1oted/mnt/MVI_Brain_Tumor/masks/330.png
train,/sessions/rcw-01rhzohs6sarhhp2xkz1oted/mnt/MVI_Brain_Tumor/images/1722.png,/sessions/rcw-01rhzohs6sarhhp2xkz1oted/mnt/MVI_Brain_Tumor/masks/1722.png
train,/sessions/rcw-01rhzohs6sarhhp2xkz1oted/mnt/MVI_Brain_Tumor/images/1842.png,/sessions/rcw-01rhzohs6sarhhp2xkz1oted/mnt/MVI_Brain_Tumor/masks/1842.png
train,/sessions/rcw-01rhzohs6sarhhp2xkz1oted/mnt/MVI_Brain_Tumor/images/547.png,/sessions/rcw-01rhzohs6sarhhp2xkz1oted/mnt/MVI_Brain_Tumor/masks/547.png
train,/sessions/rcw-01rhzohs6sarhhp2xkz1oted/mnt/MVI_Brain_Tumor/images/2210.png,/sessions/rcw-01rhzohs6sarhhp2xkz1oted/mnt/MVI_Brain_Tumor/masks/2210.png
train,/sessions/rcw-01rhzohs6sarhhp2xkz1oted/mnt/MVI_Brain_Tumor/images/2676.png,/sessions/rcw-01rhzohs6sarhhp2xkz1oted/mnt/MVI_Brain_Tumor/masks/2676.png
train,/sessions/rcw-01rhzohs6sarhhp2xkz1oted/mnt/MVI_Brain_Tumor/images/2498.png,/sessions/rcw-01rhzohs6sarhhp2xkz1oted/mnt/MVI_Brain_Tumor/masks/2498.png
train,/sessions/rcw-01rhzohs6sarhhp2xkz1oted/mnt/MVI_Brain_Tumor/images/2981.png,/sessions/rcw-01rhzohs6sarhhp2xkz1oted/mnt/MVI_Brain_Tumor/masks/2981.png
train,/sessions/rcw-01rhzohs6sarhhp2xkz1oted/mnt/MVI_Brain_Tumor/images/522.png,/sessions/rcw-01rhzohs6sarhhp2xkz1oted/mnt/MVI_Brain_Tumor/masks/522.png
train,/sessions/rcw-01rhzohs6sarhhp2xkz1oted/mnt/MVI_Brain_Tumor/images/377.png,/sessions/rcw-01rhzohs6sarhhp2xkz1oted/mnt/MVI_Brain_Tumor/masks/377.png
train,/sessions/rcw-01rhzohs6sarhhp2xkz1oted/mnt/MVI_Brain_Tumor/images/1798.png,/sessions/rcw-01rhzohs6sarhhp2xkz1oted/mnt/MVI_Brain_Tumor/masks/1798.png
train,/sessions/rcw-01rhzohs6sarhhp2xkz1oted/mnt/MVI_Brain_Tumor/images/470.png,/sessions/rcw-01rhzohs6sarhhp2xkz1oted/mnt/MVI_Brain_Tumor/masks/470.png
train,/sessions/rcw-01rhzohs6sarhhp2xkz1oted/mnt/MVI_Brain_Tumor/images/1954.png,/sessions/rcw-01rhzohs6sarhhp2xkz1oted/mnt/MVI_Brain_Tumor/masks/1954.png
train,/sessions/rcw-01rhzohs6sarhhp2xkz1oted/mnt/MVI_Brain_Tumor/images/2412.png,/sessions/rcw-01rhzohs6sarhhp2xkz1oted/mnt/MVI_Brain_Tumor/masks/2412.png
train,/sessions/rcw-01rhzohs6sarhhp2xkz1oted/mnt/MVI_Brain_Tumor/images/184.png,/sessions/rcw-01rhzohs6sarhhp2xkz1oted/mnt/MVI_Brain_Tumor/masks/184.png
train,/sessions/rcw-01rhzohs6sarhhp2xkz1oted/mnt/MVI_Brain_Tumor/images/2963.png,/sessions/rcw-01rhzohs6sarhhp2xkz1oted/mnt/MVI_Brain_Tumor/masks/2963.png
train,/sessions/rcw-01rhzohs6sarhhp2xkz1oted/mnt/MVI_Brain_Tumor/images/2192.png,/sessions/rcw-01rhzohs6sarhhp2xkz1oted/mnt/MVI_Brain_Tumor/masks/2192.png
train,/sessions/rcw-01rhzohs6sarhhp2xkz1oted/mnt/MVI_Brain_Tumor/images/2601.png,/sessions/rcw-01rhzohs6sarhhp2xkz1oted/mnt/MVI_Brain_Tumor/masks/2601.png
train,/sessions/rcw-01rhzohs6sarhhp2xkz1oted/mnt/MVI_Brain_Tumor/images/1026.png,/sessions/rcw-01rhzohs6sarhhp2xkz1oted/mnt/MVI_Brain_Tumor/masks/1026.png
train,/sessions/rcw-01rhzohs6sarhhp2xkz1oted/mnt/MVI_Brain_Tumor/images/2142.png,/sessions/rcw-01rhzohs6sarhhp2xkz1oted/mnt/MVI_Brain_Tumor/masks/2142.png
train,/sessions/rcw-01rhzohs6sarhhp2xkz1oted/mnt/MVI_Brain_Tumor/images/5.png,/sessions/rcw-01rhzohs6sarhhp2xkz1oted/mnt/MVI_Brain_Tumor/masks/5.png
train,/sessions/rcw-01rhzohs6sarhhp2xkz1oted/mnt/MVI_Brain_Tumor/images/509.png,/sessions/rcw-01rhzohs6sarhhp2xkz1oted/mnt/MVI_Brain_Tumor/masks/509.png
train,/sessions/rcw-01rhzohs6sarhhp2xkz1oted/mnt/MVI_Brain_Tumor/images/108.png,/sessions/rcw-01rhzohs6sarhhp2xkz1oted/mnt/MVI_Brain_Tumor/masks/108.png
train,/sessions/rcw-01rhzohs6sarhhp2xkz1oted/mnt/MVI_Brain_Tumor/images/545.png,/sessions/rcw-01rhzohs6sarhhp2xkz1oted/mnt/MVI_Brain_Tumor/masks/545.png
train,/sessions/rcw-01rhzohs6sarhhp2xkz1oted/mnt/MVI_Brain_Tumor/images/1257.png,/sessions/rcw-01rhzohs6sarhhp2xkz1oted/mnt/MVI_Brain_Tumor/masks/1257.png
train,/sessions/rcw-01rhzohs6sarhhp2xkz1oted/mnt/MVI_Brain_Tumor/images/1502.png,/sessions/rcw-01rhzohs6sarhhp2xkz1oted/mnt/MVI_Brain_Tumor/masks/1502.png
train,/sessions/rcw-01rhzohs6sarhhp2xkz1oted/mnt/MVI_Brain_Tumor/images/2387.png,/sessions/rcw-01rhzohs6sarhhp2xkz1oted/mnt/MVI_Brain_Tumor/masks/2387.png
train,/sessions/rcw-01rhzohs6sarhhp2xkz1oted/mnt/MVI_Brain_Tumor/images/212.png,/sessions/rcw-01rhzohs6sarhhp2xkz1oted/mnt/MVI_Brain_Tumor/masks/212.png
train,/sessions/rcw-01rhzohs6sarhhp2xkz1oted/mnt/MVI_Brain_Tumor/images/803.png,/sessions/rcw-01rhzohs6sarhhp2xkz1oted/mnt/MVI_Brain_Tumor/masks/803.png
train,/sessions/rcw-01rhzohs6sarhhp2xkz1oted/mnt/MVI_Brain_Tumor/images/647.png,/sessions/rcw-01rhzohs6sarhhp2xkz1oted/mnt/MVI_Brain_Tumor/masks/647.png
train,/sessions/rcw-01rhzohs6sarhhp2xkz1oted/mnt/MVI_Brain_Tumor/images/709.png,/sessions/rcw-01rhzohs6sarhhp2xkz1oted/mnt/MVI_Brain_Tumor/masks/709.png
train,/sessions/rcw-01rhzohs6sarhhp2xkz1oted/mnt/MVI_Brain_Tumor/images/97.png,/sessions/rcw-01rhzohs6sarhhp2xkz1oted/mnt/MVI_Brain_Tumor/masks/97.png
train,/sessions/rcw-01rhzohs6sarhhp2xkz1oted/mnt/MVI_Brain_Tumor/images/2416.png,/sessions/rcw-01rhzohs6sarhhp2xkz1oted/mnt/MVI_Brain_Tumor/masks/2416.png
train,/sessions/rcw-01rhzohs6sarhhp2xkz1oted/mnt/MVI_Brain_Tumor/images/423.png,/sessions/rcw-01rhzohs6sarhhp2xkz1oted/mnt/MVI_Brain_Tumor/masks/423.png
train,/sessions/rcw-01rhzohs6sarhhp2xkz1oted/mnt/MVI_Brain_Tumor/images/230.png,/sessions/rcw-01rhzohs6sarhhp2xkz1oted/mnt/MVI_Brain_Tumor/masks/230.png
train,/sessions/rcw-01rhzohs6sarhhp2xkz1oted/mnt/MVI_Brain_Tumor/images/432.png,/sessions/rcw-01rhzohs6sarhhp2xkz1oted/mnt/MVI_Brain_Tumor/masks/432.png
train,/sessions/rcw-01rhzohs6sarhhp2xkz1oted/mnt/MVI_Brain_Tumor/images/456.png,/sessions/rcw-01rhzohs6sarhhp2xkz1oted/mnt/MVI_Brain_Tumor/masks/456.png
train,/sessions/rcw-01rhzohs6sarhhp2xkz1oted/mnt/MVI_Brain_Tumor/images/1296.png,/sessions/rcw-01rhzohs6sarhhp2xkz1oted/mnt/MVI_Brain_Tumor/masks/1296.png
train,/sessions/rcw-01rhzohs6sarhhp2xkz1oted/mnt/MVI_Brain_Tumor/images/856.png,/sessions/rcw-01rhzohs6sarhhp2xkz1oted/mnt/MVI_Brain_Tumor/masks/856.png
train,/sessions/rcw-01rhzohs6sarhhp2xkz1oted/mnt/MVI_Brain_Tumor/images/1849.png,/sessions/rcw-01rhzohs6sarhhp2xkz1oted/mnt/MVI_Brain_Tumor/masks/1849.png
train,/sessions/rcw-01rhzohs6sarhhp2xkz1oted/mnt/MVI_Brain_Tumor/images/459.png,/sessions/rcw-01rhzohs6sarhhp2xkz1oted/mnt/MVI_Brain_Tumor/masks/459.png
train,/sessions/rcw-01rhzohs6sarhhp2xkz1oted/mnt/MVI_Brain_Tumor/images/2365.png,/sessions/rcw-01rhzohs6sarhhp2xkz1oted/mnt/MVI_Brain_Tumor/masks/2365.png
train,/sessions/rcw-01rhzohs6sarhhp2xkz1oted/mnt/MVI_Brain_Tumor/images/2094.png,/sessions/rcw-01rhzohs6sarhhp2xkz1oted/mnt/MVI_Brain_Tumor/masks/2094.png
train,/sessions/rcw-01rhzohs6sarhhp2xkz1oted/mnt/MVI_Brain_Tumor/images/361.png,/sessions/rcw-01rhzohs6sarhhp2xkz1oted/mnt/MVI_Brain_Tumor/masks/361.png
train,/sessions/rcw-01rhzohs6sarhhp2xkz1oted/mnt/MVI_Brain_Tumor/images/675.png,/sessions/rcw-01rhzohs6sarhhp2xkz1oted/mnt/MVI_Brain_Tumor/masks/675.png
train,/sessions/rcw-01rhzohs6sarhhp2xkz1oted/mnt/MVI_Brain_Tumor/images/116.png,/sessions/rcw-01rhzohs6sarhhp2xkz1oted/mnt/MVI_Brain_Tumor/masks/116.png
train,/sessions/rcw-01rhzohs6sarhhp2xkz1oted/mnt/MVI_Brain_Tumor/images/874.png,/sessions/rcw-01rhzohs6sarhhp2xkz1oted/mnt/MVI_Brain_Tumor/masks/874.png
train,/sessions/rcw-01rhzohs6sarhhp2xkz1oted/mnt/MVI_Brain_Tumor/images/2616.png,/sessions/rcw-01rhzohs6sarhhp2xkz1oted/mnt/MVI_Brain_Tumor/masks/2616.png
train,/sessions/rcw-01rhzohs6sarhhp2xkz1oted/mnt/MVI_Brain_Tumor/images/41.png,/sessions/rcw-01rhzohs6sarhhp2xkz1oted/mnt/MVI_Brain_Tumor/masks/41.png
train,/sessions/rcw-01rhzohs6sarhhp2xkz1oted/mnt/MVI_Brain_Tumor/images/404.png,/sessions/rcw-01rhzohs6sarhhp2xkz1oted/mnt/MVI_Brain_Tumor/masks/404.png
train,/sessions/rcw-01rhzohs6sarhhp2xkz1oted/mnt/MVI_Brain_Tumor/images/1595.png,/sessions/rcw-01rhzohs6sarhhp2xkz1oted/mnt/MVI_Brain_Tumor/masks/1595.png
train,/sessions/rcw-01rhzohs6sarhhp2xkz1oted/mnt/MVI_Brain_Tumor/images/2002.png,/sessions/rcw-01rhzohs6sarhhp2xkz1oted/mnt/MVI_Brain_Tumor/masks/2002.png
train,/sessions/rcw-01rhzohs6sarhhp2xkz1oted/mnt/MVI_Brain_Tumor/images/1377.png,/sessions/rcw-01rhzohs6sarhhp2xkz1oted/mnt/MVI_Brain_Tumor/masks/1377.png
train,/sessions/rcw-01rhzohs6sarhhp2xkz1oted/mnt/MVI_Brain_Tumor/images/155.png,/sessions/rcw-01rhzohs6sarhhp2xkz1oted/mnt/MVI_Brain_Tumor/masks/155.png
train,/sessions/rcw-01rhzohs6sarhhp2xkz1oted/mnt/MVI_Brain_Tumor/images/1893.png,/sessions/rcw-01rhzohs6sarhhp2xkz1oted/mnt/MVI_Brain_Tumor/masks/1893.png
train,/sessions/rcw-01rhzohs6sarhhp2xkz1oted/mnt/MVI_Brain_Tumor/images/2607.png,/sessions/rcw-01rhzohs6sarhhp2xkz1oted/mnt/MVI_Brain_Tumor/masks/2607.png
train,/sessions/rcw-01rhzohs6sarhhp2xkz1oted/mnt/MVI_Brain_Tumor/images/2504.png,/sessions/rcw-01rhzohs6sarhhp2xkz1oted/mnt/MVI_Brain_Tumor/masks/2504.png
train,/sessions/rcw-01rhzohs6sarhhp2xkz1oted/mnt/MVI_Brain_Tumor/images/2098.png,/sessions/rcw-01rhzohs6sarhhp2xkz1oted/mnt/MVI_Brain_Tumor/masks/2098.png
train,/sessions/rcw-01rhzohs6sarhhp2xkz1oted/mnt/MVI_Brain_Tumor/images/2709.png,/sessions/rcw-01rhzohs6sarhhp2xkz1oted/mnt/MVI_Brain_Tumor/masks/2709.png
train,/sessions/rcw-01rhzohs6sarhhp2xkz1oted/mnt/MVI_Brain_Tumor/images/2148.png,/sessions/rcw-01rhzohs6sarhhp2xkz1oted/mnt/MVI_Brain_Tumor/masks/2148.png
train,/sessions/rcw-01rhzohs6sarhhp2xkz1oted/mnt/MVI_Brain_Tumor/images/1268.png,/sessions/rcw-01rhzohs6sarhhp2xkz1oted/mnt/MVI_Brain_Tumor/masks/1268.png
train,/sessions/rcw-01rhzohs6sarhhp2xkz1oted/mnt/MVI_Brain_Tumor/images/1501.png,/sessions/rcw-01rhzohs6sarhhp2xkz1oted/mnt/MVI_Brain_Tumor/masks/1501.png
train,/sessions/rcw-01rhzohs6sarhhp2xkz1oted/mnt/MVI_Brain_Tumor/images/990.png,/sessions/rcw-01rhzohs6sarhhp2xkz1oted/mnt/MVI_Brain_Tumor/masks/990.png
train,/sessions/rcw-01rhzohs6sarhhp2xkz1oted/mnt/MVI_Brain_Tumor/images/2954.png,/sessions/rcw-01rhzohs6sarhhp2xkz1oted/mnt/MVI_Brain_Tumor/masks/2954.png
train,/sessions/rcw-01rhzohs6sarhhp2xkz1oted/mnt/MVI_Brain_Tumor/images/68.png,/sessions/rcw-01rhzohs6sarhhp2xkz1oted/mnt/MVI_Brain_Tumor/masks/68.png
train,/sessions/rcw-01rhzohs6sarhhp2xkz1oted/mnt/MVI_Brain_Tumor/images/33.png,/sessions/rcw-01rhzohs6sarhhp2xkz1oted/mnt/MVI_Brain_Tumor/masks/33.png
train,/sessions/rcw-01rhzohs6sarhhp2xkz1oted/mnt/MVI_Brain_Tumor/images/2363.png,/sessions/rcw-01rhzohs6sarhhp2xkz1oted/mnt/MVI_Brain_Tumor/masks/2363.png
train,/sessions/rcw-01rhzohs6sarhhp2xkz1oted/mnt/MVI_Brain_Tumor/images/917.png,/sessions/rcw-01rhzohs6sarhhp2xkz1oted/mnt/MVI_Brain_Tumor/masks/917.png
train,/sessions/rcw-01rhzohs6sarhhp2xkz1oted/mnt/MVI_Brain_Tumor/images/2345.png,/sessions/rcw-01rhzohs6sarhhp2xkz1oted/mnt/MVI_Brain_Tumor/masks/2345.png
train,/sessions/rcw-01rhzohs6sarhhp2xkz1oted/mnt/MVI_Brain_Tumor/images/2158.png,/sessions/rcw-01rhzohs6sarhhp2xkz1oted/mnt/MVI_Brain_Tumor/masks/2158.png
train,/sessions/rcw-01rhzohs6sarhhp2xkz1oted/mnt/MVI_Brain_Tumor/images/1096.png,/sessions/rcw-01rhzohs6sarhhp2xkz1oted/mnt/MVI_Brain_Tumor/masks/1096.png
train,/sessions/rcw-01rhzohs6sarhhp2xkz1oted/mnt/MVI_Brain_Tumor/images/160.png,/sessions/rcw-01rhzohs6sarhhp2xkz1oted/mnt/MVI_Brain_Tumor/masks/160.png
train,/sessions/rcw-01rhzohs6sarhhp2xkz1oted/mnt/MVI_Brain_Tumor/images/56.png,/sessions/rcw-01rhzohs6sarhhp2xkz1oted/mnt/MVI_Brain_Tumor/masks/56.png
train,/sessions/rcw-01rhzohs6sarhhp2xkz1oted/mnt/MVI_Brain_Tumor/images/1109.png,/sessions/rcw-01rhzohs6sarhhp2xkz1oted/mnt/MVI_Brain_Tumor/masks/1109.png
train,/sessions/rcw-01rhzohs6sarhhp2xkz1oted/mnt/MVI_Brain_Tumor/images/482.png,/sessions/rcw-01rhzohs6sarhhp2xkz1oted/mnt/MVI_Brain_Tumor/masks/482.png
train,/sessions/rcw-01rhzohs6sarhhp2xkz1oted/mnt/MVI_Brain_Tumor/images/2288.png,/sessions/rcw-01rhzohs6sarhhp2xkz1oted/mnt/MVI_Brain_Tumor/masks/2288.png
train,/sessions/rcw-01rhzohs6sarhhp2xkz1oted/mnt/MVI_Brain_Tumor/images/34.png,/sessions/rcw-01rhzohs6sarhhp2xkz1oted/mnt/MVI_Brain_Tumor/masks/34.png
train,/sessions/rcw-01rhzohs6sarhhp2xkz1oted/mnt/MVI_Brain_Tumor/images/2405.png,/sessions/rcw-01rhzohs6sarhhp2xkz1oted/mnt/MVI_Brain_Tumor/masks/2405.png
train,/sessions/rcw-01rhzohs6sarhhp2xkz1oted/mnt/MVI_Brain_Tumor/images/948.png,/sessions/rcw-01rhzohs6sarhhp2xkz1oted/mnt/MVI_Brain_Tumor/masks/948.png
train,/sessions/rcw-01rhzohs6sarhhp2xkz1oted/mnt/MVI_Brain_Tumor/images/979.png,/sessions/rcw-01rhzohs6sarhhp2xkz1oted/mnt/MVI_Brain_Tumor/masks/979.png
train,/sessions/rcw-01rhzohs6sarhhp2xkz1oted/mnt/MVI_Brain_Tumor/images/1426.png,/sessions/rcw-01rhzohs6sarhhp2xkz1oted/mnt/MVI_Brain_Tumor/masks/1426.png
train,/sessions/rcw-01rhzohs6sarhhp2xkz1oted/mnt/MVI_Brain_Tumor/images/401.png,/sessions/rcw-01rhzohs6sarhhp2xkz1oted/mnt/MVI_Brain_Tumor/masks/401.png
train,/sessions/rcw-01rhzohs6sarhhp2xkz1oted/mnt/MVI_Brain_Tumor/images/2070.png,/sessions/rcw-01rhzohs6sarhhp2xkz1oted/mnt/MVI_Brain_Tumor/masks/2070.png
train,/sessions/rcw-01rhzohs6sarhhp2xkz1oted/mnt/MVI_Brain_Tumor/images/2842.png,/sessions/rcw-01rhzohs6sarhhp2xkz1oted/mnt/MVI_Brain_Tumor/masks/2842.png
train,/sessions/rcw-01rhzohs6sarhhp2xkz1oted/mnt/MVI_Brain_Tumor/images/2456.png,/sessions/rcw-01rhzohs6sarhhp2xkz1oted/mnt/MVI_Brain_Tumor/masks/2456.png
train,/sessions/rcw-01rhzohs6sarhhp2xkz1oted/mnt/MVI_Brain_Tumor/images/570.png,/sessions/rcw-01rhzohs6sarhhp2xkz1oted/mnt/MVI_Brain_Tumor/masks/570.png
train,/sessions/rcw-01rhzohs6sarhhp2xkz1oted/mnt/MVI_Brain_Tumor/images/2829.png,/sessions/rcw-01rhzohs6sarhhp2xkz1oted/mnt/MVI_Brain_Tumor/masks/2829.png
train,/sessions/rcw-01rhzohs6sarhhp2xkz1oted/mnt/MVI_Brain_Tumor/images/1917.png,/sessions/rcw-01rhzohs6sarhhp2xkz1oted/mnt/MVI_Brain_Tumor/masks/1917.png
train,/sessions/rcw-01rhzohs6sarhhp2xkz1oted/mnt/MVI_Brain_Tumor/images/338.png,/sessions/rcw-01rhzohs6sarhhp2xkz1oted/mnt/MVI_Brain_Tumor/masks/338.png
train,/sessions/rcw-01rhzohs6sarhhp2xkz1oted/mnt/MVI_Brain_Tumor/images/1022.png,/sessions/rcw-01rhzohs6sarhhp2xkz1oted/mnt/MVI_Brain_Tumor/masks/1022.png
train,/sessions/rcw-01rhzohs6sarhhp2xkz1oted/mnt/MVI_Brain_Tumor/images/1110.png,/sessions/rcw-01rhzohs6sarhhp2xkz1oted/mnt/MVI_Brain_Tumor/masks/1110.png
train,/sessions/rcw-01rhzohs6sarhhp2xkz1oted/mnt/MVI_Brain_Tumor/images/2949.png,/sessions/rcw-01rhzohs6sarhhp2xkz1oted/mnt/MVI_Brain_Tumor/masks/2949.png
train,/sessions/rcw-01rhzohs6sarhhp2xkz1oted/mnt/MVI_Brain_Tumor/images/255.png,/sessions/rcw-01rhzohs6sarhhp2xkz1oted/mnt/MVI_Brain_Tumor/masks/255.png
train,/sessions/rcw-01rhzohs6sarhhp2xkz1oted/mnt/MVI_Brain_Tumor/images/2450.png,/sessions/rcw-01rhzohs6sarhhp2xkz1oted/mnt/MVI_Brain_Tumor/masks/2450.png
train,/sessions/rcw-01rhzohs6sarhhp2xkz1oted/mnt/MVI_Brain_Tumor/images/2502.png,/sessions/rcw-01rhzohs6sarhhp2xkz1oted/mnt/MVI_Brain_Tumor/masks/2502.png
train,/sessions/rcw-01rhzohs6sarhhp2xkz1oted/mnt/MVI_Brain_Tumor/images/1756.png,/sessions/rcw-01rhzohs6sarhhp2xkz1oted/mnt/MVI_Brain_Tumor/masks/1756.png
train,/sessions/rcw-01rhzohs6sarhhp2xkz1oted/mnt/MVI_Brain_Tumor/images/872.png,/sessions/rcw-01rhzohs6sarhhp2xkz1oted/mnt/MVI_Brain_Tumor/masks/872.png
train,/sessions/rcw-01rhzohs6sarhhp2xkz1oted/mnt/MVI_Brain_Tumor/images/1927.png,/sessions/rcw-01rhzohs6sarhhp2xkz1oted/mnt/MVI_Brain_Tumor/masks/1927.png
train,/sessions/rcw-01rhzohs6sarhhp2xkz1oted/mnt/MVI_Brain_Tumor/images/1921.png,/sessions/rcw-01rhzohs6sarhhp2xkz1oted/mnt/MVI_Brain_Tumor/masks/1921.png
train,/sessions/rcw-01rhzohs6sarhhp2xkz1oted/mnt/MVI_Brain_Tumor/images/1051.png,/sessions/rcw-01rhzohs6sarhhp2xkz1oted/mnt/MVI_Brain_Tumor/masks/1051.png
train,/sessions/rcw-01rhzohs6sarhhp2xkz1oted/mnt/MVI_Brain_Tumor/images/2200.png,/sessions/rcw-01rhzohs6sarhhp2xkz1oted/mnt/MVI_Brain_Tumor/masks/2200.png
train,/sessions/rcw-01rhzohs6sarhhp2xkz1oted/mnt/MVI_Brain_Tumor/images/2986.png,/sessions/rcw-01rhzohs6sarhhp2xkz1oted/mnt/MVI_Brain_Tumor/masks/2986.png
train,/sessions/rcw-01rhzohs6sarhhp2xkz1oted/mnt/MVI_Brain_Tumor/images/1536.png,/sessions/rcw-01rhzohs6sarhhp2xkz1oted/mnt/MVI_Brain_Tumor/masks/1536.png
train,/sessions/rcw-01rhzohs6sarhhp2xkz1oted/mnt/MVI_Brain_Tumor/images/2572.png,/sessions/rcw-01rhzohs6sarhhp2xkz1oted/mnt/MVI_Brain_Tumor/masks/2572.png
train,/sessions/rcw-01rhzohs6sarhhp2xkz1oted/mnt/MVI_Brain_Tumor/images/2329.png,/sessions/rcw-01rhzohs6sarhhp2xkz1oted/mnt/MVI_Brain_Tumor/masks/2329.png
train,/sessions/rcw-01rhzohs6sarhhp2xkz1oted/mnt/MVI_Brain_Tumor/images/2462.png,/sessions/rcw-01rhzohs6sarhhp2xkz1oted/mnt/MVI_Brain_Tumor/masks/2462.png
train,/sessions/rcw-01rhzohs6sarhhp2xkz1oted/mnt/MVI_Brain_Tumor/images/1374.png,/sessions/rcw-01rhzohs6sarhhp2xkz1oted/mnt/MVI_Brain_Tumor/masks/1374.png
train,/sessions/rcw-01rhzohs6sarhhp2xkz1oted/mnt/MVI_Brain_Tumor/images/774.png,/sessions/rcw-01rhzohs6sarhhp2xkz1oted/mnt/MVI_Brain_Tumor/masks/774.png
train,/sessions/rcw-01rhzohs6sarhhp2xkz1oted/mnt/MVI_Brain_Tumor/images/2245.png,/sessions/rcw-01rhzohs6sarhhp2xkz1oted/mnt/MVI_Brain_Tumor/masks/2245.png
train,/sessions/rcw-01rhzohs6sarhhp2xkz1oted/mnt/MVI_Brain_Tumor/images/1965.png,/sessions/rcw-01rhzohs6sarhhp2xkz1oted/mnt/MVI_Brain_Tumor/masks/1965.png
train,/sessions/rcw-01rhzohs6sarhhp2xkz1oted/mnt/MVI_Brain_Tumor/images/2998.png,/sessions/rcw-01rhzohs6sarhhp2xkz1oted/mnt/MVI_Brain_Tumor/masks/2998.png
train,/sessions/rcw-01rhzohs6sarhhp2xkz1oted/mnt/MVI_Brain_Tumor/images/2495.png,/sessions/rcw-01rhzohs6sarhhp2xkz1oted/mnt/MVI_Brain_Tumor/masks/2495.png
train,/sessions/rcw-01rhzohs6sarhhp2xkz1oted/mnt/MVI_Brain_Tumor/images/2920.png,/sessions/rcw-01rhzohs6sarhhp2xkz1oted/mnt/MVI_Brain_Tumor/masks/2920.png
train,/sessions/rcw-01rhzohs6sarhhp2xkz1oted/mnt/MVI_Brain_Tumor/images/324.png,/sessions/rcw-01rhzohs6sarhhp2xkz1oted/mnt/MVI_Brain_Tumor/masks/324.png
train,/sessions/rcw-01rhzohs6sarhhp2xkz1oted/mnt/MVI_Brain_Tumor/images/1998.png,/sessions/rcw-01rhzohs6sarhhp2xkz1oted/mnt/MVI_Brain_Tumor/masks/1998.png
train,/sessions/rcw-01rhzohs6sarhhp2xkz1oted/mnt/MVI_Brain_Tumor/images/890.png,/sessions/rcw-01rhzohs6sarhhp2xkz1oted/mnt/MVI_Brain_Tumor/masks/890.png
train,/sessions/rcw-01rhzohs6sarhhp2xkz1oted/mnt/MVI_Brain_Tumor/images/1611.png,/sessions/rcw-01rhzohs6sarhhp2xkz1oted/mnt/MVI_Brain_Tumor/masks/1611.png
train,/sessions/rcw-01rhzohs6sarhhp2xkz1oted/mnt/MVI_Brain_Tumor/images/1923.png,/sessions/rcw-01rhzohs6sarhhp2xkz1oted/mnt/MVI_Brain_Tumor/masks/1923.png
train,/sessions/rcw-01rhzohs6sarhhp2xkz1oted/mnt/MVI_Brain_Tumor/images/1603.png,/sessions/rcw-01rhzohs6sarhhp2xkz1oted/mnt/MVI_Brain_Tumor/masks/1603.png
train,/sessions/rcw-01rhzohs6sarhhp2xkz1oted/mnt/MVI_Brain_Tumor/images/1448.png,/sessions/rcw-01rhzohs6sarhhp2xkz1oted/mnt/MVI_Brain_Tumor/masks/1448.png
train,/sessions/rcw-01rhzohs6sarhhp2xkz1oted/mnt/MVI_Brain_Tumor/images/1091.png,/sessions/rcw-01rhzohs6sarhhp2xkz1oted/mnt/MVI_Brain_Tumor/masks/1091.png
train,/sessions/rcw-01rhzohs6sarhhp2xkz1oted/mnt/MVI_Brain_Tumor/images/2507.png,/sessions/rcw-01rhzohs6sarhhp2xkz1oted/mnt/MVI_Brain_Tumor/masks/2507.png
train,/sessions/rcw-01rhzohs6sarhhp2xkz1oted/mnt/MVI_Brain_Tumor/images/1633.png,/sessions/rcw-01rhzohs6sarhhp2xkz1oted/mnt/MVI_Brain_Tumor/masks/1633.png
train,/sessions/rcw-01rhzohs6sarhhp2xkz1oted/mnt/MVI_Brain_Tumor/images/1237.png,/sessions/rcw-01rhzohs6sarhhp2xkz1oted/mnt/MVI_Brain_Tumor/masks/1237.png
train,/sessions/rcw-01rhzohs6sarhhp2xkz1oted/mnt/MVI_Brain_Tumor/images/956.png,/sessions/rcw-01rhzohs6sarhhp2xkz1oted/mnt/MVI_Brain_Tumor/masks/956.png
train,/sessions/rcw-01rhzohs6sarhhp2xkz1oted/mnt/MVI_Brain_Tumor/images/733.png,/sessions/rcw-01rhzohs6sarhhp2xkz1oted/mnt/MVI_Brain_Tumor/masks/733.png
train,/sessions/rcw-01rhzohs6sarhhp2xkz1oted/mnt/MVI_Brain_Tumor/images/2081.png,/sessions/rcw-01rhzohs6sarhhp2xkz1oted/mnt/MVI_Brain_Tumor/masks/2081.png
train,/sessions/rcw-01rhzohs6sarhhp2xkz1oted/mnt/MVI_Brain_Tumor/images/4.png,/sessions/rcw-01rhzohs6sarhhp2xkz1oted/mnt/MVI_Brain_Tumor/masks/4.png
train,/sessions/rcw-01rhzohs6sarhhp2xkz1oted/mnt/MVI_Brain_Tumor/images/1650.png,/sessions/rcw-01rhzohs6sarhhp2xkz1oted/mnt/MVI_Brain_Tumor/masks/1650.png
train,/sessions/rcw-01rhzohs6sarhhp2xkz1oted/mnt/MVI_Brain_Tumor/images/467.png,/sessions/rcw-01rhzohs6sarhhp2xkz1oted/mnt/MVI_Brain_Tumor/masks/467.png
train,/sessions/rcw-01rhzohs6sarhhp2xkz1oted/mnt/MVI_Brain_Tumor/images/1586.png,/sessions/rcw-01rhzohs6sarhhp2xkz1oted/mnt/MVI_Brain_Tumor/masks/1586.png
train,/sessions/rcw-01rhzohs6sarhhp2xkz1oted/mnt/MVI_Brain_Tumor/images/1847.png,/sessions/rcw-01rhzohs6sarhhp2xkz1oted/mnt/MVI_Brain_Tumor/masks/1847.png
train,/sessions/rcw-01rhzohs6sarhhp2xkz1oted/mnt/MVI_Brain_Tumor/images/2139.png,/sessions/rcw-01rhzohs6sarhhp2xkz1oted/mnt/MVI_Brain_Tumor/masks/2139.png
train,/sessions/rcw-01rhzohs6sarhhp2xkz1oted/mnt/MVI_Brain_Tumor/images/732.png,/sessions/rcw-01rhzohs6sarhhp2xkz1oted/mnt/MVI_Brain_Tumor/masks/732.png
train,/sessions/rcw-01rhzohs6sarhhp2xkz1oted/mnt/MVI_Brain_Tumor/images/2059.png,/sessions/rcw-01rhzohs6sarhhp2xkz1oted/mnt/MVI_Brain_Tumor/masks/2059.png
train,/sessions/rcw-01rhzohs6sarhhp2xkz1oted/mnt/MVI_Brain_Tumor/images/1393.png,/sessions/rcw-01rhzohs6sarhhp2xkz1oted/mnt/MVI_Brain_Tumor/masks/1393.png
train,/sessions/rcw-01rhzohs6sarhhp2xkz1oted/mnt/MVI_Brain_Tumor/images/1417.png,/sessions/rcw-01rhzohs6sarhhp2xkz1oted/mnt/MVI_Brain_Tumor/masks/1417.png
train,/sessions/rcw-01rhzohs6sarhhp2xkz1oted/mnt/MVI_Brain_Tumor/images/651.png,/sessions/rcw-01rhzohs6sarhhp2xkz1oted/mnt/MVI_Brain_Tumor/masks/651.png
train,/sessions/rcw-01rhzohs6sarhhp2xkz1oted/mnt/MVI_Brain_Tumor/images/1903.png,/sessions/rcw-01rhzohs6sarhhp2xkz1oted/mnt/MVI_Brain_Tumor/masks/1903.png
train,/sessions/rcw-01rhzohs6sarhhp2xkz1oted/mnt/MVI_Brain_Tumor/images/704.png,/sessions/rcw-01rhzohs6sarhhp2xkz1oted/mnt/MVI_Brain_Tumor/masks/704.png
train,/sessions/rcw-01rhzohs6sarhhp2xkz1oted/mnt/MVI_Brain_Tumor/images/1886.png,/sessions/rcw-01rhzohs6sarhhp2xkz1oted/mnt/MVI_Brain_Tumor/masks/1886.png
train,/sessions/rcw-01rhzohs6sarhhp2xkz1oted/mnt/MVI_Brain_Tumor/images/1657.png,/sessions/rcw-01rhzohs6sarhhp2xkz1oted/mnt/MVI_Brain_Tumor/masks/1657.png
train,/sessions/rcw-01rhzohs6sarhhp2xkz1oted/mnt/MVI_Brain_Tumor/images/1574.png,/sessions/rcw-01rhzohs6sarhhp2xkz1oted/mnt/MVI_Brain_Tumor/masks/1574.png
train,/sessions/rcw-01rhzohs6sarhhp2xkz1oted/mnt/MVI_Brain_Tumor/images/2417.png,/sessions/rcw-01rhzohs6sarhhp2xkz1oted/mnt/MVI_Brain_Tumor/masks/2417.png
train,/sessions/rcw-01rhzohs6sarhhp2xkz1oted/mnt/MVI_Brain_Tumor/images/562.png,/sessions/rcw-01rhzohs6sarhhp2xkz1oted/mnt/MVI_Brain_Tumor/masks/562.png
train,/sessions/rcw-01rhzohs6sarhhp2xkz1oted/mnt/MVI_Brain_Tumor/images/2994.png,/sessions/rcw-01rhzohs6sarhhp2xkz1oted/mnt/MVI_Brain_Tumor/masks/2994.png
train,/sessions/rcw-01rhzohs6sarhhp2xkz1oted/mnt/MVI_Brain_Tumor/images/1073.png,/sessions/rcw-01rhzohs6sarhhp2xkz1oted/mnt/MVI_Brain_Tumor/masks/1073.png
train,/sessions/rcw-01rhzohs6sarhhp2xkz1oted/mnt/MVI_Brain_Tumor/images/1742.png,/sessions/rcw-01rhzohs6sarhhp2xkz1oted/mnt/MVI_Brain_Tumor/masks/1742.png
train,/sessions/rcw-01rhzohs6sarhhp2xkz1oted/mnt/MVI_Brain_Tumor/images/93.png,/sessions/rcw-01rhzohs6sarhhp2xkz1oted/mnt/MVI_Brain_Tumor/masks/93.png
train,/sessions/rcw-01rhzohs6sarhhp2xkz1oted/mnt/MVI_Brain_Tumor/images/3.png,/sessions/rcw-01rhzohs6sarhhp2xkz1oted/mnt/MVI_Brain_Tumor/masks/3.png
train,/sessions/rcw-01rhzohs6sarhhp2xkz1oted/mnt/MVI_Brain_Tumor/images/359.png,/sessions/rcw-01rhzohs6sarhhp2xkz1oted/mnt/MVI_Brain_Tumor/masks/359.png
train,/sessions/rcw-01rhzohs6sarhhp2xkz1oted/mnt/MVI_Brain_Tumor/images/1936.png,/sessions/rcw-01rhzohs6sarhhp2xkz1oted/mnt/MVI_Brain_Tumor/masks/1936.png
train,/sessions/rcw-01rhzohs6sarhhp2xkz1oted/mnt/MVI_Brain_Tumor/images/2042.png,/sessions/rcw-01rhzohs6sarhhp2xkz1oted/mnt/MVI_Brain_Tumor/masks/2042.png
train,/sessions/rcw-01rhzohs6sarhhp2xkz1oted/mnt/MVI_Brain_Tumor/images/2226.png,/sessions/rcw-01rhzohs6sarhhp2xkz1oted/mnt/MVI_Brain_Tumor/masks/2226.png
train,/sessions/rcw-01rhzohs6sarhhp2xkz1oted/mnt/MVI_Brain_Tumor/images/2882.png,/sessions/rcw-01rhzohs6sarhhp2xkz1oted/mnt/MVI_Brain_Tumor/masks/2882.png
train,/sessions/rcw-01rhzohs6sarhhp2xkz1oted/mnt/MVI_Brain_Tumor/images/1036.png,/sessions/rcw-01rhzohs6sarhhp2xkz1oted/mnt/MVI_Brain_Tumor/masks/1036.png
train,/sessions/rcw-01rhzohs6sarhhp2xkz1oted/mnt/MVI_Brain_Tumor/images/1715.png,/sessions/rcw-01rhzohs6sarhhp2xkz1oted/mnt/MVI_Brain_Tumor/masks/1715.png
train,/sessions/rcw-01rhzohs6sarhhp2xkz1oted/mnt/MVI_Brain_Tumor/images/1047.png,/sessions/rcw-01rhzohs6sarhhp2xkz1oted/mnt/MVI_Brain_Tumor/masks/1047.png
train,/sessions/rcw-01rhzohs6sarhhp2xkz1oted/mnt/MVI_Brain_Tumor/images/2568.png,/sessions/rcw-01rhzohs6sarhhp2xkz1oted/mnt/MVI_Brain_Tumor/masks/2568.png
train,/sessions/rcw-01rhzohs6sarhhp2xkz1oted/mnt/MVI_Brain_Tumor/images/778.png,/sessions/rcw-01rhzohs6sarhhp2xkz1oted/mnt/MVI_Brain_Tumor/masks/778.png
train,/sessions/rcw-01rhzohs6sarhhp2xkz1oted/mnt/MVI_Brain_Tumor/images/2089.png,/sessions/rcw-01rhzohs6sarhhp2xkz1oted/mnt/MVI_Brain_Tumor/masks/2089.png
train,/sessions/rcw-01rhzohs6sarhhp2xkz1oted/mnt/MVI_Brain_Tumor/images/965.png,/sessions/rcw-01rhzohs6sarhhp2xkz1oted/mnt/MVI_Brain_Tumor/masks/965.png
train,/sessions/rcw-01rhzohs6sarhhp2xkz1oted/mnt/MVI_Brain_Tumor/images/1816.png,/sessions/rcw-01rhzohs6sarhhp2xkz1oted/mnt/MVI_Brain_Tumor/masks/1816.png
train,/sessions/rcw-01rhzohs6sarhhp2xkz1oted/mnt/MVI_Brain_Tumor/images/1438.png,/sessions/rcw-01rhzohs6sarhhp2xkz1oted/mnt/MVI_Brain_Tumor/masks/1438.png
train,/sessions/rcw-01rhzohs6sarhhp2xkz1oted/mnt/MVI_Brain_Tumor/images/2806.png,/sessions/rcw-01rhzohs6sarhhp2xkz1oted/mnt/MVI_Brain_Tumor/masks/2806.png
train,/sessions/rcw-01rhzohs6sarhhp2xkz1oted/mnt/MVI_Brain_Tumor/images/1708.png,/sessions/rcw-01rhzohs6sarhhp2xkz1oted/mnt/MVI_Brain_Tumor/masks/1708.png
train,/sessions/rcw-01rhzohs6sarhhp2xkz1oted/mnt/MVI_Brain_Tumor/images/1513.png,/sessions/rcw-01rhzohs6sarhhp2xkz1oted/mnt/MVI_Brain_Tumor/masks/1513.png
train,/sessions/rcw-01rhzohs6sarhhp2xkz1oted/mnt/MVI_Brain_Tumor/images/1565.png,/sessions/rcw-01rhzohs6sarhhp2xkz1oted/mnt/MVI_Brain_Tumor/masks/1565.png
train,/sessions/rcw-01rhzohs6sarhhp2xkz1oted/mnt/MVI_Brain_Tumor/images/1833.png,/sessions/rcw-01rhzohs6sarhhp2xkz1oted/mnt/MVI_Brain_Tumor/masks/1833.png
train,/sessions/rcw-01rhzohs6sarhhp2xkz1oted/mnt/MVI_Brain_Tumor/images/222.png,/sessions/rcw-01rhzohs6sarhhp2xkz1oted/mnt/MVI_Brain_Tumor/masks/222.png
train,/sessions/rcw-01rhzohs6sarhhp2xkz1oted/mnt/MVI_Brain_Tumor/images/323.png,/sessions/rcw-01rhzohs6sarhhp2xkz1oted/mnt/MVI_Brain_Tumor/masks/323.png
train,/sessions/rcw-01rhzohs6sarhhp2xkz1oted/mnt/MVI_Brain_Tumor/images/3035.png,/sessions/rcw-01rhzohs6sarhhp2xkz1oted/mnt/MVI_Brain_Tumor/masks/3035.png
train,/sessions/rcw-01rhzohs6sarhhp2xkz1oted/mnt/MVI_Brain_Tumor/images/2821.png,/sessions/rcw-01rhzohs6sarhhp2xkz1oted/mnt/MVI_Brain_Tumor/masks/2821.png
train,/sessions/rcw-01rhzohs6sarhhp2xkz1oted/mnt/MVI_Brain_Tumor/images/144.png,/sessions/rcw-01rhzohs6sarhhp2xkz1oted/mnt/MVI_Brain_Tumor/masks/144.png
train,/sessions/rcw-01rhzohs6sarhhp2xkz1oted/mnt/MVI_Brain_Tumor/images/2055.png,/sessions/rcw-01rhzohs6sarhhp2xkz1oted/mnt/MVI_Brain_Tumor/masks/2055.png
train,/sessions/rcw-01rhzohs6sarhhp2xkz1oted/mnt/MVI_Brain_Tumor/images/82.png,/sessions/rcw-01rhzohs6sarhhp2xkz1oted/mnt/MVI_Brain_Tumor/masks/82.png
train,/sessions/rcw-01rhzohs6sarhhp2xkz1oted/mnt/MVI_Brain_Tumor/images/1127.png,/sessions/rcw-01rhzohs6sarhhp2xkz1oted/mnt/MVI_Brain_Tumor/masks/1127.png
train,/sessions/rcw-01rhzohs6sarhhp2xkz1oted/mnt/MVI_Brain_Tumor/images/1346.png,/sessions/rcw-01rhzohs6sarhhp2xkz1oted/mnt/MVI_Brain_Tumor/masks/1346.png
train,/sessions/rcw-01rhzohs6sarhhp2xkz1oted/mnt/MVI_Brain_Tumor/images/293.png,/sessions/rcw-01rhzohs6sarhhp2xkz1oted/mnt/MVI_Brain_Tumor/masks/293.png
train,/sessions/rcw-01rhzohs6sarhhp2xkz1oted/mnt/MVI_Brain_Tumor/images/1380.png,/sessions/rcw-01rhzohs6sarhhp2xkz1oted/mnt/MVI_Brain_Tumor/masks/1380.png
train,/sessions/rcw-01rhzohs6sarhhp2xkz1oted/mnt/MVI_Brain_Tumor/images/1175.png,/sessions/rcw-01rhzohs6sarhhp2xkz1oted/mnt/MVI_Brain_Tumor/masks/1175.png
train,/sessions/rcw-01rhzohs6sarhhp2xkz1oted/mnt/MVI_Brain_Tumor/images/2360.png,/sessions/rcw-01rhzohs6sarhhp2xkz1oted/mnt/MVI_Brain_Tumor/masks/2360.png
train,/sessions/rcw-01rhzohs6sarhhp2xkz1oted/mnt/MVI_Brain_Tumor/images/2925.png,/sessions/rcw-01rhzohs6sarhhp2xkz1oted/mnt/MVI_Brain_Tumor/masks/2925.png
train,/sessions/rcw-01rhzohs6sarhhp2xkz1oted/mnt/MVI_Brain_Tumor/images/1261.png,/sessions/rcw-01rhzohs6sarhhp2xkz1oted/mnt/MVI_Brain_Tumor/masks/1261.png
train,/sessions/rcw-01rhzohs6sarhhp2xkz1oted/mnt/MVI_Brain_Tumor/images/1151.png,/sessions/rcw-01rhzohs6sarhhp2xkz1oted/mnt/MVI_Brain_Tumor/masks/1151.png
train,/sessions/rcw-01rhzohs6sarhhp2xkz1oted/mnt/MVI_Brain_Tumor/images/1265.png,/sessions/rcw-01rhzohs6sarhhp2xkz1oted/mnt/MVI_Brain_Tumor/masks/1265.png
train,/sessions/rcw-01rhzohs6sarhhp2xkz1oted/mnt/MVI_Brain_Tumor/images/38.png,/sessions/rcw-01rhzohs6sarhhp2xkz1oted/mnt/MVI_Brain_Tumor/masks/38.png
train,/sessions/rcw-01rhzohs6sarhhp2xkz1oted/mnt/MVI_Brain_Tumor/images/1285.png,/sessions/rcw-01rhzohs6sarhhp2xkz1oted/mnt/MVI_Brain_Tumor/masks/1285.png
train,/sessions/rcw-01rhzohs6sarhhp2xkz1oted/mnt/MVI_Brain_Tumor/images/2486.png,/sessions/rcw-01rhzohs6sarhhp2xkz1oted/mnt/MVI_Brain_Tumor/masks/2486.png
train,/sessions/rcw-01rhzohs6sarhhp2xkz1oted/mnt/MVI_Brain_Tumor/images/138.png,/sessions/rcw-01rhzohs6sarhhp2xkz1oted/mnt/MVI_Brain_Tumor/masks/138.png
train,/sessions/rcw-01rhzohs6sarhhp2xkz1oted/mnt/MVI_Brain_Tumor/images/1223.png,/sessions/rcw-01rhzohs6sarhhp2xkz1oted/mnt/MVI_Brain_Tumor/masks/1223.png
train,/sessions/rcw-01rhzohs6sarhhp2xkz1oted/mnt/MVI_Brain_Tumor/images/1976.png,/sessions/rcw-01rhzohs6sarhhp2xkz1oted/mnt/MVI_Brain_Tumor/masks/1976.png
train,/sessions/rcw-01rhzohs6sarhhp2xkz1oted/mnt/MVI_Brain_Tumor/images/970.png,/sessions/rcw-01rhzohs6sarhhp2xkz1oted/mnt/MVI_Brain_Tumor/masks/970.png
train,/sessions/rcw-01rhzohs6sarhhp2xkz1oted/mnt/MVI_Brain_Tumor/images/3043.png,/sessions/rcw-01rhzohs6sarhhp2xkz1oted/mnt/MVI_Brain_Tumor/masks/3043.png
train,/sessions/rcw-01rhzohs6sarhhp2xkz1oted/mnt/MVI_Brain_Tumor/images/2328.png,/sessions/rcw-01rhzohs6sarhhp2xkz1oted/mnt/MVI_Brain_Tumor/masks/2328.png
train,/sessions/rcw-01rhzohs6sarhhp2xkz1oted/mnt/MVI_Brain_Tumor/images/54.png,/sessions/rcw-01rhzohs6sarhhp2xkz1oted/mnt/MVI_Brain_Tumor/masks/54.png
train,/sessions/rcw-01rhzohs6sarhhp2xkz1oted/mnt/MVI_Brain_Tumor/images/995.png,/sessions/rcw-01rhzohs6sarhhp2xkz1oted/mnt/MVI_Brain_Tumor/masks/995.png
train,/sessions/rcw-01rhzohs6sarhhp2xkz1oted/mnt/MVI_Brain_Tumor/images/1907.png,/sessions/rcw-01rhzohs6sarhhp2xkz1oted/mnt/MVI_Brain_Tumor/masks/1907.png
train,/sessions/rcw-01rhzohs6sarhhp2xkz1oted/mnt/MVI_Brain_Tumor/images/2189.png,/sessions/rcw-01rhzohs6sarhhp2xkz1oted/mnt/MVI_Brain_Tumor/masks/2189.png
train,/sessions/rcw-01rhzohs6sarhhp2xkz1oted/mnt/MVI_Brain_Tumor/images/2798.png,/sessions/rcw-01rhzohs6sarhhp2xkz1oted/mnt/MVI_Brain_Tumor/masks/2798.png
train,/sessions/rcw-01rhzohs6sarhhp2xkz1oted/mnt/MVI_Brain_Tumor/images/677.png,/sessions/rcw-01rhzohs6sarhhp2xkz1oted/mnt/MVI_Brain_Tumor/masks/677.png
train,/sessions/rcw-01rhzohs6sarhhp2xkz1oted/mnt/MVI_Brain_Tumor/images/390.png,/sessions/rcw-01rhzohs6sarhhp2xkz1oted/mnt/MVI_Brain_Tumor/masks/390.png
train,/sessions/rcw-01rhzohs6sarhhp2xkz1oted/mnt/MVI_Brain_Tumor/images/36.png,/sessions/rcw-01rhzohs6sarhhp2xkz1oted/mnt/MVI_Brain_Tumor/masks/36.png
train,/sessions/rcw-01rhzohs6sarhhp2xkz1oted/mnt/MVI_Brain_Tumor/images/2174.png,/sessions/rcw-01rhzohs6sarhhp2xkz1oted/mnt/MVI_Brain_Tumor/masks/2174.png
train,/sessions/rcw-01rhzohs6sarhhp2xkz1oted/mnt/MVI_Brain_Tumor/images/923.png,/sessions/rcw-01rhzohs6sarhhp2xkz1oted/mnt/MVI_Brain_Tumor/masks/923.png
train,/sessions/rcw-01rhzohs6sarhhp2xkz1oted/mnt/MVI_Brain_Tumor/images/1035.png,/sessions/rcw-01rhzohs6sarhhp2xkz1oted/mnt/MVI_Brain_Tumor/masks/1035.png
train,/sessions/rcw-01rhzohs6sarhhp2xkz1oted/mnt/MVI_Brain_Tumor/images/1210.png,/sessions/rcw-01rhzohs6sarhhp2xkz1oted/mnt/MVI_Brain_Tumor/masks/1210.png
train,/sessions/rcw-01rhzohs6sarhhp2xkz1oted/mnt/MVI_Brain_Tumor/images/837.png,/sessions/rcw-01rhzohs6sarhhp2xkz1oted/mnt/MVI_Brain_Tumor/masks/837.png
train,/sessions/rcw-01rhzohs6sarhhp2xkz1oted/mnt/MVI_Brain_Tumor/images/784.png,/sessions/rcw-01rhzohs6sarhhp2xkz1oted/mnt/MVI_Brain_Tumor/masks/784.png
train,/sessions/rcw-01rhzohs6sarhhp2xkz1oted/mnt/MVI_Brain_Tumor/images/1512.png,/sessions/rcw-01rhzohs6sarhhp2xkz1oted/mnt/MVI_Brain_Tumor/masks/1512.png
train,/sessions/rcw-01rhzohs6sarhhp2xkz1oted/mnt/MVI_Brain_Tumor/images/2534.png,/sessions/rcw-01rhzohs6sarhhp2xkz1oted/mnt/MVI_Brain_Tumor/masks/2534.png
train,/sessions/rcw-01rhzohs6sarhhp2xkz1oted/mnt/MVI_Brain_Tumor/images/455.png,/sessions/rcw-01rhzohs6sarhhp2xkz1oted/mnt/MVI_Brain_Tumor/masks/455.png
train,/sessions/rcw-01rhzohs6sarhhp2xkz1oted/mnt/MVI_Brain_Tumor/images/2975.png,/sessions/rcw-01rhzohs6sarhhp2xkz1oted/mnt/MVI_Brain_Tumor/masks/2975.png
train,/sessions/rcw-01rhzohs6sarhhp2xkz1oted/mnt/MVI_Brain_Tumor/images/128.png,/sessions/rcw-01rhzohs6sarhhp2xkz1oted/mnt/MVI_Brain_Tumor/masks/128.png
train,/sessions/rcw-01rhzohs6sarhhp2xkz1oted/mnt/MVI_Brain_Tumor/images/1992.png,/sessions/rcw-01rhzohs6sarhhp2xkz1oted/mnt/MVI_Brain_Tumor/masks/1992.png
train,/sessions/rcw-01rhzohs6sarhhp2xkz1oted/mnt/MVI_Brain_Tumor/images/1516.png,/sessions/rcw-01rhzohs6sarhhp2xkz1oted/mnt/MVI_Brain_Tumor/masks/1516.png
train,/sessions/rcw-01rhzohs6sarhhp2xkz1oted/mnt/MVI_Brain_Tumor/images/1159.png,/sessions/rcw-01rhzohs6sarhhp2xkz1oted/mnt/MVI_Brain_Tumor/masks/1159.png
train,/sessions/rcw-01rhzohs6sarhhp2xkz1oted/mnt/MVI_Brain_Tumor/images/2537.png,/sessions/rcw-01rhzohs6sarhhp2xkz1oted/mnt/MVI_Brain_Tumor/masks/2537.png
train,/sessions/rcw-01rhzohs6sarhhp2xkz1oted/mnt/MVI_Brain_Tumor/images/953.png,/sessions/rcw-01rhzohs6sarhhp2xkz1oted/mnt/MVI_Brain_Tumor/masks/953.png
train,/sessions/rcw-01rhzohs6sarhhp2xkz1oted/mnt/MVI_Brain_Tumor/images/2627.png,/sessions/rcw-01rhzohs6sarhhp2xkz1oted/mnt/MVI_Brain_Tumor/masks/2627.png
train,/sessions/rcw-01rhzohs6sarhhp2xkz1oted/mnt/MVI_Brain_Tumor/images/498.png,/sessions/rcw-01rhzohs6sarhhp2xkz1oted/mnt/MVI_Brain_Tumor/masks/498.png
train,/sessions/rcw-01rhzohs6sarhhp2xkz1oted/mnt/MVI_Brain_Tumor/images/1400.png,/sessions/rcw-01rhzohs6sarhhp2xkz1oted/mnt/MVI_Brain_Tumor/masks/1400.png
train,/sessions/rcw-01rhzohs6sarhhp2xkz1oted/mnt/MVI_Brain_Tumor/images/2769.png,/sessions/rcw-01rhzohs6sarhhp2xkz1oted/mnt/MVI_Brain_Tumor/masks/2769.png
train,/sessions/rcw-01rhzohs6sarhhp2xkz1oted/mnt/MVI_Brain_Tumor/images/2934.png,/sessions/rcw-01rhzohs6sarhhp2xkz1oted/mnt/MVI_Brain_Tumor/masks/2934.png
train,/sessions/rcw-01rhzohs6sarhhp2xkz1oted/mnt/MVI_Brain_Tumor/images/150.png,/sessions/rcw-01rhzohs6sarhhp2xkz1oted/mnt/MVI_Brain_Tumor/masks/150.png
train,/sessions/rcw-01rhzohs6sarhhp2xkz1oted/mnt/MVI_Brain_Tumor/images/1487.png,/sessions/rcw-01rhzohs6sarhhp2xkz1oted/mnt/MVI_Brain_Tumor/masks/1487.png
train,/sessions/rcw-01rhzohs6sarhhp2xkz1oted/mnt/MVI_Brain_Tumor/images/2810.png,/sessions/rcw-01rhzohs6sarhhp2xkz1oted/mnt/MVI_Brain_Tumor/masks/2810.png
train,/sessions/rcw-01rhzohs6sarhhp2xkz1oted/mnt/MVI_Brain_Tumor/images/1811.png,/sessions/rcw-01rhzohs6sarhhp2xkz1oted/mnt/MVI_Brain_Tumor/masks/1811.png
train,/sessions/rcw-01rhzohs6sarhhp2xkz1oted/mnt/MVI_Brain_Tumor/images/1524.png,/sessions/rcw-01rhzohs6sarhhp2xkz1oted/mnt/MVI_Brain_Tumor/masks/1524.png
train,/sessions/rcw-01rhzohs6sarhhp2xkz1oted/mnt/MVI_Brain_Tumor/images/1298.png,/sessions/rcw-01rhzohs6sarhhp2xkz1oted/mnt/MVI_Brain_Tumor/masks/1298.png
train,/sessions/rcw-01rhzohs6sarhhp2xkz1oted/mnt/MVI_Brain_Tumor/images/1030.png,/sessions/rcw-01rhzohs6sarhhp2xkz1oted/mnt/MVI_Brain_Tumor/masks/1030.png
train,/sessions/rcw-01rhzohs6sarhhp2xkz1oted/mnt/MVI_Brain_Tumor/images/986.png,/sessions/rcw-01rhzohs6sarhhp2xkz1oted/mnt/MVI_Brain_Tumor/masks/986.png
train,/sessions/rcw-01rhzohs6sarhhp2xkz1oted/mnt/MVI_Brain_Tumor/images/500.png,/sessions/rcw-01rhzohs6sarhhp2xkz1oted/mnt/MVI_Brain_Tumor/masks/500.png
train,/sessions/rcw-01rhzohs6sarhhp2xkz1oted/mnt/MVI_Brain_Tumor/images/1598.png,/sessions/rcw-01rhzohs6sarhhp2xkz1oted/mnt/MVI_Brain_Tumor/masks/1598.png
train,/sessions/rcw-01rhzohs6sarhhp2xkz1oted/mnt/MVI_Brain_Tumor/images/737.png,/sessions/rcw-01rhzohs6sarhhp2xkz1oted/mnt/MVI_Brain_Tumor/masks/737.png
train,/sessions/rcw-01rhzohs6sarhhp2xkz1oted/mnt/MVI_Brain_Tumor/images/1095.png,/sessions/rcw-01rhzohs6sarhhp2xkz1oted/mnt/MVI_Brain_Tumor/masks/1095.png
train,/sessions/rcw-01rhzohs6sarhhp2xkz1oted/mnt/MVI_Brain_Tumor/images/1150.png,/sessions/rcw-01rhzohs6sarhhp2xkz1oted/mnt/MVI_Brain_Tumor/masks/1150.png
train,/sessions/rcw-01rhzohs6sarhhp2xkz1oted/mnt/MVI_Brain_Tumor/images/2130.png,/sessions/rcw-01rhzohs6sarhhp2xkz1oted/mnt/MVI_Brain_Tumor/masks/2130.png
train,/sessions/rcw-01rhzohs6sarhhp2xkz1oted/mnt/MVI_Brain_Tumor/images/753.png,/sessions/rcw-01rhzohs6sarhhp2xkz1oted/mnt/MVI_Brain_Tumor/masks/753.png
train,/sessions/rcw-01rhzohs6sarhhp2xkz1oted/mnt/MVI_Brain_Tumor/images/1883.png,/sessions/rcw-01rhzohs6sarhhp2xkz1oted/mnt/MVI_Brain_Tumor/masks/1883.png
train,/sessions/rcw-01rhzohs6sarhhp2xkz1oted/mnt/MVI_Brain_Tumor/images/105.png,/sessions/rcw-01rhzohs6sarhhp2xkz1oted/mnt/MVI_Brain_Tumor/masks/105.png
train,/sessions/rcw-01rhzohs6sarhhp2xkz1oted/mnt/MVI_Brain_Tumor/images/2470.png,/sessions/rcw-01rhzohs6sarhhp2xkz1oted/mnt/MVI_Brain_Tumor/masks/2470.png
train,/sessions/rcw-01rhzohs6sarhhp2xkz1oted/mnt/MVI_Brain_Tumor/images/1148.png,/sessions/rcw-01rhzohs6sarhhp2xkz1oted/mnt/MVI_Brain_Tumor/masks/1148.png
train,/sessions/rcw-01rhzohs6sarhhp2xkz1oted/mnt/MVI_Brain_Tumor/images/1405.png,/sessions/rcw-01rhzohs6sarhhp2xkz1oted/mnt/MVI_Brain_Tumor/masks/1405.png
train,/sessions/rcw-01rhzohs6sarhhp2xkz1oted/mnt/MVI_Brain_Tumor/images/1484.png,/sessions/rcw-01rhzohs6sarhhp2xkz1oted/mnt/MVI_Brain_Tumor/masks/1484.png
train,/sessions/rcw-01rhzohs6sarhhp2xkz1oted/mnt/MVI_Brain_Tumor/images/618.png,/sessions/rcw-01rhzohs6sarhhp2xkz1oted/mnt/MVI_Brain_Tumor/masks/618.png
train,/sessions/rcw-01rhzohs6sarhhp2xkz1oted/mnt/MVI_Brain_Tumor/images/1070.png,/sessions/rcw-01rhzohs6sarhhp2xkz1oted/mnt/MVI_Brain_Tumor/masks/1070.png
train,/sessions/rcw-01rhzohs6sarhhp2xkz1oted/mnt/MVI_Brain_Tumor/images/2525.png,/sessions/rcw-01rhzohs6sarhhp2xkz1oted/mnt/MVI_Brain_Tumor/masks/2525.png
train,/sessions/rcw-01rhzohs6sarhhp2xkz1oted/mnt/MVI_Brain_Tumor/images/2103.png,/sessions/rcw-01rhzohs6sarhhp2xkz1oted/mnt/MVI_Brain_Tumor/masks/2103.png
train,/sessions/rcw-01rhzohs6sarhhp2xkz1oted/mnt/MVI_Brain_Tumor/images/168.png,/sessions/rcw-01rhzohs6sarhhp2xkz1oted/mnt/MVI_Brain_Tumor/masks/168.png
train,/sessions/rcw-01rhzohs6sarhhp2xkz1oted/mnt/MVI_Brain_Tumor/images/2398.png,/sessions/rcw-01rhzohs6sarhhp2xkz1oted/mnt/MVI_Brain_Tumor/masks/2398.png
train,/sessions/rcw-01rhzohs6sarhhp2xkz1oted/mnt/MVI_Brain_Tumor/images/1208.png,/sessions/rcw-01rhzohs6sarhhp2xkz1oted/mnt/MVI_Brain_Tumor/masks/1208.png
train,/sessions/rcw-01rhzohs6sarhhp2xkz1oted/mnt/MVI_Brain_Tumor/images/927.png,/sessions/rcw-01rhzohs6sarhhp2xkz1oted/mnt/MVI_Brain_Tumor/masks/927.png
train,/sessions/rcw-01rhzohs6sarhhp2xkz1oted/mnt/MVI_Brain_Tumor/images/1399.png,/sessions/rcw-01rhzohs6sarhhp2xkz1oted/mnt/MVI_Brain_Tumor/masks/1399.png
train,/sessions/rcw-01rhzohs6sarhhp2xkz1oted/mnt/MVI_Brain_Tumor/images/2159.png,/sessions/rcw-01rhzohs6sarhhp2xkz1oted/mnt/MVI_Brain_Tumor/masks/2159.png
train,/sessions/rcw-01rhzohs6sarhhp2xkz1oted/mnt/MVI_Brain_Tumor/images/1996.png,/sessions/rcw-01rhzohs6sarhhp2xkz1oted/mnt/MVI_Brain_Tumor/masks/1996.png
train,/sessions/rcw-01rhzohs6sarhhp2xkz1oted/mnt/MVI_Brain_Tumor/images/1060.png,/sessions/rcw-01rhzohs6sarhhp2xkz1oted/mnt/MVI_Brain_Tumor/masks/1060.png
train,/sessions/rcw-01rhzohs6sarhhp2xkz1oted/mnt/MVI_Brain_Tumor/images/648.png,/sessions/rcw-01rhzohs6sarhhp2xkz1oted/mnt/MVI_Brain_Tumor/masks/648.png
train,/sessions/rcw-01rhzohs6sarhhp2xkz1oted/mnt/MVI_Brain_Tumor/images/1336.png,/sessions/rcw-01rhzohs6sarhhp2xkz1oted/mnt/MVI_Brain_Tumor/masks/1336.png
train,/sessions/rcw-01rhzohs6sarhhp2xkz1oted/mnt/MVI_Brain_Tumor/images/2358.png,/sessions/rcw-01rhzohs6sarhhp2xkz1oted/mnt/MVI_Brain_Tumor/masks/2358.png
train,/sessions/rcw-01rhzohs6sarhhp2xkz1oted/mnt/MVI_Brain_Tumor/images/946.png,/sessions/rcw-01rhzohs6sarhhp2xkz1oted/mnt/MVI_Brain_Tumor/masks/946.png
train,/sessions/rcw-01rhzohs6sarhhp2xkz1oted/mnt/MVI_Brain_Tumor/images/1338.png,/sessions/rcw-01rhzohs6sarhhp2xkz1oted/mnt/MVI_Brain_Tumor/masks/1338.png
train,/sessions/rcw-01rhzohs6sarhhp2xkz1oted/mnt/MVI_Brain_Tumor/images/607.png,/sessions/rcw-01rhzohs6sarhhp2xkz1oted/mnt/MVI_Brain_Tumor/masks/607.png
train,/sessions/rcw-01rhzohs6sarhhp2xkz1oted/mnt/MVI_Brain_Tumor/images/1454.png,/sessions/rcw-01rhzohs6sarhhp2xkz1oted/mnt/MVI_Brain_Tumor/masks/1454.png
train,/sessions/rcw-01rhzohs6sarhhp2xkz1oted/mnt/MVI_Brain_Tumor/images/233.png,/sessions/rcw-01rhzohs6sarhhp2xkz1oted/mnt/MVI_Brain_Tumor/masks/233.png
train,/sessions/rcw-01rhzohs6sarhhp2xkz1oted/mnt/MVI_Brain_Tumor/images/2781.png,/sessions/rcw-01rhzohs6sarhhp2xkz1oted/mnt/MVI_Brain_Tumor/masks/2781.png
train,/sessions/rcw-01rhzohs6sarhhp2xkz1oted/mnt/MVI_Brain_Tumor/images/234.png,/sessions/rcw-01rhzohs6sarhhp2xkz1oted/mnt/MVI_Brain_Tumor/masks/234.png
train,/sessions/rcw-01rhzohs6sarhhp2xkz1oted/mnt/MVI_Brain_Tumor/images/2649.png,/sessions/rcw-01rhzohs6sarhhp2xkz1oted/mnt/MVI_Brain_Tumor/masks/2649.png
train,/sessions/rcw-01rhzohs6sarhhp2xkz1oted/mnt/MVI_Brain_Tumor/images/300.png,/sessions/rcw-01rhzohs6sarhhp2xkz1oted/mnt/MVI_Brain_Tumor/masks/300.png
train,/sessions/rcw-01rhzohs6sarhhp2xkz1oted/mnt/MVI_Brain_Tumor/images/125.png,/sessions/rcw-01rhzohs6sarhhp2xkz1oted/mnt/MVI_Brain_Tumor/masks/125.png
train,/sessions/rcw-01rhzohs6sarhhp2xkz1oted/mnt/MVI_Brain_Tumor/images/3048.png,/sessions/rcw-01rhzohs6sarhhp2xkz1oted/mnt/MVI_Brain_Tumor/masks/3048.png
train,/sessions/rcw-01rhzohs6sarhhp2xkz1oted/mnt/MVI_Brain_Tumor/images/1435.png,/sessions/rcw-01rhzohs6sarhhp2xkz1oted/mnt/MVI_Brain_Tumor/masks/1435.png
train,/sessions/rcw-01rhzohs6sarhhp2xkz1oted/mnt/MVI_Brain_Tumor/images/1651.png,/sessions/rcw-01rhzohs6sarhhp2xkz1oted/mnt/MVI_Brain_Tumor/masks/1651.png
train,/sessions/rcw-01rhzohs6sarhhp2xkz1oted/mnt/MVI_Brain_Tumor/images/674.png,/sessions/rcw-01rhzohs6sarhhp2xkz1oted/mnt/MVI_Brain_Tumor/masks/674.png
train,/sessions/rcw-01rhzohs6sarhhp2xkz1oted/mnt/MVI_Brain_Tumor/images/2076.png,/sessions/rcw-01rhzohs6sarhhp2xkz1oted/mnt/MVI_Brain_Tumor/masks/2076.png
train,/sessions/rcw-01rhzohs6sarhhp2xkz1oted/mnt/MVI_Brain_Tumor/images/663.png,/sessions/rcw-01rhzohs6sarhhp2xkz1oted/mnt/MVI_Brain_Tumor/masks/663.png
train,/sessions/rcw-01rhzohs6sarhhp2xkz1oted/mnt/MVI_Brain_Tumor/images/2881.png,/sessions/rcw-01rhzohs6sarhhp2xkz1oted/mnt/MVI_Brain_Tumor/masks/2881.png
train,/sessions/rcw-01rhzohs6sarhhp2xkz1oted/mnt/MVI_Brain_Tumor/images/1866.png,/sessions/rcw-01rhzohs6sarhhp2xkz1oted/mnt/MVI_Brain_Tumor/masks/1866.png
train,/sessions/rcw-01rhzohs6sarhhp2xkz1oted/mnt/MVI_Brain_Tumor/images/1053.png,/sessions/rcw-01rhzohs6sarhhp2xkz1oted/mnt/MVI_Brain_Tumor/masks/1053.png
train,/sessions/rcw-01rhzohs6sarhhp2xkz1oted/mnt/MVI_Brain_Tumor/images/1910.png,/sessions/rcw-01rhzohs6sarhhp2xkz1oted/mnt/MVI_Brain_Tumor/masks/1910.png
train,/sessions/rcw-01rhzohs6sarhhp2xkz1oted/mnt/MVI_Brain_Tumor/images/909.png,/sessions/rcw-01rhzohs6sarhhp2xkz1oted/mnt/MVI_Brain_Tumor/masks/909.png
train,/sessions/rcw-01rhzohs6sarhhp2xkz1oted/mnt/MVI_Brain_Tumor/images/1988.png,/sessions/rcw-01rhzohs6sarhhp2xkz1oted/mnt/MVI_Brain_Tumor/masks/1988.png
train,/sessions/rcw-01rhzohs6sarhhp2xkz1oted/mnt/MVI_Brain_Tumor/images/670.png,/sessions/rcw-01rhzohs6sarhhp2xkz1oted/mnt/MVI_Brain_Tumor/masks/670.png
train,/sessions/rcw-01rhzohs6sarhhp2xkz1oted/mnt/MVI_Brain_Tumor/images/1588.png,/sessions/rcw-01rhzohs6sarhhp2xkz1oted/mnt/MVI_Brain_Tumor/masks/1588.png
train,/sessions/rcw-01rhzohs6sarhhp2xkz1oted/mnt/MVI_Brain_Tumor/images/1941.png,/sessions/rcw-01rhzohs6sarhhp2xkz1oted/mnt/MVI_Brain_Tumor/masks/1941.png
train,/sessions/rcw-01rhzohs6sarhhp2xkz1oted/mnt/MVI_Brain_Tumor/images/643.png,/sessions/rcw-01rhzohs6sarhhp2xkz1oted/mnt/MVI_Brain_Tumor/masks/643.png
train,/sessions/rcw-01rhzohs6sarhhp2xkz1oted/mnt/MVI_Brain_Tumor/images/1564.png,/sessions/rcw-01rhzohs6sarhhp2xkz1oted/mnt/MVI_Brain_Tumor/masks/1564.png
train,/sessions/rcw-01rhzohs6sarhhp2xkz1oted/mnt/MVI_Brain_Tumor/images/1697.png,/sessions/rcw-01rhzohs6sarhhp2xkz1oted/mnt/MVI_Brain_Tumor/masks/1697.png
train,/sessions/rcw-01rhzohs6sarhhp2xkz1oted/mnt/MVI_Brain_Tumor/images/321.png,/sessions/rcw-01rhzohs6sarhhp2xkz1oted/mnt/MVI_Brain_Tumor/masks/321.png
train,/sessions/rcw-01rhzohs6sarhhp2xkz1oted/mnt/MVI_Brain_Tumor/images/2208.png,/sessions/rcw-01rhzohs6sarhhp2xkz1oted/mnt/MVI_Brain_Tumor/masks/2208.png
train,/sessions/rcw-01rhzohs6sarhhp2xkz1oted/mnt/MVI_Brain_Tumor/images/1825.png,/sessions/rcw-01rhzohs6sarhhp2xkz1oted/mnt/MVI_Brain_Tumor/masks/1825.png
train,/sessions/rcw-01rhzohs6sarhhp2xkz1oted/mnt/MVI_Brain_Tumor/images/425.png,/sessions/rcw-01rhzohs6sarhhp2xkz1oted/mnt/MVI_Brain_Tumor/masks/425.png
train,/sessions/rcw-01rhzohs6sarhhp2xkz1oted/mnt/MVI_Brain_Tumor/images/1010.png,/sessions/rcw-01rhzohs6sarhhp2xkz1oted/mnt/MVI_Brain_Tumor/masks/1010.png
train,/sessions/rcw-01rhzohs6sarhhp2xkz1oted/mnt/MVI_Brain_Tumor/images/887.png,/sessions/rcw-01rhzohs6sarhhp2xkz1oted/mnt/MVI_Brain_Tumor/masks/887.png
train,/sessions/rcw-01rhzohs6sarhhp2xkz1oted/mnt/MVI_Brain_Tumor/images/476.png,/sessions/rcw-01rhzohs6sarhhp2xkz1oted/mnt/MVI_Brain_Tumor/masks/476.png
train,/sessions/rcw-01rhzohs6sarhhp2xkz1oted/mnt/MVI_Brain_Tumor/images/549.png,/sessions/rcw-01rhzohs6sarhhp2xkz1oted/mnt/MVI_Brain_Tumor/masks/549.png
train,/sessions/rcw-01rhzohs6sarhhp2xkz1oted/mnt/MVI_Brain_Tumor/images/1986.png,/sessions/rcw-01rhzohs6sarhhp2xkz1oted/mnt/MVI_Brain_Tumor/masks/1986.png
train,/sessions/rcw-01rhzohs6sarhhp2xkz1oted/mnt/MVI_Brain_Tumor/images/2732.png,/sessions/rcw-01rhzohs6sarhhp2xkz1oted/mnt/MVI_Brain_Tumor/masks/2732.png
train,/sessions/rcw-01rhzohs6sarhhp2xkz1oted/mnt/MVI_Brain_Tumor/images/2835.png,/sessions/rcw-01rhzohs6sarhhp2xkz1oted/mnt/MVI_Brain_Tumor/masks/2835.png
train,/sessions/rcw-01rhzohs6sarhhp2xkz1oted/mnt/MVI_Brain_Tumor/images/2110.png,/sessions/rcw-01rhzohs6sarhhp2xkz1oted/mnt/MVI_Brain_Tumor/masks/2110.png
train,/sessions/rcw-01rhzohs6sarhhp2xkz1oted/mnt/MVI_Brain_Tumor/images/781.png,/sessions/rcw-01rhzohs6sarhhp2xkz1oted/mnt/MVI_Brain_Tumor/masks/781.png
train,/sessions/rcw-01rhzohs6sarhhp2xkz1oted/mnt/MVI_Brain_Tumor/images/2823.png,/sessions/rcw-01rhzohs6sarhhp2xkz1oted/mnt/MVI_Brain_Tumor/masks/2823.png
train,/sessions/rcw-01rhzohs6sarhhp2xkz1oted/mnt/MVI_Brain_Tumor/images/2945.png,/sessions/rcw-01rhzohs6sarhhp2xkz1oted/mnt/MVI_Brain_Tumor/masks/2945.png
train,/sessions/rcw-01rhzohs6sarhhp2xkz1oted/mnt/MVI_Brain_Tumor/images/1985.png,/sessions/rcw-01rhzohs6sarhhp2xkz1oted/mnt/MVI_Brain_Tumor/masks/1985.png
train,/sessions/rcw-01rhzohs6sarhhp2xkz1oted/mnt/MVI_Brain_Tumor/images/1273.png,/sessions/rcw-01rhzohs6sarhhp2xkz1oted/mnt/MVI_Brain_Tumor/masks/1273.png
train,/sessions/rcw-01rhzohs6sarhhp2xkz1oted/mnt/MVI_Brain_Tumor/images/283.png,/sessions/rcw-01rhzohs6sarhhp2xkz1oted/mnt/MVI_Brain_Tumor/masks/283.png
train,/sessions/rcw-01rhzohs6sarhhp2xkz1oted/mnt/MVI_Brain_Tumor/images/1093.png,/sessions/rcw-01rhzohs6sarhhp2xkz1oted/mnt/MVI_Brain_Tumor/masks/1093.png
train,/sessions/rcw-01rhzohs6sarhhp2xkz1oted/mnt/MVI_Brain_Tumor/images/2053.png,/sessions/rcw-01rhzohs6sarhhp2xkz1oted/mnt/MVI_Brain_Tumor/masks/2053.png
train,/sessions/rcw-01rhzohs6sarhhp2xkz1oted/mnt/MVI_Brain_Tumor/images/1371.png,/sessions/rcw-01rhzohs6sarhhp2xkz1oted/mnt/MVI_Brain_Tumor/masks/1371.png
train,/sessions/rcw-01rhzohs6sarhhp2xkz1oted/mnt/MVI_Brain_Tumor/images/1451.png,/sessions/rcw-01rhzohs6sarhhp2xkz1oted/mnt/MVI_Brain_Tumor/masks/1451.png
train,/sessions/rcw-01rhzohs6sarhhp2xkz1oted/mnt/MVI_Brain_Tumor/images/453.png,/sessions/rcw-01rhzohs6sarhhp2xkz1oted/mnt/MVI_Brain_Tumor/masks/453.png
train,/sessions/rcw-01rhzohs6sarhhp2xkz1oted/mnt/MVI_Brain_Tumor/images/722.png,/sessions/rcw-01rhzohs6sarhhp2xkz1oted/mnt/MVI_Brain_Tumor/masks/722.png
train,/sessions/rcw-01rhzohs6sarhhp2xkz1oted/mnt/MVI_Brain_Tumor/images/1600.png,/sessions/rcw-01rhzohs6sarhhp2xkz1oted/mnt/MVI_Brain_Tumor/masks/1600.png
train,/sessions/rcw-01rhzohs6sarhhp2xkz1oted/mnt/MVI_Brain_Tumor/images/2893.png,/sessions/rcw-01rhzohs6sarhhp2xkz1oted/mnt/MVI_Brain_Tumor/masks/2893.png
train,/sessions/rcw-01rhzohs6sarhhp2xkz1oted/mnt/MVI_Brain_Tumor/images/749.png,/sessions/rcw-01rhzohs6sarhhp2xkz1oted/mnt/MVI_Brain_Tumor/masks/749.png
train,/sessions/rcw-01rhzohs6sarhhp2xkz1oted/mnt/MVI_Brain_Tumor/images/291.png,/sessions/rcw-01rhzohs6sarhhp2xkz1oted/mnt/MVI_Brain_Tumor/masks/291.png
train,/sessions/rcw-01rhzohs6sarhhp2xkz1oted/mnt/MVI_Brain_Tumor/images/169.png,/sessions/rcw-01rhzohs6sarhhp2xkz1oted/mnt/MVI_Brain_Tumor/masks/169.png
train,/sessions/rcw-01rhzohs6sarhhp2xkz1oted/mnt/MVI_Brain_Tumor/images/2239.png,/sessions/rcw-01rhzohs6sarhhp2xkz1oted/mnt/MVI_Brain_Tumor/masks/2239.png
train,/sessions/rcw-01rhzohs6sarhhp2xkz1oted/mnt/MVI_Brain_Tumor/images/2668.png,/sessions/rcw-01rhzohs6sarhhp2xkz1oted/mnt/MVI_Brain_Tumor/masks/2668.png
train,/sessions/rcw-01rhzohs6sarhhp2xkz1oted/mnt/MVI_Brain_Tumor/images/1741.png,/sessions/rcw-01rhzohs6sarhhp2xkz1oted/mnt/MVI_Brain_Tumor/masks/1741.png
train,/sessions/rcw-01rhzohs6sarhhp2xkz1oted/mnt/MVI_Brain_Tumor/images/1143.png,/sessions/rcw-01rhzohs6sarhhp2xkz1oted/mnt/MVI_Brain_Tumor/masks/1143.png
train,/sessions/rcw-01rhzohs6sarhhp2xkz1oted/mnt/MVI_Brain_Tumor/images/1256.png,/sessions/rcw-01rhzohs6sarhhp2xkz1oted/mnt/MVI_Brain_Tumor/masks/1256.png
train,/sessions/rcw-01rhzohs6sarhhp2xkz1oted/mnt/MVI_Brain_Tumor/images/2178.png,/sessions/rcw-01rhzohs6sarhhp2xkz1oted/mnt/MVI_Brain_Tumor/masks/2178.png
train,/sessions/rcw-01rhzohs6sarhhp2xkz1oted/mnt/MVI_Brain_Tumor/images/447.png,/sessions/rcw-01rhzohs6sarhhp2xkz1oted/mnt/MVI_Brain_Tumor/masks/447.png
train,/sessions/rcw-01rhzohs6sarhhp2xkz1oted/mnt/MVI_Brain_Tumor/images/880.png,/sessions/rcw-01rhzohs6sarhhp2xkz1oted/mnt/MVI_Brain_Tumor/masks/880.png
train,/sessions/rcw-01rhzohs6sarhhp2xkz1oted/mnt/MVI_Brain_Tumor/images/679.png,/sessions/rcw-01rhzohs6sarhhp2xkz1oted/mnt/MVI_Brain_Tumor/masks/679.png
train,/sessions/rcw-01rhzohs6sarhhp2xkz1oted/mnt/MVI_Brain_Tumor/images/511.png,/sessions/rcw-01rhzohs6sarhhp2xkz1oted/mnt/MVI_Brain_Tumor/masks/511.png
train,/sessions/rcw-01rhzohs6sarhhp2xkz1oted/mnt/MVI_Brain_Tumor/images/450.png,/sessions/rcw-01rhzohs6sarhhp2xkz1oted/mnt/MVI_Brain_Tumor/masks/450.png
train,/sessions/rcw-01rhzohs6sarhhp2xkz1oted/mnt/MVI_Brain_Tumor/images/399.png,/sessions/rcw-01rhzohs6sarhhp2xkz1oted/mnt/MVI_Brain_Tumor/masks/399.png
train,/sessions/rcw-01rhzohs6sarhhp2xkz1oted/mnt/MVI_Brain_Tumor/images/520.png,/sessions/rcw-01rhzohs6sarhhp2xkz1oted/mnt/MVI_Brain_Tumor/masks/520.png
train,/sessions/rcw-01rhzohs6sarhhp2xkz1oted/mnt/MVI_Brain_Tumor/images/16.png,/sessions/rcw-01rhzohs6sarhhp2xkz1oted/mnt/MVI_Brain_Tumor/masks/16.png
train,/sessions/rcw-01rhzohs6sarhhp2xkz1oted/mnt/MVI_Brain_Tumor/images/2221.png,/sessions/rcw-01rhzohs6sarhhp2xkz1oted/mnt/MVI_Brain_Tumor/masks/2221.png
train,/sessions/rcw-01rhzohs6sarhhp2xkz1oted/mnt/MVI_Brain_Tumor/images/813.png,/sessions/rcw-01rhzohs6sarhhp2xkz1oted/mnt/MVI_Brain_Tumor/masks/813.png
train,/sessions/rcw-01rhzohs6sarhhp2xkz1oted/mnt/MVI_Brain_Tumor/images/762.png,/sessions/rcw-01rhzohs6sarhhp2xkz1oted/mnt/MVI_Brain_Tumor/masks/762.png
train,/sessions/rcw-01rhzohs6sarhhp2xkz1oted/mnt/MVI_Brain_Tumor/images/279.png,/sessions/rcw-01rhzohs6sarhhp2xkz1oted/mnt/MVI_Brain_Tumor/masks/279.png
train,/sessions/rcw-01rhzohs6sarhhp2xkz1oted/mnt/MVI_Brain_Tumor/images/226.png,/sessions/rcw-01rhzohs6sarhhp2xkz1oted/mnt/MVI_Brain_Tumor/masks/226.png
train,/sessions/rcw-01rhzohs6sarhhp2xkz1oted/mnt/MVI_Brain_Tumor/images/1947.png,/sessions/rcw-01rhzohs6sarhhp2xkz1oted/mnt/MVI_Brain_Tumor/masks/1947.png
train,/sessions/rcw-01rhzohs6sarhhp2xkz1oted/mnt/MVI_Brain_Tumor/images/2327.png,/sessions/rcw-01rhzohs6sarhhp2xkz1oted/mnt/MVI_Brain_Tumor/masks/2327.png
train,/sessions/rcw-01rhzohs6sarhhp2xkz1oted/mnt/MVI_Brain_Tumor/images/1517.png,/sessions/rcw-01rhzohs6sarhhp2xkz1oted/mnt/MVI_Brain_Tumor/masks/1517.png
train,/sessions/rcw-01rhzohs6sarhhp2xkz1oted/mnt/MVI_Brain_Tumor/images/2250.png,/sessions/rcw-01rhzohs6sarhhp2xkz1oted/mnt/MVI_Brain_Tumor/masks/2250.png
train,/sessions/rcw-01rhzohs6sarhhp2xkz1oted/mnt/MVI_Brain_Tumor/images/701.png,/sessions/rcw-01rhzohs6sarhhp2xkz1oted/mnt/MVI_Brain_Tumor/masks/701.png
train,/sessions/rcw-01rhzohs6sarhhp2xkz1oted/mnt/MVI_Brain_Tumor/images/2232.png,/sessions/rcw-01rhzohs6sarhhp2xkz1oted/mnt/MVI_Brain_Tumor/masks/2232.png
train,/sessions/rcw-01rhzohs6sarhhp2xkz1oted/mnt/MVI_Brain_Tumor/images/654.png,/sessions/rcw-01rhzohs6sarhhp2xkz1oted/mnt/MVI_Brain_Tumor/masks/654.png
train,/sessions/rcw-01rhzohs6sarhhp2xkz1oted/mnt/MVI_Brain_Tumor/images/340.png,/sessions/rcw-01rhzohs6sarhhp2xkz1oted/mnt/MVI_Brain_Tumor/masks/340.png
train,/sessions/rcw-01rhzohs6sarhhp2xkz1oted/mnt/MVI_Brain_Tumor/images/1419.png,/sessions/rcw-01rhzohs6sarhhp2xkz1oted/mnt/MVI_Brain_Tumor/masks/1419.png
train,/sessions/rcw-01rhzohs6sarhhp2xkz1oted/mnt/MVI_Brain_Tumor/images/469.png,/sessions/rcw-01rhzohs6sarhhp2xkz1oted/mnt/MVI_Brain_Tumor/masks/469.png
train,/sessions/rcw-01rhzohs6sarhhp2xkz1oted/mnt/MVI_Brain_Tumor/images/1383.png,/sessions/rcw-01rhzohs6sarhhp2xkz1oted/mnt/MVI_Brain_Tumor/masks/1383.png
train,/sessions/rcw-01rhzohs6sarhhp2xkz1oted/mnt/MVI_Brain_Tumor/images/2942.png,/sessions/rcw-01rhzohs6sarhhp2xkz1oted/mnt/MVI_Brain_Tumor/masks/2942.png
train,/sessions/rcw-01rhzohs6sarhhp2xkz1oted/mnt/MVI_Brain_Tumor/images/1231.png,/sessions/rcw-01rhzohs6sarhhp2xkz1oted/mnt/MVI_Brain_Tumor/masks/1231.png
train,/sessions/rcw-01rhzohs6sarhhp2xkz1oted/mnt/MVI_Brain_Tumor/images/2325.png,/sessions/rcw-01rhzohs6sarhhp2xkz1oted/mnt/MVI_Brain_Tumor/masks/2325.png
train,/sessions/rcw-01rhzohs6sarhhp2xkz1oted/mnt/MVI_Brain_Tumor/images/1156.png,/sessions/rcw-01rhzohs6sarhhp2xkz1oted/mnt/MVI_Brain_Tumor/masks/1156.png
train,/sessions/rcw-01rhzohs6sarhhp2xkz1oted/mnt/MVI_Brain_Tumor/images/805.png,/sessions/rcw-01rhzohs6sarhhp2xkz1oted/mnt/MVI_Brain_Tumor/masks/805.png
train,/sessions/rcw-01rhzohs6sarhhp2xkz1oted/mnt/MVI_Brain_Tumor/images/1578.png,/sessions/rcw-01rhzohs6sarhhp2xkz1oted/mnt/MVI_Brain_Tumor/masks/1578.png
train,/sessions/rcw-01rhzohs6sarhhp2xkz1oted/mnt/MVI_Brain_Tumor/images/2548.png,/sessions/rcw-01rhzohs6sarhhp2xkz1oted/mnt/MVI_Brain_Tumor/masks/2548.png
train,/sessions/rcw-01rhzohs6sarhhp2xkz1oted/mnt/MVI_Brain_Tumor/images/1797.png,/sessions/rcw-01rhzohs6sarhhp2xkz1oted/mnt/MVI_Brain_Tumor/masks/1797.png
train,/sessions/rcw-01rhzohs6sarhhp2xkz1oted/mnt/MVI_Brain_Tumor/images/833.png,/sessions/rcw-01rhzohs6sarhhp2xkz1oted/mnt/MVI_Brain_Tumor/masks/833.png
train,/sessions/rcw-01rhzohs6sarhhp2xkz1oted/mnt/MVI_Brain_Tumor/images/2015.png,/sessions/rcw-01rhzohs6sarhhp2xkz1oted/mnt/MVI_Brain_Tumor/masks/2015.png
train,/sessions/rcw-01rhzohs6sarhhp2xkz1oted/mnt/MVI_Brain_Tumor/images/409.png,/sessions/rcw-01rhzohs6sarhhp2xkz1oted/mnt/MVI_Brain_Tumor/masks/409.png
train,/sessions/rcw-01rhzohs6sarhhp2xkz1oted/mnt/MVI_Brain_Tumor/images/746.png,/sessions/rcw-01rhzohs6sarhhp2xkz1oted/mnt/MVI_Brain_Tumor/masks/746.png
train,/sessions/rcw-01rhzohs6sarhhp2xkz1oted/mnt/MVI_Brain_Tumor/images/580.png,/sessions/rcw-01rhzohs6sarhhp2xkz1oted/mnt/MVI_Brain_Tumor/masks/580.png
train,/sessions/rcw-01rhzohs6sarhhp2xkz1oted/mnt/MVI_Brain_Tumor/images/190.png,/sessions/rcw-01rhzohs6sarhhp2xkz1oted/mnt/MVI_Brain_Tumor/masks/190.png
train,/sessions/rcw-01rhzohs6sarhhp2xkz1oted/mnt/MVI_Brain_Tumor/images/1780.png,/sessions/rcw-01rhzohs6sarhhp2xkz1oted/mnt/MVI_Brain_Tumor/masks/1780.png
train,/sessions/rcw-01rhzohs6sarhhp2xkz1oted/mnt/MVI_Brain_Tumor/images/2738.png,/sessions/rcw-01rhzohs6sarhhp2xkz1oted/mnt/MVI_Brain_Tumor/masks/2738.png
train,/sessions/rcw-01rhzohs6sarhhp2xkz1oted/mnt/MVI_Brain_Tumor/images/1074.png,/sessions/rcw-01rhzohs6sarhhp2xkz1oted/mnt/MVI_Brain_Tumor/masks/1074.png
train,/sessions/rcw-01rhzohs6sarhhp2xkz1oted/mnt/MVI_Brain_Tumor/images/2052.png,/sessions/rcw-01rhzohs6sarhhp2xkz1oted/mnt/MVI_Brain_Tumor/masks/2052.png
train,/sessions/rcw-01rhzohs6sarhhp2xkz1oted/mnt/MVI_Brain_Tumor/images/2317.png,/sessions/rcw-01rhzohs6sarhhp2xkz1oted/mnt/MVI_Brain_Tumor/masks/2317.png
train,/sessions/rcw-01rhzohs6sarhhp2xkz1oted/mnt/MVI_Brain_Tumor/images/1500.png,/sessions/rcw-01rhzohs6sarhhp2xkz1oted/mnt/MVI_Brain_Tumor/masks/1500.png
train,/sessions/rcw-01rhzohs6sarhhp2xkz1oted/mnt/MVI_Brain_Tumor/images/2214.png,/sessions/rcw-01rhzohs6sarhhp2xkz1oted/mnt/MVI_Brain_Tumor/masks/2214.png
train,/sessions/rcw-01rhzohs6sarhhp2xkz1oted/mnt/MVI_Brain_Tumor/images/2420.png,/sessions/rcw-01rhzohs6sarhhp2xkz1oted/mnt/MVI_Brain_Tumor/masks/2420.png
train,/sessions/rcw-01rhzohs6sarhhp2xkz1oted/mnt/MVI_Brain_Tumor/images/2411.png,/sessions/rcw-01rhzohs6sarhhp2xkz1oted/mnt/MVI_Brain_Tumor/masks/2411.png
train,/sessions/rcw-01rhzohs6sarhhp2xkz1oted/mnt/MVI_Brain_Tumor/images/604.png,/sessions/rcw-01rhzohs6sarhhp2xkz1oted/mnt/MVI_Brain_Tumor/masks/604.png
train,/sessions/rcw-01rhzohs6sarhhp2xkz1oted/mnt/MVI_Brain_Tumor/images/72.png,/sessions/rcw-01rhzohs6sarhhp2xkz1oted/mnt/MVI_Brain_Tumor/masks/72.png
train,/sessions/rcw-01rhzohs6sarhhp2xkz1oted/mnt/MVI_Brain_Tumor/images/2617.png,/sessions/rcw-01rhzohs6sarhhp2xkz1oted/mnt/MVI_Brain_Tumor/masks/2617.png
train,/sessions/rcw-01rhzohs6sarhhp2xkz1oted/mnt/MVI_Brain_Tumor/images/310.png,/sessions/rcw-01rhzohs6sarhhp2xkz1oted/mnt/MVI_Brain_Tumor/masks/310.png
train,/sessions/rcw-01rhzohs6sarhhp2xkz1oted/mnt/MVI_Brain_Tumor/images/2384.png,/sessions/rcw-01rhzohs6sarhhp2xkz1oted/mnt/MVI_Brain_Tumor/masks/2384.png
train,/sessions/rcw-01rhzohs6sarhhp2xkz1oted/mnt/MVI_Brain_Tumor/images/1235.png,/sessions/rcw-01rhzohs6sarhhp2xkz1oted/mnt/MVI_Brain_Tumor/masks/1235.png
train,/sessions/rcw-01rhzohs6sarhhp2xkz1oted/mnt/MVI_Brain_Tumor/images/288.png,/sessions/rcw-01rhzohs6sarhhp2xkz1oted/mnt/MVI_Brain_Tumor/masks/288.png
train,/sessions/rcw-01rhzohs6sarhhp2xkz1oted/mnt/MVI_Brain_Tumor/images/3041.png,/sessions/rcw-01rhzohs6sarhhp2xkz1oted/mnt/MVI_Brain_Tumor/masks/3041.png
train,/sessions/rcw-01rhzohs6sarhhp2xkz1oted/mnt/MVI_Brain_Tumor/images/3015.png,/sessions/rcw-01rhzohs6sarhhp2xkz1oted/mnt/MVI_Brain_Tumor/masks/3015.png
train,/sessions/rcw-01rhzohs6sarhhp2xkz1oted/mnt/MVI_Brain_Tumor/images/1703.png,/sessions/rcw-01rhzohs6sarhhp2xkz1oted/mnt/MVI_Brain_Tumor/masks/1703.png
train,/sessions/rcw-01rhzohs6sarhhp2xkz1oted/mnt/MVI_Brain_Tumor/images/2637.png,/sessions/rcw-01rhzohs6sarhhp2xkz1oted/mnt/MVI_Brain_Tumor/masks/2637.png
train,/sessions/rcw-01rhzohs6sarhhp2xkz1oted/mnt/MVI_Brain_Tumor/images/2000.png,/sessions/rcw-01rhzohs6sarhhp2xkz1oted/mnt/MVI_Brain_Tumor/masks/2000.png
train,/sessions/rcw-01rhzohs6sarhhp2xkz1oted/mnt/MVI_Brain_Tumor/images/57.png,/sessions/rcw-01rhzohs6sarhhp2xkz1oted/mnt/MVI_Brain_Tumor/masks/57.png
train,/sessions/rcw-01rhzohs6sarhhp2xkz1oted/mnt/MVI_Brain_Tumor/images/1550.png,/sessions/rcw-01rhzohs6sarhhp2xkz1oted/mnt/MVI_Brain_Tumor/masks/1550.png
train,/sessions/rcw-01rhzohs6sarhhp2xkz1oted/mnt/MVI_Brain_Tumor/images/582.png,/sessions/rcw-01rhzohs6sarhhp2xkz1oted/mnt/MVI_Brain_Tumor/masks/582.png
train,/sessions/rcw-01rhzohs6sarhhp2xkz1oted/mnt/MVI_Brain_Tumor/images/2335.png,/sessions/rcw-01rhzohs6sarhhp2xkz1oted/mnt/MVI_Brain_Tumor/masks/2335.png
train,/sessions/rcw-01rhzohs6sarhhp2xkz1oted/mnt/MVI_Brain_Tumor/images/1221.png,/sessions/rcw-01rhzohs6sarhhp2xkz1oted/mnt/MVI_Brain_Tumor/masks/1221.png
train,/sessions/rcw-01rhzohs6sarhhp2xkz1oted/mnt/MVI_Brain_Tumor/images/926.png,/sessions/rcw-01rhzohs6sarhhp2xkz1oted/mnt/MVI_Brain_Tumor/masks/926.png
train,/sessions/rcw-01rhzohs6sarhhp2xkz1oted/mnt/MVI_Brain_Tumor/images/400.png,/sessions/rcw-01rhzohs6sarhhp2xkz1oted/mnt/MVI_Brain_Tumor/masks/400.png
train,/sessions/rcw-01rhzohs6sarhhp2xkz1oted/mnt/MVI_Brain_Tumor/images/2944.png,/sessions/rcw-01rhzohs6sarhhp2xkz1oted/mnt/MVI_Brain_Tumor/masks/2944.png
train,/sessions/rcw-01rhzohs6sarhhp2xkz1oted/mnt/MVI_Brain_Tumor/images/1790.png,/sessions/rcw-01rhzohs6sarhhp2xkz1oted/mnt/MVI_Brain_Tumor/masks/1790.png
train,/sessions/rcw-01rhzohs6sarhhp2xkz1oted/mnt/MVI_Brain_Tumor/images/2445.png,/sessions/rcw-01rhzohs6sarhhp2xkz1oted/mnt/MVI_Brain_Tumor/masks/2445.png
train,/sessions/rcw-01rhzohs6sarhhp2xkz1oted/mnt/MVI_Brain_Tumor/images/2530.png,/sessions/rcw-01rhzohs6sarhhp2xkz1oted/mnt/MVI_Brain_Tumor/masks/2530.png
train,/sessions/rcw-01rhzohs6sarhhp2xkz1oted/mnt/MVI_Brain_Tumor/images/1727.png,/sessions/rcw-01rhzohs6sarhhp2xkz1oted/mnt/MVI_Brain_Tumor/masks/1727.png
train,/sessions/rcw-01rhzohs6sarhhp2xkz1oted/mnt/MVI_Brain_Tumor/images/1067.png,/sessions/rcw-01rhzohs6sarhhp2xkz1oted/mnt/MVI_Brain_Tumor/masks/1067.png
train,/sessions/rcw-01rhzohs6sarhhp2xkz1oted/mnt/MVI_Brain_Tumor/images/688.png,/sessions/rcw-01rhzohs6sarhhp2xkz1oted/mnt/MVI_Brain_Tumor/masks/688.png
train,/sessions/rcw-01rhzohs6sarhhp2xkz1oted/mnt/MVI_Brain_Tumor/images/530.png,/sessions/rcw-01rhzohs6sarhhp2xkz1oted/mnt/MVI_Brain_Tumor/masks/530.png
train,/sessions/rcw-01rhzohs6sarhhp2xkz1oted/mnt/MVI_Brain_Tumor/images/2848.png,/sessions/rcw-01rhzohs6sarhhp2xkz1oted/mnt/MVI_Brain_Tumor/masks/2848.png
train,/sessions/rcw-01rhzohs6sarhhp2xkz1oted/mnt/MVI_Brain_Tumor/images/2289.png,/sessions/rcw-01rhzohs6sarhhp2xkz1oted/mnt/MVI_Brain_Tumor/masks/2289.png
train,/sessions/rcw-01rhzohs6sarhhp2xkz1oted/mnt/MVI_Brain_Tumor/images/499.png,/sessions/rcw-01rhzohs6sarhhp2xkz1oted/mnt/MVI_Brain_Tumor/masks/499.png
train,/sessions/rcw-01rhzohs6sarhhp2xkz1oted/mnt/MVI_Brain_Tumor/images/1678.png,/sessions/rcw-01rhzohs6sarhhp2xkz1oted/mnt/MVI_Brain_Tumor/masks/1678.png
train,/sessions/rcw-01rhzohs6sarhhp2xkz1oted/mnt/MVI_Brain_Tumor/images/1716.png,/sessions/rcw-01rhzohs6sarhhp2xkz1oted/mnt/MVI_Brain_Tumor/masks/1716.png
train,/sessions/rcw-01rhzohs6sarhhp2xkz1oted/mnt/MVI_Brain_Tumor/images/2489.png,/sessions/rcw-01rhzohs6sarhhp2xkz1oted/mnt/MVI_Brain_Tumor/masks/2489.png
train,/sessions/rcw-01rhzohs6sarhhp2xkz1oted/mnt/MVI_Brain_Tumor/images/1167.png,/sessions/rcw-01rhzohs6sarhhp2xkz1oted/mnt/MVI_Brain_Tumor/masks/1167.png
train,/sessions/rcw-01rhzohs6sarhhp2xkz1oted/mnt/MVI_Brain_Tumor/images/1785.png,/sessions/rcw-01rhzohs6sarhhp2xkz1oted/mnt/MVI_Brain_Tumor/masks/1785.png
train,/sessions/rcw-01rhzohs6sarhhp2xkz1oted/mnt/MVI_Brain_Tumor/images/1061.png,/sessions/rcw-01rhzohs6sarhhp2xkz1oted/mnt/MVI_Brain_Tumor/masks/1061.png
train,/sessions/rcw-01rhzohs6sarhhp2xkz1oted/mnt/MVI_Brain_Tumor/images/483.png,/sessions/rcw-01rhzohs6sarhhp2xkz1oted/mnt/MVI_Brain_Tumor/masks/483.png
train,/sessions/rcw-01rhzohs6sarhhp2xkz1oted/mnt/MVI_Brain_Tumor/images/729.png,/sessions/rcw-01rhzohs6sarhhp2xkz1oted/mnt/MVI_Brain_Tumor/masks/729.png
train,/sessions/rcw-01rhzohs6sarhhp2xkz1oted/mnt/MVI_Brain_Tumor/images/2629.png,/sessions/rcw-01rhzohs6sarhhp2xkz1oted/mnt/MVI_Brain_Tumor/masks/2629.png
train,/sessions/rcw-01rhzohs6sarhhp2xkz1oted/mnt/MVI_Brain_Tumor/images/373.png,/sessions/rcw-01rhzohs6sarhhp2xkz1oted/mnt/MVI_Brain_Tumor/masks/373.png
train,/sessions/rcw-01rhzohs6sarhhp2xkz1oted/mnt/MVI_Brain_Tumor/images/1032.png,/sessions/rcw-01rhzohs6sarhhp2xkz1oted/mnt/MVI_Brain_Tumor/masks/1032.png
train,/sessions/rcw-01rhzohs6sarhhp2xkz1oted/mnt/MVI_Brain_Tumor/images/1853.png,/sessions/rcw-01rhzohs6sarhhp2xkz1oted/mnt/MVI_Brain_Tumor/masks/1853.png
train,/sessions/rcw-01rhzohs6sarhhp2xkz1oted/mnt/MVI_Brain_Tumor/images/2641.png,/sessions/rcw-01rhzohs6sarhhp2xkz1oted/mnt/MVI_Brain_Tumor/masks/2641.png
train,/sessions/rcw-01rhzohs6sarhhp2xkz1oted/mnt/MVI_Brain_Tumor/images/1262.png,/sessions/rcw-01rhzohs6sarhhp2xkz1oted/mnt/MVI_Brain_Tumor/masks/1262.png
validation,/sessions/rcw-01rhzohs6sarhhp2xkz1oted/mnt/MVI_Brain_Tumor/images/2452.png,/sessions/rcw-01rhzohs6sarhhp2xkz1oted/mnt/MVI_Brain_Tumor/masks/2452.png
validation,/sessions/rcw-01rhzohs6sarhhp2xkz1oted/mnt/MVI_Brain_Tumor/images/336.png,/sessions/rcw-01rhzohs6sarhhp2xkz1oted/mnt/MVI_Brain_Tumor/masks/336.png
validation,/sessions/rcw-01rhzohs6sarhhp2xkz1oted/mnt/MVI_Brain_Tumor/images/217.png,/sessions/rcw-01rhzohs6sarhhp2xkz1oted/mnt/MVI_Brain_Tumor/masks/217.png
validation,/sessions/rcw-01rhzohs6sarhhp2xkz1oted/mnt/MVI_Brain_Tumor/images/236.png,/sessions/rcw-01rhzohs6sarhhp2xkz1oted/mnt/MVI_Brain_Tumor/masks/236.png
validation,/sessions/rcw-01rhzohs6sarhhp2xkz1oted/mnt/MVI_Brain_Tumor/images/1766.png,/sessions/rcw-01rhzohs6sarhhp2xkz1oted/mnt/MVI_Brain_Tumor/masks/1766.png
validation,/sessions/rcw-01rhzohs6sarhhp2xkz1oted/mnt/MVI_Brain_Tumor/images/2115.png,/sessions/rcw-01rhzohs6sarhhp2xkz1oted/mnt/MVI_Brain_Tumor/masks/2115.png
validation,/sessions/rcw-01rhzohs6sarhhp2xkz1oted/mnt/MVI_Brain_Tumor/images/1615.png,/sessions/rcw-01rhzohs6sarhhp2xkz1oted/mnt/MVI_Brain_Tumor/masks/1615.png
validation,/sessions/rcw-01rhzohs6sarhhp2xkz1oted/mnt/MVI_Brain_Tumor/images/2726.png,/sessions/rcw-01rhzohs6sarhhp2xkz1oted/mnt/MVI_Brain_Tumor/masks/2726.png
validation,/sessions/rcw-01rhzohs6sarhhp2xkz1oted/mnt/MVI_Brain_Tumor/images/824.png,/sessions/rcw-01rhzohs6sarhhp2xkz1oted/mnt/MVI_Brain_Tumor/masks/824.png
validation,/sessions/rcw-01rhzohs6sarhhp2xkz1oted/mnt/MVI_Brain_Tumor/images/2124.png,/sessions/rcw-01rhzohs6sarhhp2xkz1oted/mnt/MVI_Brain_Tumor/masks/2124.png
validation,/sessions/rcw-01rhzohs6sarhhp2xkz1oted/mnt/MVI_Brain_Tumor/images/984.png,/sessions/rcw-01rhzohs6sarhhp2xkz1oted/mnt/MVI_Brain_Tumor/masks/984.png
validation,/sessions/rcw-01rhzohs6sarhhp2xkz1oted/mnt/MVI_Brain_Tumor/images/1672.png,/sessions/rcw-01rhzohs6sarhhp2xkz1oted/mnt/MVI_Brain_Tumor/masks/1672.png
validation,/sessions/rcw-01rhzohs6sarhhp2xkz1oted/mnt/MVI_Brain_Tumor/images/1213.png,/sessions/rcw-01rhzohs6sarhhp2xkz1oted/mnt/MVI_Brain_Tumor/masks/1213.png
validation,/sessions/rcw-01rhzohs6sarhhp2xkz1oted/mnt/MVI_Brain_Tumor/images/418.png,/sessions/rcw-01rhzohs6sarhhp2xkz1oted/mnt/MVI_Brain_Tumor/masks/418.png
validation,/sessions/rcw-01rhzohs6sarhhp2xkz1oted/mnt/MVI_Brain_Tumor/images/1145.png,/sessions/rcw-01rhzohs6sarhhp2xkz1oted/mnt/MVI_Brain_Tumor/masks/1145.png
validation,/sessions/rcw-01rhzohs6sarhhp2xkz1oted/mnt/MVI_Brain_Tumor/images/862.png,/sessions/rcw-01rhzohs6sarhhp2xkz1oted/mnt/MVI_Brain_Tumor/masks/862.png
validation,/sessions/rcw-01rhzohs6sarhhp2xkz1oted/mnt/MVI_Brain_Tumor/images/48.png,/sessions/rcw-01rhzohs6sarhhp2xkz1oted/mnt/MVI_Brain_Tumor/masks/48.png
validation,/sessions/rcw-01rhzohs6sarhhp2xkz1oted/mnt/MVI_Brain_Tumor/images/15.png,/sessions/rcw-01rhzohs6sarhhp2xkz1oted/mnt/MVI_Brain_Tumor/masks/15.png
validation,/sessions/rcw-01rhzohs6sarhhp2xkz1oted/mnt/MVI_Brain_Tumor/images/2677.png,/sessions/rcw-01rhzohs6sarhhp2xkz1oted/mnt/MVI_Brain_Tumor/masks/2677.png
validation,/sessions/rcw-01rhzohs6sarhhp2xkz1oted/mnt/MVI_Brain_Tumor/images/1573.png,/sessions/rcw-01rhzohs6sarhhp2xkz1oted/mnt/MVI_Brain_Tumor/masks/1573.png
validation,/sessions/rcw-01rhzohs6sarhhp2xkz1oted/mnt/MVI_Brain_Tumor/images/2878.png,/sessions/rcw-01rhzohs6sarhhp2xkz1oted/mnt/MVI_Brain_Tumor/masks/2878.png
validation,/sessions/rcw-01rhzohs6sarhhp2xkz1oted/mnt/MVI_Brain_Tumor/images/1300.png,/sessions/rcw-01rhzohs6sarhhp2xkz1oted/mnt/MVI_Brain_Tumor/masks/1300.png
validation,/sessions/rcw-01rhzohs6sarhhp2xkz1oted/mnt/MVI_Brain_Tumor/images/1161.png,/sessions/rcw-01rhzohs6sarhhp2xkz1oted/mnt/MVI_Brain_Tumor/masks/1161.png
validation,/sessions/rcw-01rhzohs6sarhhp2xkz1oted/mnt/MVI_Brain_Tumor/images/908.png,/sessions/rcw-01rhzohs6sarhhp2xkz1oted/mnt/MVI_Brain_Tumor/masks/908.png
validation,/sessions/rcw-01rhzohs6sarhhp2xkz1oted/mnt/MVI_Brain_Tumor/images/881.png,/sessions/rcw-01rhzohs6sarhhp2xkz1oted/mnt/MVI_Brain_Tumor/masks/881.png
validation,/sessions/rcw-01rhzohs6sarhhp2xkz1oted/mnt/MVI_Brain_Tumor/images/591.png,/sessions/rcw-01rhzohs6sarhhp2xkz1oted/mnt/MVI_Brain_Tumor/masks/591.png
validation,/sessions/rcw-01rhzohs6sarhhp2xkz1oted/mnt/MVI_Brain_Tumor/images/327.png,/sessions/rcw-01rhzohs6sarhhp2xkz1oted/mnt/MVI_Brain_Tumor/masks/327.png
validation,/sessions/rcw-01rhzohs6sarhhp2xkz1oted/mnt/MVI_Brain_Tumor/images/1180.png,/sessions/rcw-01rhzohs6sarhhp2xkz1oted/mnt/MVI_Brain_Tumor/masks/1180.png
validation,/sessions/rcw-01rhzohs6sarhhp2xkz1oted/mnt/MVI_Brain_Tumor/images/812.png,/sessions/rcw-01rhzohs6sarhhp2xkz1oted/mnt/MVI_Brain_Tumor/masks/812.png
validation,/sessions/rcw-01rhzohs6sarhhp2xkz1oted/mnt/MVI_Brain_Tumor/images/1280.png,/sessions/rcw-01rhzohs6sarhhp2xkz1oted/mnt/MVI_Brain_Tumor/masks/1280.png
validation,/sessions/rcw-01rhzohs6sarhhp2xkz1oted/mnt/MVI_Brain_Tumor/images/1681.png,/sessions/rcw-01rhzohs6sarhhp2xkz1oted/mnt/MVI_Brain_Tumor/masks/1681.png
validation,/sessions/rcw-01rhzohs6sarhhp2xkz1oted/mnt/MVI_Brain_Tumor/images/311.png,/sessions/rcw-01rhzohs6sarhhp2xkz1oted/mnt/MVI_Brain_Tumor/masks/311.png
validation,/sessions/rcw-01rhzohs6sarhhp2xkz1oted/mnt/MVI_Brain_Tumor/images/2805.png,/sessions/rcw-01rhzohs6sarhhp2xkz1oted/mnt/MVI_Brain_Tumor/masks/2805.png
validation,/sessions/rcw-01rhzohs6sarhhp2xkz1oted/mnt/MVI_Brain_Tumor/images/256.png,/sessions/rcw-01rhzohs6sarhhp2xkz1oted/mnt/MVI_Brain_Tumor/masks/256.png
validation,/sessions/rcw-01rhzohs6sarhhp2xkz1oted/mnt/MVI_Brain_Tumor/images/2291.png,/sessions/rcw-01rhzohs6sarhhp2xkz1oted/mnt/MVI_Brain_Tumor/masks/2291.png
validation,/sessions/rcw-01rhzohs6sarhhp2xkz1oted/mnt/MVI_Brain_Tumor/images/848.png,/sessions/rcw-01rhzohs6sarhhp2xkz1oted/mnt/MVI_Brain_Tumor/masks/848.png
validation,/sessions/rcw-01rhzohs6sarhhp2xkz1oted/mnt/MVI_Brain_Tumor/images/1160.png,/sessions/rcw-01rhzohs6sarhhp2xkz1oted/mnt/MVI_Brain_Tumor/masks/1160.png
validation,/sessions/rcw-01rhzohs6sarhhp2xkz1oted/mnt/MVI_Brain_Tumor/images/2597.png,/sessions/rcw-01rhzohs6sarhhp2xkz1oted/mnt/MVI_Brain_Tumor/masks/2597.png
validation,/sessions/rcw-01rhzohs6sarhhp2xkz1oted/mnt/MVI_Brain_Tumor/images/3004.png,/sessions/rcw-01rhzohs6sarhhp2xkz1oted/mnt/MVI_Brain_Tumor/masks/3004.png
validation,/sessions/rcw-01rhzohs6sarhhp2xkz1oted/mnt/MVI_Brain_Tumor/images/1828.png,/sessions/rcw-01rhzohs6sarhhp2xkz1oted/mnt/MVI_Brain_Tumor/masks/1828.png
validation,/sessions/rcw-01rhzohs6sarhhp2xkz1oted/mnt/MVI_Brain_Tumor/images/2577.png,/sessions/rcw-01rhzohs6sarhhp2xkz1oted/mnt/MVI_Brain_Tumor/masks/2577.png
validation,/sessions/rcw-01rhzohs6sarhhp2xkz1oted/mnt/MVI_Brain_Tumor/images/3023.png,/sessions/rcw-01rhzohs6sarhhp2xkz1oted/mnt/MVI_Brain_Tumor/masks/3023.png
validation,/sessions/rcw-01rhzohs6sarhhp2xkz1oted/mnt/MVI_Brain_Tumor/images/408.png,/sessions/rcw-01rhzohs6sarhhp2xkz1oted/mnt/MVI_Brain_Tumor/masks/408.png
validation,/sessions/rcw-01rhzohs6sarhhp2xkz1oted/mnt/MVI_Brain_Tumor/images/2733.png,/sessions/rcw-01rhzohs6sarhhp2xkz1oted/mnt/MVI_Brain_Tumor/masks/2733.png
validation,/sessions/rcw-01rhzohs6sarhhp2xkz1oted/mnt/MVI_Brain_Tumor/images/389.png,/sessions/rcw-01rhzohs6sarhhp2xkz1oted/mnt/MVI_Brain_Tumor/masks/389.png
validation,/sessions/rcw-01rhzohs6sarhhp2xkz1oted/mnt/MVI_Brain_Tumor/images/1538.png,/sessions/rcw-01rhzohs6sarhhp2xkz1oted/mnt/MVI_Brain_Tumor/masks/1538.png
validation,/sessions/rcw-01rhzohs6sarhhp2xkz1oted/mnt/MVI_Brain_Tumor/images/29.png,/sessions/rcw-01rhzohs6sarhhp2xkz1oted/mnt/MVI_Brain_Tumor/masks/29.png
validation,/sessions/rcw-01rhzohs6sarhhp2xkz1oted/mnt/MVI_Brain_Tumor/images/146.png,/sessions/rcw-01rhzohs6sarhhp2xkz1oted/mnt/MVI_Brain_Tumor/masks/146.png
validation,/sessions/rcw-01rhzohs6sarhhp2xkz1oted/mnt/MVI_Brain_Tumor/images/2652.png,/sessions/rcw-01rhzohs6sarhhp2xkz1oted/mnt/MVI_Brain_Tumor/masks/2652.png
validation,/sessions/rcw-01rhzohs6sarhhp2xkz1oted/mnt/MVI_Brain_Tumor/images/1838.png,/sessions/rcw-01rhzohs6sarhhp2xkz1oted/mnt/MVI_Brain_Tumor/masks/1838.png
validation,/sessions/rcw-01rhzohs6sarhhp2xkz1oted/mnt/MVI_Brain_Tumor/images/182.png,/sessions/rcw-01rhzohs6sarhhp2xkz1oted/mnt/MVI_Brain_Tumor/masks/182.png
validation,/sessions/rcw-01rhzohs6sarhhp2xkz1oted/mnt/MVI_Brain_Tumor/images/1549.png,/sessions/rcw-01rhzohs6sarhhp2xkz1oted/mnt/MVI_Brain_Tumor/masks/1549.png
validation,/sessions/rcw-01rhzohs6sarhhp2xkz1oted/mnt/MVI_Brain_Tumor/images/966.png,/sessions/rcw-01rhzohs6sarhhp2xkz1oted/mnt/MVI_Brain_Tumor/masks/966.png
validation,/sessions/rcw-01rhzohs6sarhhp2xkz1oted/mnt/MVI_Brain_Tumor/images/1369.png,/sessions/rcw-01rhzohs6sarhhp2xkz1oted/mnt/MVI_Brain_Tumor/masks/1369.png
validation,/sessions/rcw-01rhzohs6sarhhp2xkz1oted/mnt/MVI_Brain_Tumor/images/1909.png,/sessions/rcw-01rhzohs6sarhhp2xkz1oted/mnt/MVI_Brain_Tumor/masks/1909.png
validation,/sessions/rcw-01rhzohs6sarhhp2xkz1oted/mnt/MVI_Brain_Tumor/images/2400.png,/sessions/rcw-01rhzohs6sarhhp2xkz1oted/mnt/MVI_Brain_Tumor/masks/2400.png
validation,/sessions/rcw-01rhzohs6sarhhp2xkz1oted/mnt/MVI_Brain_Tumor/images/1834.png,/sessions/rcw-01rhzohs6sarhhp2xkz1oted/mnt/MVI_Brain_Tumor/masks/1834.png
validation,/sessions/rcw-01rhzohs6sarhhp2xkz1oted/mnt/MVI_Brain_Tumor/images/1168.png,/sessions/rcw-01rhzohs6sarhhp2xkz1oted/mnt/MVI_Brain_Tumor/masks/1168.png
validation,/sessions/rcw-01rhzohs6sarhhp2xkz1oted/mnt/MVI_Brain_Tumor/images/3052.png,/sessions/rcw-01rhzohs6sarhhp2xkz1oted/mnt/MVI_Brain_Tumor/masks/3052.png
validation,/sessions/rcw-01rhzohs6sarhhp2xkz1oted/mnt/MVI_Brain_Tumor/images/1219.png,/sessions/rcw-01rhzohs6sarhhp2xkz1oted/mnt/MVI_Brain_Tumor/masks/1219.png
validation,/sessions/rcw-01rhzohs6sarhhp2xkz1oted/mnt/MVI_Brain_Tumor/images/1365.png,/sessions/rcw-01rhzohs6sarhhp2xkz1oted/mnt/MVI_Brain_Tumor/masks/1365.png
validation,/sessions/rcw-01rhzohs6sarhhp2xkz1oted/mnt/MVI_Brain_Tumor/images/468.png,/sessions/rcw-01rhzohs6sarhhp2xkz1oted/mnt/MVI_Brain_Tumor/masks/468.png
validation,/sessions/rcw-01rhzohs6sarhhp2xkz1oted/mnt/MVI_Brain_Tumor/images/167.png,/sessions/rcw-01rhzohs6sarhhp2xkz1oted/mnt/MVI_Brain_Tumor/masks/167.png
validation,/sessions/rcw-01rhzohs6sarhhp2xkz1oted/mnt/MVI_Brain_Tumor/images/1214.png,/sessions/rcw-01rhzohs6sarhhp2xkz1oted/mnt/MVI_Brain_Tumor/masks/1214.png
validation,/sessions/rcw-01rhzohs6sarhhp2xkz1oted/mnt/MVI_Brain_Tumor/images/1437.png,/sessions/rcw-01rhzohs6sarhhp2xkz1oted/mnt/MVI_Brain_Tumor/masks/1437.png
validation,/sessions/rcw-01rhzohs6sarhhp2xkz1oted/mnt/MVI_Brain_Tumor/images/1043.png,/sessions/rcw-01rhzohs6sarhhp2xkz1oted/mnt/MVI_Brain_Tumor/masks/1043.png
validation,/sessions/rcw-01rhzohs6sarhhp2xkz1oted/mnt/MVI_Brain_Tumor/images/1880.png,/sessions/rcw-01rhzohs6sarhhp2xkz1oted/mnt/MVI_Brain_Tumor/masks/1880.png
validation,/sessions/rcw-01rhzohs6sarhhp2xkz1oted/mnt/MVI_Brain_Tumor/images/1874.png,/sessions/rcw-01rhzohs6sarhhp2xkz1oted/mnt/MVI_Brain_Tumor/masks/1874.png
validation,/sessions/rcw-01rhzohs6sarhhp2xkz1oted/mnt/MVI_Brain_Tumor/images/419.png,/sessions/rcw-01rhzohs6sarhhp2xkz1oted/mnt/MVI_Brain_Tumor/masks/419.png
validation,/sessions/rcw-01rhzohs6sarhhp2xkz1oted/mnt/MVI_Brain_Tumor/images/1831.png,/sessions/rcw-01rhzohs6sarhhp2xkz1oted/mnt/MVI_Brain_Tumor/masks/1831.png
validation,/sessions/rcw-01rhzohs6sarhhp2xkz1oted/mnt/MVI_Brain_Tumor/images/240.png,/sessions/rcw-01rhzohs6sarhhp2xkz1oted/mnt/MVI_Brain_Tumor/masks/240.png
validation,/sessions/rcw-01rhzohs6sarhhp2xkz1oted/mnt/MVI_Brain_Tumor/images/95.png,/sessions/rcw-01rhzohs6sarhhp2xkz1oted/mnt/MVI_Brain_Tumor/masks/95.png
validation,/sessions/rcw-01rhzohs6sarhhp2xkz1oted/mnt/MVI_Brain_Tumor/images/2594.png,/sessions/rcw-01rhzohs6sarhhp2xkz1oted/mnt/MVI_Brain_Tumor/masks/2594.png
validation,/sessions/rcw-01rhzohs6sarhhp2xkz1oted/mnt/MVI_Brain_Tumor/images/98.png,/sessions/rcw-01rhzohs6sarhhp2xkz1oted/mnt/MVI_Brain_Tumor/masks/98.png
validation,/sessions/rcw-01rhzohs6sarhhp2xkz1oted/mnt/MVI_Brain_Tumor/images/1805.png,/sessions/rcw-01rhzohs6sarhhp2xkz1oted/mnt/MVI_Brain_Tumor/masks/1805.png
validation,/sessions/rcw-01rhzohs6sarhhp2xkz1oted/mnt/MVI_Brain_Tumor/images/1739.png,/sessions/rcw-01rhzohs6sarhhp2xkz1oted/mnt/MVI_Brain_Tumor/masks/1739.png
validation,/sessions/rcw-01rhzohs6sarhhp2xkz1oted/mnt/MVI_Brain_Tumor/images/88.png,/sessions/rcw-01rhzohs6sarhhp2xkz1oted/mnt/MVI_Brain_Tumor/masks/88.png
validation,/sessions/rcw-01rhzohs6sarhhp2xkz1oted/mnt/MVI_Brain_Tumor/images/416.png,/sessions/rcw-01rhzohs6sarhhp2xkz1oted/mnt/MVI_Brain_Tumor/masks/416.png
validation,/sessions/rcw-01rhzohs6sarhhp2xkz1oted/mnt/MVI_Brain_Tumor/images/2673.png,/sessions/rcw-01rhzohs6sarhhp2xkz1oted/mnt/MVI_Brain_Tumor/masks/2673.png
validation,/sessions/rcw-01rhzohs6sarhhp2xkz1oted/mnt/MVI_Brain_Tumor/images/2492.png,/sessions/rcw-01rhzohs6sarhhp2xkz1oted/mnt/MVI_Brain_Tumor/masks/2492.png
validation,/sessions/rcw-01rhzohs6sarhhp2xkz1oted/mnt/MVI_Brain_Tumor/images/112.png,/sessions/rcw-01rhzohs6sarhhp2xkz1oted/mnt/MVI_Brain_Tumor/masks/112.png
validation,/sessions/rcw-01rhzohs6sarhhp2xkz1oted/mnt/MVI_Brain_Tumor/images/2899.png,/sessions/rcw-01rhzohs6sarhhp2xkz1oted/mnt/MVI_Brain_Tumor/masks/2899.png
validation,/sessions/rcw-01rhzohs6sarhhp2xkz1oted/mnt/MVI_Brain_Tumor/images/280.png,/sessions/rcw-01rhzohs6sarhhp2xkz1oted/mnt/MVI_Brain_Tumor/masks/280.png
validation,/sessions/rcw-01rhzohs6sarhhp2xkz1oted/mnt/MVI_Brain_Tumor/images/705.png,/sessions/rcw-01rhzohs6sarhhp2xkz1oted/mnt/MVI_Brain_Tumor/masks/705.png
validation,/sessions/rcw-01rhzohs6sarhhp2xkz1oted/mnt/MVI_Brain_Tumor/images/1192.png,/sessions/rcw-01rhzohs6sarhhp2xkz1oted/mnt/MVI_Brain_Tumor/masks/1192.png
validation,/sessions/rcw-01rhzohs6sarhhp2xkz1oted/mnt/MVI_Brain_Tumor/images/243.png,/sessions/rcw-01rhzohs6sarhhp2xkz1oted/mnt/MVI_Brain_Tumor/masks/243.png
validation,/sessions/rcw-01rhzohs6sarhhp2xkz1oted/mnt/MVI_Brain_Tumor/images/449.png,/sessions/rcw-01rhzohs6sarhhp2xkz1oted/mnt/MVI_Brain_Tumor/masks/449.png
validation,/sessions/rcw-01rhzohs6sarhhp2xkz1oted/mnt/MVI_Brain_Tumor/images/40.png,/sessions/rcw-01rhzohs6sarhhp2xkz1oted/mnt/MVI_Brain_Tumor/masks/40.png
validation,/sessions/rcw-01rhzohs6sarhhp2xkz1oted/mnt/MVI_Brain_Tumor/images/2828.png,/sessions/rcw-01rhzohs6sarhhp2xkz1oted/mnt/MVI_Brain_Tumor/masks/2828.png
validation,/sessions/rcw-01rhzohs6sarhhp2xkz1oted/mnt/MVI_Brain_Tumor/images/2857.png,/sessions/rcw-01rhzohs6sarhhp2xkz1oted/mnt/MVI_Brain_Tumor/masks/2857.png
validation,/sessions/rcw-01rhzohs6sarhhp2xkz1oted/mnt/MVI_Brain_Tumor/images/2987.png,/sessions/rcw-01rhzohs6sarhhp2xkz1oted/mnt/MVI_Brain_Tumor/masks/2987.png
validation,/sessions/rcw-01rhzohs6sarhhp2xkz1oted/mnt/MVI_Brain_Tumor/images/1945.png,/sessions/rcw-01rhzohs6sarhhp2xkz1oted/mnt/MVI_Brain_Tumor/masks/1945.png
validation,/sessions/rcw-01rhzohs6sarhhp2xkz1oted/mnt/MVI_Brain_Tumor/images/466.png,/sessions/rcw-01rhzohs6sarhhp2xkz1oted/mnt/MVI_Brain_Tumor/masks/466.png
validation,/sessions/rcw-01rhzohs6sarhhp2xkz1oted/mnt/MVI_Brain_Tumor/images/823.png,/sessions/rcw-01rhzohs6sarhhp2xkz1oted/mnt/MVI_Brain_Tumor/masks/823.png
validation,/sessions/rcw-01rhzohs6sarhhp2xkz1oted/mnt/MVI_Brain_Tumor/images/1933.png,/sessions/rcw-01rhzohs6sarhhp2xkz1oted/mnt/MVI_Brain_Tumor/masks/1933.png
validation,/sessions/rcw-01rhzohs6sarhhp2xkz1oted/mnt/MVI_Brain_Tumor/images/237.png,/sessions/rcw-01rhzohs6sarhhp2xkz1oted/mnt/MVI_Brain_Tumor/masks/237.png
validation,/sessions/rcw-01rhzohs6sarhhp2xkz1oted/mnt/MVI_Brain_Tumor/images/1319.png,/sessions/rcw-01rhzohs6sarhhp2xkz1oted/mnt/MVI_Brain_Tumor/masks/1319.png
validation,/sessions/rcw-01rhzohs6sarhhp2xkz1oted/mnt/MVI_Brain_Tumor/images/3049.png,/sessions/rcw-01rhzohs6sarhhp2xkz1oted/mnt/MVI_Brain_Tumor/masks/3049.png
validation,/sessions/rcw-01rhzohs6sarhhp2xkz1oted/mnt/MVI_Brain_Tumor/images/1347.png,/sessions/rcw-01rhzohs6sarhhp2xkz1oted/mnt/MVI_Brain_Tumor/masks/1347.png
validation,/sessions/rcw-01rhzohs6sarhhp2xkz1oted/mnt/MVI_Brain_Tumor/images/2383.png,/sessions/rcw-01rhzohs6sarhhp2xkz1oted/mnt/MVI_Brain_Tumor/masks/2383.png
validation,/sessions/rcw-01rhzohs6sarhhp2xkz1oted/mnt/MVI_Brain_Tumor/images/2430.png,/sessions/rcw-01rhzohs6sarhhp2xkz1oted/mnt/MVI_Brain_Tumor/masks/2430.png
validation,/sessions/rcw-01rhzohs6sarhhp2xkz1oted/mnt/MVI_Brain_Tumor/images/2838.png,/sessions/rcw-01rhzohs6sarhhp2xkz1oted/mnt/MVI_Brain_Tumor/masks/2838.png
validation,/sessions/rcw-01rhzohs6sarhhp2xkz1oted/mnt/MVI_Brain_Tumor/images/1018.png,/sessions/rcw-01rhzohs6sarhhp2xkz1oted/mnt/MVI_Brain_Tumor/masks/1018.png
validation,/sessions/rcw-01rhzohs6sarhhp2xkz1oted/mnt/MVI_Brain_Tumor/images/793.png,/sessions/rcw-01rhzohs6sarhhp2xkz1oted/mnt/MVI_Brain_Tumor/masks/793.png
validation,/sessions/rcw-01rhzohs6sarhhp2xkz1oted/mnt/MVI_Brain_Tumor/images/2201.png,/sessions/rcw-01rhzohs6sarhhp2xkz1oted/mnt/MVI_Brain_Tumor/masks/2201.png
validation,/sessions/rcw-01rhzohs6sarhhp2xkz1oted/mnt/MVI_Brain_Tumor/images/1845.png,/sessions/rcw-01rhzohs6sarhhp2xkz1oted/mnt/MVI_Brain_Tumor/masks/1845.png
validation,/sessions/rcw-01rhzohs6sarhhp2xkz1oted/mnt/MVI_Brain_Tumor/images/882.png,/sessions/rcw-01rhzohs6sarhhp2xkz1oted/mnt/MVI_Brain_Tumor/masks/882.png
validation,/sessions/rcw-01rhzohs6sarhhp2xkz1oted/mnt/MVI_Brain_Tumor/images/200.png,/sessions/rcw-01rhzohs6sarhhp2xkz1oted/mnt/MVI_Brain_Tumor/masks/200.png
validation,/sessions/rcw-01rhzohs6sarhhp2xkz1oted/mnt/MVI_Brain_Tumor/images/775.png,/sessions/rcw-01rhzohs6sarhhp2xkz1oted/mnt/MVI_Brain_Tumor/masks/775.png
validation,/sessions/rcw-01rhzohs6sarhhp2xkz1oted/mnt/MVI_Brain_Tumor/images/585.png,/sessions/rcw-01rhzohs6sarhhp2xkz1oted/mnt/MVI_Brain_Tumor/masks/585.png
validation,/sessions/rcw-01rhzohs6sarhhp2xkz1oted/mnt/MVI_Brain_Tumor/images/515.png,/sessions/rcw-01rhzohs6sarhhp2xkz1oted/mnt/MVI_Brain_Tumor/masks/515.png
validation,/sessions/rcw-01rhzohs6sarhhp2xkz1oted/mnt/MVI_Brain_Tumor/images/2224.png,/sessions/rcw-01rhzohs6sarhhp2xkz1oted/mnt/MVI_Brain_Tumor/masks/2224.png
validation,/sessions/rcw-01rhzohs6sarhhp2xkz1oted/mnt/MVI_Brain_Tumor/images/868.png,/sessions/rcw-01rhzohs6sarhhp2xkz1oted/mnt/MVI_Brain_Tumor/masks/868.png
validation,/sessions/rcw-01rhzohs6sarhhp2xkz1oted/mnt/MVI_Brain_Tumor/images/656.png,/sessions/rcw-01rhzohs6sarhhp2xkz1oted/mnt/MVI_Brain_Tumor/masks/656.png
validation,/sessions/rcw-01rhzohs6sarhhp2xkz1oted/mnt/MVI_Brain_Tumor/images/1034.png,/sessions/rcw-01rhzohs6sarhhp2xkz1oted/mnt/MVI_Brain_Tumor/masks/1034.png
validation,/sessions/rcw-01rhzohs6sarhhp2xkz1oted/mnt/MVI_Brain_Tumor/images/118.png,/sessions/rcw-01rhzohs6sarhhp2xkz1oted/mnt/MVI_Brain_Tumor/masks/118.png
validation,/sessions/rcw-01rhzohs6sarhhp2xkz1oted/mnt/MVI_Brain_Tumor/images/2385.png,/sessions/rcw-01rhzohs6sarhhp2xkz1oted/mnt/MVI_Brain_Tumor/masks/2385.png
validation,/sessions/rcw-01rhzohs6sarhhp2xkz1oted/mnt/MVI_Brain_Tumor/images/579.png,/sessions/rcw-01rhzohs6sarhhp2xkz1oted/mnt/MVI_Brain_Tumor/masks/579.png
validation,/sessions/rcw-01rhzohs6sarhhp2xkz1oted/mnt/MVI_Brain_Tumor/images/2939.png,/sessions/rcw-01rhzohs6sarhhp2xkz1oted/mnt/MVI_Brain_Tumor/masks/2939.png
validation,/sessions/rcw-01rhzohs6sarhhp2xkz1oted/mnt/MVI_Brain_Tumor/images/2511.png,/sessions/rcw-01rhzohs6sarhhp2xkz1oted/mnt/MVI_Brain_Tumor/masks/2511.png
validation,/sessions/rcw-01rhzohs6sarhhp2xkz1oted/mnt/MVI_Brain_Tumor/images/1531.png,/sessions/rcw-01rhzohs6sarhhp2xkz1oted/mnt/MVI_Brain_Tumor/masks/1531.png
validation,/sessions/rcw-01rhzohs6sarhhp2xkz1oted/mnt/MVI_Brain_Tumor/images/1879.png,/sessions/rcw-01rhzohs6sarhhp2xkz1oted/mnt/MVI_Brain_Tumor/masks/1879.png
validation,/sessions/rcw-01rhzohs6sarhhp2xkz1oted/mnt/MVI_Brain_Tumor/images/55.png,/sessions/rcw-01rhzohs6sarhhp2xkz1oted/mnt/MVI_Brain_Tumor/masks/55.png
validation,/sessions/rcw-01rhzohs6sarhhp2xkz1oted/mnt/MVI_Brain_Tumor/images/901.png,/sessions/rcw-01rhzohs6sarhhp2xkz1oted/mnt/MVI_Brain_Tumor/masks/901.png
validation,/sessions/rcw-01rhzohs6sarhhp2xkz1oted/mnt/MVI_Brain_Tumor/images/2319.png,/sessions/rcw-01rhzohs6sarhhp2xkz1oted/mnt/MVI_Brain_Tumor/masks/2319.png
validation,/sessions/rcw-01rhzohs6sarhhp2xkz1oted/mnt/MVI_Brain_Tumor/images/535.png,/sessions/rcw-01rhzohs6sarhhp2xkz1oted/mnt/MVI_Brain_Tumor/masks/535.png
validation,/sessions/rcw-01rhzohs6sarhhp2xkz1oted/mnt/MVI_Brain_Tumor/images/2592.png,/sessions/rcw-01rhzohs6sarhhp2xkz1oted/mnt/MVI_Brain_Tumor/masks/2592.png
validation,/sessions/rcw-01rhzohs6sarhhp2xkz1oted/mnt/MVI_Brain_Tumor/images/1460.png,/sessions/rcw-01rhzohs6sarhhp2xkz1oted/mnt/MVI_Brain_Tumor/masks/1460.png
validation,/sessions/rcw-01rhzohs6sarhhp2xkz1oted/mnt/MVI_Brain_Tumor/images/2141.png,/sessions/rcw-01rhzohs6sarhhp2xkz1oted/mnt/MVI_Brain_Tumor/masks/2141.png
validation,/sessions/rcw-01rhzohs6sarhhp2xkz1oted/mnt/MVI_Brain_Tumor/images/2862.png,/sessions/rcw-01rhzohs6sarhhp2xkz1oted/mnt/MVI_Brain_Tumor/masks/2862.png
validation,/sessions/rcw-01rhzohs6sarhhp2xkz1oted/mnt/MVI_Brain_Tumor/images/2589.png,/sessions/rcw-01rhzohs6sarhhp2xkz1oted/mnt/MVI_Brain_Tumor/masks/2589.png
validation,/sessions/rcw-01rhzohs6sarhhp2xkz1oted/mnt/MVI_Brain_Tumor/images/1164.png,/sessions/rcw-01rhzohs6sarhhp2xkz1oted/mnt/MVI_Brain_Tumor/masks/1164.png
validation,/sessions/rcw-01rhzohs6sarhhp2xkz1oted/mnt/MVI_Brain_Tumor/images/1546.png,/sessions/rcw-01rhzohs6sarhhp2xkz1oted/mnt/MVI_Brain_Tumor/masks/1546.png
validation,/sessions/rcw-01rhzohs6sarhhp2xkz1oted/mnt/MVI_Brain_Tumor/images/2356.png,/sessions/rcw-01rhzohs6sarhhp2xkz1oted/mnt/MVI_Brain_Tumor/masks/2356.png
validation,/sessions/rcw-01rhzohs6sarhhp2xkz1oted/mnt/MVI_Brain_Tumor/images/435.png,/sessions/rcw-01rhzohs6sarhhp2xkz1oted/mnt/MVI_Brain_Tumor/masks/435.png
validation,/sessions/rcw-01rhzohs6sarhhp2xkz1oted/mnt/MVI_Brain_Tumor/images/1200.png,/sessions/rcw-01rhzohs6sarhhp2xkz1oted/mnt/MVI_Brain_Tumor/masks/1200.png
validation,/sessions/rcw-01rhzohs6sarhhp2xkz1oted/mnt/MVI_Brain_Tumor/images/2343.png,/sessions/rcw-01rhzohs6sarhhp2xkz1oted/mnt/MVI_Brain_Tumor/masks/2343.png
validation,/sessions/rcw-01rhzohs6sarhhp2xkz1oted/mnt/MVI_Brain_Tumor/images/2308.png,/sessions/rcw-01rhzohs6sarhhp2xkz1oted/mnt/MVI_Brain_Tumor/masks/2308.png
validation,/sessions/rcw-01rhzohs6sarhhp2xkz1oted/mnt/MVI_Brain_Tumor/images/1991.png,/sessions/rcw-01rhzohs6sarhhp2xkz1oted/mnt/MVI_Brain_Tumor/masks/1991.png
validation,/sessions/rcw-01rhzohs6sarhhp2xkz1oted/mnt/MVI_Brain_Tumor/images/911.png,/sessions/rcw-01rhzohs6sarhhp2xkz1oted/mnt/MVI_Brain_Tumor/masks/911.png
validation,/sessions/rcw-01rhzohs6sarhhp2xkz1oted/mnt/MVI_Brain_Tumor/images/2086.png,/sessions/rcw-01rhzohs6sarhhp2xkz1oted/mnt/MVI_Brain_Tumor/masks/2086.png
validation,/sessions/rcw-01rhzohs6sarhhp2xkz1oted/mnt/MVI_Brain_Tumor/images/1771.png,/sessions/rcw-01rhzohs6sarhhp2xkz1oted/mnt/MVI_Brain_Tumor/masks/1771.png
validation,/sessions/rcw-01rhzohs6sarhhp2xkz1oted/mnt/MVI_Brain_Tumor/images/1040.png,/sessions/rcw-01rhzohs6sarhhp2xkz1oted/mnt/MVI_Brain_Tumor/masks/1040.png
validation,/sessions/rcw-01rhzohs6sarhhp2xkz1oted/mnt/MVI_Brain_Tumor/images/572.png,/sessions/rcw-01rhzohs6sarhhp2xkz1oted/mnt/MVI_Brain_Tumor/masks/572.png
validation,/sessions/rcw-01rhzohs6sarhhp2xkz1oted/mnt/MVI_Brain_Tumor/images/548.png,/sessions/rcw-01rhzohs6sarhhp2xkz1oted/mnt/MVI_Brain_Tumor/masks/548.png
validation,/sessions/rcw-01rhzohs6sarhhp2xkz1oted/mnt/MVI_Brain_Tumor/images/2814.png,/sessions/rcw-01rhzohs6sarhhp2xkz1oted/mnt/MVI_Brain_Tumor/masks/2814.png
validation,/sessions/rcw-01rhzohs6sarhhp2xkz1oted/mnt/MVI_Brain_Tumor/images/2045.png,/sessions/rcw-01rhzohs6sarhhp2xkz1oted/mnt/MVI_Brain_Tumor/masks/2045.png
validation,/sessions/rcw-01rhzohs6sarhhp2xkz1oted/mnt/MVI_Brain_Tumor/images/1620.png,/sessions/rcw-01rhzohs6sarhhp2xkz1oted/mnt/MVI_Brain_Tumor/masks/1620.png
validation,/sessions/rcw-01rhzohs6sarhhp2xkz1oted/mnt/MVI_Brain_Tumor/images/360.png,/sessions/rcw-01rhzohs6sarhhp2xkz1oted/mnt/MVI_Brain_Tumor/masks/360.png
validation,/sessions/rcw-01rhzohs6sarhhp2xkz1oted/mnt/MVI_Brain_Tumor/images/2958.png,/sessions/rcw-01rhzohs6sarhhp2xkz1oted/mnt/MVI_Brain_Tumor/masks/2958.png
validation,/sessions/rcw-01rhzohs6sarhhp2xkz1oted/mnt/MVI_Brain_Tumor/images/1584.png,/sessions/rcw-01rhzohs6sarhhp2xkz1oted/mnt/MVI_Brain_Tumor/masks/1584.png
validation,/sessions/rcw-01rhzohs6sarhhp2xkz1oted/mnt/MVI_Brain_Tumor/images/3009.png,/sessions/rcw-01rhzohs6sarhhp2xkz1oted/mnt/MVI_Brain_Tumor/masks/3009.png
validation,/sessions/rcw-01rhzohs6sarhhp2xkz1oted/mnt/MVI_Brain_Tumor/images/1660.png,/sessions/rcw-01rhzohs6sarhhp2xkz1oted/mnt/MVI_Brain_Tumor/masks/1660.png
validation,/sessions/rcw-01rhzohs6sarhhp2xkz1oted/mnt/MVI_Brain_Tumor/images/2066.png,/sessions/rcw-01rhzohs6sarhhp2xkz1oted/mnt/MVI_Brain_Tumor/masks/2066.png
validation,/sessions/rcw-01rhzohs6sarhhp2xkz1oted/mnt/MVI_Brain_Tumor/images/1238.png,/sessions/rcw-01rhzohs6sarhhp2xkz1oted/mnt/MVI_Brain_Tumor/masks/1238.png
validation,/sessions/rcw-01rhzohs6sarhhp2xkz1oted/mnt/MVI_Brain_Tumor/images/2266.png,/sessions/rcw-01rhzohs6sarhhp2xkz1oted/mnt/MVI_Brain_Tumor/masks/2266.png
validation,/sessions/rcw-01rhzohs6sarhhp2xkz1oted/mnt/MVI_Brain_Tumor/images/1997.png,/sessions/rcw-01rhzohs6sarhhp2xkz1oted/mnt/MVI_Brain_Tumor/masks/1997.png
validation,/sessions/rcw-01rhzohs6sarhhp2xkz1oted/mnt/MVI_Brain_Tumor/images/736.png,/sessions/rcw-01rhzohs6sarhhp2xkz1oted/mnt/MVI_Brain_Tumor/masks/736.png
validation,/sessions/rcw-01rhzohs6sarhhp2xkz1oted/mnt/MVI_Brain_Tumor/images/2315.png,/sessions/rcw-01rhzohs6sarhhp2xkz1oted/mnt/MVI_Brain_Tumor/masks/2315.png
validation,/sessions/rcw-01rhzohs6sarhhp2xkz1oted/mnt/MVI_Brain_Tumor/images/2379.png,/sessions/rcw-01rhzohs6sarhhp2xkz1oted/mnt/MVI_Brain_Tumor/masks/2379.png
validation,/sessions/rcw-01rhzohs6sarhhp2xkz1oted/mnt/MVI_Brain_Tumor/images/1163.png,/sessions/rcw-01rhzohs6sarhhp2xkz1oted/mnt/MVI_Brain_Tumor/masks/1163.png
validation,/sessions/rcw-01rhzohs6sarhhp2xkz1oted/mnt/MVI_Brain_Tumor/images/2674.png,/sessions/rcw-01rhzohs6sarhhp2xkz1oted/mnt/MVI_Brain_Tumor/masks/2674.png
validation,/sessions/rcw-01rhzohs6sarhhp2xkz1oted/mnt/MVI_Brain_Tumor/images/191.png,/sessions/rcw-01rhzohs6sarhhp2xkz1oted/mnt/MVI_Brain_Tumor/masks/191.png
validation,/sessions/rcw-01rhzohs6sarhhp2xkz1oted/mnt/MVI_Brain_Tumor/images/2346.png,/sessions/rcw-01rhzohs6sarhhp2xkz1oted/mnt/MVI_Brain_Tumor/masks/2346.png
validation,/sessions/rcw-01rhzohs6sarhhp2xkz1oted/mnt/MVI_Brain_Tumor/images/211.png,/sessions/rcw-01rhzohs6sarhhp2xkz1oted/mnt/MVI_Brain_Tumor/masks/211.png
validation,/sessions/rcw-01rhzohs6sarhhp2xkz1oted/mnt/MVI_Brain_Tumor/images/1759.png,/sessions/rcw-01rhzohs6sarhhp2xkz1oted/mnt/MVI_Brain_Tumor/masks/1759.png
validation,/sessions/rcw-01rhzohs6sarhhp2xkz1oted/mnt/MVI_Brain_Tumor/images/2905.png,/sessions/rcw-01rhzohs6sarhhp2xkz1oted/mnt/MVI_Brain_Tumor/masks/2905.png
validation,/sessions/rcw-01rhzohs6sarhhp2xkz1oted/mnt/MVI_Brain_Tumor/images/934.png,/sessions/rcw-01rhzohs6sarhhp2xkz1oted/mnt/MVI_Brain_Tumor/masks/934.png
validation,/sessions/rcw-01rhzohs6sarhhp2xkz1oted/mnt/MVI_Brain_Tumor/images/1717.png,/sessions/rcw-01rhzohs6sarhhp2xkz1oted/mnt/MVI_Brain_Tumor/masks/1717.png
validation,/sessions/rcw-01rhzohs6sarhhp2xkz1oted/mnt/MVI_Brain_Tumor/images/2324.png,/sessions/rcw-01rhzohs6sarhhp2xkz1oted/mnt/MVI_Brain_Tumor/masks/2324.png
validation,/sessions/rcw-01rhzohs6sarhhp2xkz1oted/mnt/MVI_Brain_Tumor/images/1674.png,/sessions/rcw-01rhzohs6sarhhp2xkz1oted/mnt/MVI_Brain_Tumor/masks/1674.png
validation,/sessions/rcw-01rhzohs6sarhhp2xkz1oted/mnt/MVI_Brain_Tumor/images/2822.png,/sessions/rcw-01rhzohs6sarhhp2xkz1oted/mnt/MVI_Brain_Tumor/masks/2822.png
validation,/sessions/rcw-01rhzohs6sarhhp2xkz1oted/mnt/MVI_Brain_Tumor/images/42.png,/sessions/rcw-01rhzohs6sarhhp2xkz1oted/mnt/MVI_Brain_Tumor/masks/42.png
validation,/sessions/rcw-01rhzohs6sarhhp2xkz1oted/mnt/MVI_Brain_Tumor/images/1089.png,/sessions/rcw-01rhzohs6sarhhp2xkz1oted/mnt/MVI_Brain_Tumor/masks/1089.png
validation,/sessions/rcw-01rhzohs6sarhhp2xkz1oted/mnt/MVI_Brain_Tumor/images/575.png,/sessions/rcw-01rhzohs6sarhhp2xkz1oted/mnt/MVI_Brain_Tumor/masks/575.png
validation,/sessions/rcw-01rhzohs6sarhhp2xkz1oted/mnt/MVI_Brain_Tumor/images/1464.png,/sessions/rcw-01rhzohs6sarhhp2xkz1oted/mnt/MVI_Brain_Tumor/masks/1464.png
validation,/sessions/rcw-01rhzohs6sarhhp2xkz1oted/mnt/MVI_Brain_Tumor/images/685.png,/sessions/rcw-01rhzohs6sarhhp2xkz1oted/mnt/MVI_Brain_Tumor/masks/685.png
validation,/sessions/rcw-01rhzohs6sarhhp2xkz1oted/mnt/MVI_Brain_Tumor/images/494.png,/sessions/rcw-01rhzohs6sarhhp2xkz1oted/mnt/MVI_Brain_Tumor/masks/494.png
validation,/sessions/rcw-01rhzohs6sarhhp2xkz1oted/mnt/MVI_Brain_Tumor/images/14.png,/sessions/rcw-01rhzohs6sarhhp2xkz1oted/mnt/MVI_Brain_Tumor/masks/14.png
validation,/sessions/rcw-01rhzohs6sarhhp2xkz1oted/mnt/MVI_Brain_Tumor/images/1.png,/sessions/rcw-01rhzohs6sarhhp2xkz1oted/mnt/MVI_Brain_Tumor/masks/1.png
validation,/sessions/rcw-01rhzohs6sarhhp2xkz1oted/mnt/MVI_Brain_Tumor/images/631.png,/sessions/rcw-01rhzohs6sarhhp2xkz1oted/mnt/MVI_Brain_Tumor/masks/631.png
validation,/sessions/rcw-01rhzohs6sarhhp2xkz1oted/mnt/MVI_Brain_Tumor/images/199.png,/sessions/rcw-01rhzohs6sarhhp2xkz1oted/mnt/MVI_Brain_Tumor/masks/199.png
validation,/sessions/rcw-01rhzohs6sarhhp2xkz1oted/mnt/MVI_Brain_Tumor/images/763.png,/sessions/rcw-01rhzohs6sarhhp2xkz1oted/mnt/MVI_Brain_Tumor/masks/763.png
validation,/sessions/rcw-01rhzohs6sarhhp2xkz1oted/mnt/MVI_Brain_Tumor/images/297.png,/sessions/rcw-01rhzohs6sarhhp2xkz1oted/mnt/MVI_Brain_Tumor/masks/297.png
validation,/sessions/rcw-01rhzohs6sarhhp2xkz1oted/mnt/MVI_Brain_Tumor/images/2844.png,/sessions/rcw-01rhzohs6sarhhp2xkz1oted/mnt/MVI_Brain_Tumor/masks/2844.png
validation,/sessions/rcw-01rhzohs6sarhhp2xkz1oted/mnt/MVI_Brain_Tumor/images/3047.png,/sessions/rcw-01rhzohs6sarhhp2xkz1oted/mnt/MVI_Brain_Tumor/masks/3047.png
validation,/sessions/rcw-01rhzohs6sarhhp2xkz1oted/mnt/MVI_Brain_Tumor/images/2804.png,/sessions/rcw-01rhzohs6sarhhp2xkz1oted/mnt/MVI_Brain_Tumor/masks/2804.png
validation,/sessions/rcw-01rhzohs6sarhhp2xkz1oted/mnt/MVI_Brain_Tumor/images/1735.png,/sessions/rcw-01rhzohs6sarhhp2xkz1oted/mnt/MVI_Brain_Tumor/masks/1735.png
validation,/sessions/rcw-01rhzohs6sarhhp2xkz1oted/mnt/MVI_Brain_Tumor/images/430.png,/sessions/rcw-01rhzohs6sarhhp2xkz1oted/mnt/MVI_Brain_Tumor/masks/430.png
validation,/sessions/rcw-01rhzohs6sarhhp2xkz1oted/mnt/MVI_Brain_Tumor/images/2784.png,/sessions/rcw-01rhzohs6sarhhp2xkz1oted/mnt/MVI_Brain_Tumor/masks/2784.png
validation,/sessions/rcw-01rhzohs6sarhhp2xkz1oted/mnt/MVI_Brain_Tumor/images/560.png,/sessions/rcw-01rhzohs6sarhhp2xkz1oted/mnt/MVI_Brain_Tumor/masks/560.png
validation,/sessions/rcw-01rhzohs6sarhhp2xkz1oted/mnt/MVI_Brain_Tumor/images/2846.png,/sessions/rcw-01rhzohs6sarhhp2xkz1oted/mnt/MVI_Brain_Tumor/masks/2846.png
validation,/sessions/rcw-01rhzohs6sarhhp2xkz1oted/mnt/MVI_Brain_Tumor/images/606.png,/sessions/rcw-01rhzohs6sarhhp2xkz1oted/mnt/MVI_Brain_Tumor/masks/606.png
validation,/sessions/rcw-01rhzohs6sarhhp2xkz1oted/mnt/MVI_Brain_Tumor/images/2965.png,/sessions/rcw-01rhzohs6sarhhp2xkz1oted/mnt/MVI_Brain_Tumor/masks/2965.png
validation,/sessions/rcw-01rhzohs6sarhhp2xkz1oted/mnt/MVI_Brain_Tumor/images/489.png,/sessions/rcw-01rhzohs6sarhhp2xkz1oted/mnt/MVI_Brain_Tumor/masks/489.png
validation,/sessions/rcw-01rhzohs6sarhhp2xkz1oted/mnt/MVI_Brain_Tumor/images/1348.png,/sessions/rcw-01rhzohs6sarhhp2xkz1oted/mnt/MVI_Brain_Tumor/masks/1348.png
validation,/sessions/rcw-01rhzohs6sarhhp2xkz1oted/mnt/MVI_Brain_Tumor/images/512.png,/sessions/rcw-01rhzohs6sarhhp2xkz1oted/mnt/MVI_Brain_Tumor/masks/512.png
validation,/sessions/rcw-01rhzohs6sarhhp2xkz1oted/mnt/MVI_Brain_Tumor/images/1570.png,/sessions/rcw-01rhzohs6sarhhp2xkz1oted/mnt/MVI_Brain_Tumor/masks/1570.png
validation,/sessions/rcw-01rhzohs6sarhhp2xkz1oted/mnt/MVI_Brain_Tumor/images/1764.png,/sessions/rcw-01rhzohs6sarhhp2xkz1oted/mnt/MVI_Brain_Tumor/masks/1764.png
validation,/sessions/rcw-01rhzohs6sarhhp2xkz1oted/mnt/MVI_Brain_Tumor/images/2087.png,/sessions/rcw-01rhzohs6sarhhp2xkz1oted/mnt/MVI_Brain_Tumor/masks/2087.png
validation,/sessions/rcw-01rhzohs6sarhhp2xkz1oted/mnt/MVI_Brain_Tumor/images/2166.png,/sessions/rcw-01rhzohs6sarhhp2xkz1oted/mnt/MVI_Brain_Tumor/masks/2166.png
validation,/sessions/rcw-01rhzohs6sarhhp2xkz1oted/mnt/MVI_Brain_Tumor/images/3033.png,/sessions/rcw-01rhzohs6sarhhp2xkz1oted/mnt/MVI_Brain_Tumor/masks/3033.png
validation,/sessions/rcw-01rhzohs6sarhhp2xkz1oted/mnt/MVI_Brain_Tumor/images/1187.png,/sessions/rcw-01rhzohs6sarhhp2xkz1oted/mnt/MVI_Brain_Tumor/masks/1187.png
validation,/sessions/rcw-01rhzohs6sarhhp2xkz1oted/mnt/MVI_Brain_Tumor/images/1694.png,/sessions/rcw-01rhzohs6sarhhp2xkz1oted/mnt/MVI_Brain_Tumor/masks/1694.png
validation,/sessions/rcw-01rhzohs6sarhhp2xkz1oted/mnt/MVI_Brain_Tumor/images/507.png,/sessions/rcw-01rhzohs6sarhhp2xkz1oted/mnt/MVI_Brain_Tumor/masks/507.png
validation,/sessions/rcw-01rhzohs6sarhhp2xkz1oted/mnt/MVI_Brain_Tumor/images/2880.png,/sessions/rcw-01rhzohs6sarhhp2xkz1oted/mnt/MVI_Brain_Tumor/masks/2880.png
validation,/sessions/rcw-01rhzohs6sarhhp2xkz1oted/mnt/MVI_Brain_Tumor/images/1541.png,/sessions/rcw-01rhzohs6sarhhp2xkz1oted/mnt/MVI_Brain_Tumor/masks/1541.png
validation,/sessions/rcw-01rhzohs6sarhhp2xkz1oted/mnt/MVI_Brain_Tumor/images/2347.png,/sessions/rcw-01rhzohs6sarhhp2xkz1oted/mnt/MVI_Brain_Tumor/masks/2347.png
validation,/sessions/rcw-01rhzohs6sarhhp2xkz1oted/mnt/MVI_Brain_Tumor/images/1423.png,/sessions/rcw-01rhzohs6sarhhp2xkz1oted/mnt/MVI_Brain_Tumor/masks/1423.png
validation,/sessions/rcw-01rhzohs6sarhhp2xkz1oted/mnt/MVI_Brain_Tumor/images/1888.png,/sessions/rcw-01rhzohs6sarhhp2xkz1oted/mnt/MVI_Brain_Tumor/masks/1888.png
validation,/sessions/rcw-01rhzohs6sarhhp2xkz1oted/mnt/MVI_Brain_Tumor/images/2630.png,/sessions/rcw-01rhzohs6sarhhp2xkz1oted/mnt/MVI_Brain_Tumor/masks/2630.png
validation,/sessions/rcw-01rhzohs6sarhhp2xkz1oted/mnt/MVI_Brain_Tumor/images/1930.png,/sessions/rcw-01rhzohs6sarhhp2xkz1oted/mnt/MVI_Brain_Tumor/masks/1930.png
validation,/sessions/rcw-01rhzohs6sarhhp2xkz1oted/mnt/MVI_Brain_Tumor/images/2128.png,/sessions/rcw-01rhzohs6sarhhp2xkz1oted/mnt/MVI_Brain_Tumor/masks/2128.png
validation,/sessions/rcw-01rhzohs6sarhhp2xkz1oted/mnt/MVI_Brain_Tumor/images/1465.png,/sessions/rcw-01rhzohs6sarhhp2xkz1oted/mnt/MVI_Brain_Tumor/masks/1465.png
validation,/sessions/rcw-01rhzohs6sarhhp2xkz1oted/mnt/MVI_Brain_Tumor/images/269.png,/sessions/rcw-01rhzohs6sarhhp2xkz1oted/mnt/MVI_Brain_Tumor/masks/269.png
validation,/sessions/rcw-01rhzohs6sarhhp2xkz1oted/mnt/MVI_Brain_Tumor/images/1248.png,/sessions/rcw-01rhzohs6sarhhp2xkz1oted/mnt/MVI_Brain_Tumor/masks/1248.png
validation,/sessions/rcw-01rhzohs6sarhhp2xkz1oted/mnt/MVI_Brain_Tumor/images/2580.png,/sessions/rcw-01rhzohs6sarhhp2xkz1oted/mnt/MVI_Brain_Tumor/masks/2580.png
validation,/sessions/rcw-01rhzohs6sarhhp2xkz1oted/mnt/MVI_Brain_Tumor/images/1471.png,/sessions/rcw-01rhzohs6sarhhp2xkz1oted/mnt/MVI_Brain_Tumor/masks/1471.png
validation,/sessions/rcw-01rhzohs6sarhhp2xkz1oted/mnt/MVI_Brain_Tumor/images/992.png,/sessions/rcw-01rhzohs6sarhhp2xkz1oted/mnt/MVI_Brain_Tumor/masks/992.png
validation,/sessions/rcw-01rhzohs6sarhhp2xkz1oted/mnt/MVI_Brain_Tumor/images/2485.png,/sessions/rcw-01rhzohs6sarhhp2xkz1oted/mnt/MVI_Brain_Tumor/masks/2485.png
validation,/sessions/rcw-01rhzohs6sarhhp2xkz1oted/mnt/MVI_Brain_Tumor/images/2318.png,/sessions/rcw-01rhzohs6sarhhp2xkz1oted/mnt/MVI_Brain_Tumor/masks/2318.png
validation,/sessions/rcw-01rhzohs6sarhhp2xkz1oted/mnt/MVI_Brain_Tumor/images/3063.png,/sessions/rcw-01rhzohs6sarhhp2xkz1oted/mnt/MVI_Brain_Tumor/masks/3063.png
validation,/sessions/rcw-01rhzohs6sarhhp2xkz1oted/mnt/MVI_Brain_Tumor/images/364.png,/sessions/rcw-01rhzohs6sarhhp2xkz1oted/mnt/MVI_Brain_Tumor/masks/364.png
validation,/sessions/rcw-01rhzohs6sarhhp2xkz1oted/mnt/MVI_Brain_Tumor/images/2063.png,/sessions/rcw-01rhzohs6sarhhp2xkz1oted/mnt/MVI_Brain_Tumor/masks/2063.png
validation,/sessions/rcw-01rhzohs6sarhhp2xkz1oted/mnt/MVI_Brain_Tumor/images/1528.png,/sessions/rcw-01rhzohs6sarhhp2xkz1oted/mnt/MVI_Brain_Tumor/masks/1528.png
validation,/sessions/rcw-01rhzohs6sarhhp2xkz1oted/mnt/MVI_Brain_Tumor/images/1778.png,/sessions/rcw-01rhzohs6sarhhp2xkz1oted/mnt/MVI_Brain_Tumor/masks/1778.png
validation,/sessions/rcw-01rhzohs6sarhhp2xkz1oted/mnt/MVI_Brain_Tumor/images/152.png,/sessions/rcw-01rhzohs6sarhhp2xkz1oted/mnt/MVI_Brain_Tumor/masks/152.png
validation,/sessions/rcw-01rhzohs6sarhhp2xkz1oted/mnt/MVI_Brain_Tumor/images/1704.png,/sessions/rcw-01rhzohs6sarhhp2xkz1oted/mnt/MVI_Brain_Tumor/masks/1704.png
validation,/sessions/rcw-01rhzohs6sarhhp2xkz1oted/mnt/MVI_Brain_Tumor/images/413.png,/sessions/rcw-01rhzohs6sarhhp2xkz1oted/mnt/MVI_Brain_Tumor/masks/413.png
validation,/sessions/rcw-01rhzohs6sarhhp2xkz1oted/mnt/MVI_Brain_Tumor/images/394.png,/sessions/rcw-01rhzohs6sarhhp2xkz1oted/mnt/MVI_Brain_Tumor/masks/394.png
validation,/sessions/rcw-01rhzohs6sarhhp2xkz1oted/mnt/MVI_Brain_Tumor/images/1087.png,/sessions/rcw-01rhzohs6sarhhp2xkz1oted/mnt/MVI_Brain_Tumor/masks/1087.png
validation,/sessions/rcw-01rhzohs6sarhhp2xkz1oted/mnt/MVI_Brain_Tumor/images/1287.png,/sessions/rcw-01rhzohs6sarhhp2xkz1oted/mnt/MVI_Brain_Tumor/masks/1287.png
validation,/sessions/rcw-01rhzohs6sarhhp2xkz1oted/mnt/MVI_Brain_Tumor/images/2849.png,/sessions/rcw-01rhzohs6sarhhp2xkz1oted/mnt/MVI_Brain_Tumor/masks/2849.png
validation,/sessions/rcw-01rhzohs6sarhhp2xkz1oted/mnt/MVI_Brain_Tumor/images/1963.png,/sessions/rcw-01rhzohs6sarhhp2xkz1oted/mnt/MVI_Brain_Tumor/masks/1963.png
validation,/sessions/rcw-01rhzohs6sarhhp2xkz1oted/mnt/MVI_Brain_Tumor/images/1057.png,/sessions/rcw-01rhzohs6sarhhp2xkz1oted/mnt/MVI_Brain_Tumor/masks/1057.png
validation,/sessions/rcw-01rhzohs6sarhhp2xkz1oted/mnt/MVI_Brain_Tumor/images/1189.png,/sessions/rcw-01rhzohs6sarhhp2xkz1oted/mnt/MVI_Brain_Tumor/masks/1189.png
validation,/sessions/rcw-01rhzohs6sarhhp2xkz1oted/mnt/MVI_Brain_Tumor/images/2729.png,/sessions/rcw-01rhzohs6sarhhp2xkz1oted/mnt/MVI_Brain_Tumor/masks/2729.png
validation,/sessions/rcw-01rhzohs6sarhhp2xkz1oted/mnt/MVI_Brain_Tumor/images/1755.png,/sessions/rcw-01rhzohs6sarhhp2xkz1oted/mnt/MVI_Brain_Tumor/masks/1755.png
validation,/sessions/rcw-01rhzohs6sarhhp2xkz1oted/mnt/MVI_Brain_Tumor/images/2342.png,/sessions/rcw-01rhzohs6sarhhp2xkz1oted/mnt/MVI_Brain_Tumor/masks/2342.png
validation,/sessions/rcw-01rhzohs6sarhhp2xkz1oted/mnt/MVI_Brain_Tumor/images/744.png,/sessions/rcw-01rhzohs6sarhhp2xkz1oted/mnt/MVI_Brain_Tumor/masks/744.png
validation,/sessions/rcw-01rhzohs6sarhhp2xkz1oted/mnt/MVI_Brain_Tumor/images/2150.png,/sessions/rcw-01rhzohs6sarhhp2xkz1oted/mnt/MVI_Brain_Tumor/masks/2150.png
validation,/sessions/rcw-01rhzohs6sarhhp2xkz1oted/mnt/MVI_Brain_Tumor/images/1669.png,/sessions/rcw-01rhzohs6sarhhp2xkz1oted/mnt/MVI_Brain_Tumor/masks/1669.png
validation,/sessions/rcw-01rhzohs6sarhhp2xkz1oted/mnt/MVI_Brain_Tumor/images/1987.png,/sessions/rcw-01rhzohs6sarhhp2xkz1oted/mnt/MVI_Brain_Tumor/masks/1987.png
validation,/sessions/rcw-01rhzohs6sarhhp2xkz1oted/mnt/MVI_Brain_Tumor/images/638.png,/sessions/rcw-01rhzohs6sarhhp2xkz1oted/mnt/MVI_Brain_Tumor/masks/638.png
validation,/sessions/rcw-01rhzohs6sarhhp2xkz1oted/mnt/MVI_Brain_Tumor/images/2078.png,/sessions/rcw-01rhzohs6sarhhp2xkz1oted/mnt/MVI_Brain_Tumor/masks/2078.png
validation,/sessions/rcw-01rhzohs6sarhhp2xkz1oted/mnt/MVI_Brain_Tumor/images/2600.png,/sessions/rcw-01rhzohs6sarhhp2xkz1oted/mnt/MVI_Brain_Tumor/masks/2600.png
validation,/sessions/rcw-01rhzohs6sarhhp2xkz1oted/mnt/MVI_Brain_Tumor/images/2009.png,/sessions/rcw-01rhzohs6sarhhp2xkz1oted/mnt/MVI_Brain_Tumor/masks/2009.png
validation,/sessions/rcw-01rhzohs6sarhhp2xkz1oted/mnt/MVI_Brain_Tumor/images/1677.png,/sessions/rcw-01rhzohs6sarhhp2xkz1oted/mnt/MVI_Brain_Tumor/masks/1677.png
validation,/sessions/rcw-01rhzohs6sarhhp2xkz1oted/mnt/MVI_Brain_Tumor/images/873.png,/sessions/rcw-01rhzohs6sarhhp2xkz1oted/mnt/MVI_Brain_Tumor/masks/873.png
validation,/sessions/rcw-01rhzohs6sarhhp2xkz1oted/mnt/MVI_Brain_Tumor/images/2679.png,/sessions/rcw-01rhzohs6sarhhp2xkz1oted/mnt/MVI_Brain_Tumor/masks/2679.png
validation,/sessions/rcw-01rhzohs6sarhhp2xkz1oted/mnt/MVI_Brain_Tumor/images/178.png,/sessions/rcw-01rhzohs6sarhhp2xkz1oted/mnt/MVI_Brain_Tumor/masks/178.png
validation,/sessions/rcw-01rhzohs6sarhhp2xkz1oted/mnt/MVI_Brain_Tumor/images/1485.png,/sessions/rcw-01rhzohs6sarhhp2xkz1oted/mnt/MVI_Brain_Tumor/masks/1485.png
validation,/sessions/rcw-01rhzohs6sarhhp2xkz1oted/mnt/MVI_Brain_Tumor/images/2628.png,/sessions/rcw-01rhzohs6sarhhp2xkz1oted/mnt/MVI_Brain_Tumor/masks/2628.png
validation,/sessions/rcw-01rhzohs6sarhhp2xkz1oted/mnt/MVI_Brain_Tumor/images/1636.png,/sessions/rcw-01rhzohs6sarhhp2xkz1oted/mnt/MVI_Brain_Tumor/masks/1636.png
validation,/sessions/rcw-01rhzohs6sarhhp2xkz1oted/mnt/MVI_Brain_Tumor/images/1999.png,/sessions/rcw-01rhzohs6sarhhp2xkz1oted/mnt/MVI_Brain_Tumor/masks/1999.png
validation,/sessions/rcw-01rhzohs6sarhhp2xkz1oted/mnt/MVI_Brain_Tumor/images/987.png,/sessions/rcw-01rhzohs6sarhhp2xkz1oted/mnt/MVI_Brain_Tumor/masks/987.png
validation,/sessions/rcw-01rhzohs6sarhhp2xkz1oted/mnt/MVI_Brain_Tumor/images/1436.png,/sessions/rcw-01rhzohs6sarhhp2xkz1oted/mnt/MVI_Brain_Tumor/masks/1436.png
validation,/sessions/rcw-01rhzohs6sarhhp2xkz1oted/mnt/MVI_Brain_Tumor/images/2811.png,/sessions/rcw-01rhzohs6sarhhp2xkz1oted/mnt/MVI_Brain_Tumor/masks/2811.png
validation,/sessions/rcw-01rhzohs6sarhhp2xkz1oted/mnt/MVI_Brain_Tumor/images/2278.png,/sessions/rcw-01rhzohs6sarhhp2xkz1oted/mnt/MVI_Brain_Tumor/masks/2278.png
validation,/sessions/rcw-01rhzohs6sarhhp2xkz1oted/mnt/MVI_Brain_Tumor/images/1366.png,/sessions/rcw-01rhzohs6sarhhp2xkz1oted/mnt/MVI_Brain_Tumor/masks/1366.png
validation,/sessions/rcw-01rhzohs6sarhhp2xkz1oted/mnt/MVI_Brain_Tumor/images/3014.png,/sessions/rcw-01rhzohs6sarhhp2xkz1oted/mnt/MVI_Brain_Tumor/masks/3014.png
validation,/sessions/rcw-01rhzohs6sarhhp2xkz1oted/mnt/MVI_Brain_Tumor/images/623.png,/sessions/rcw-01rhzohs6sarhhp2xkz1oted/mnt/MVI_Brain_Tumor/masks/623.png
validation,/sessions/rcw-01rhzohs6sarhhp2xkz1oted/mnt/MVI_Brain_Tumor/images/806.png,/sessions/rcw-01rhzohs6sarhhp2xkz1oted/mnt/MVI_Brain_Tumor/masks/806.png
validation,/sessions/rcw-01rhzohs6sarhhp2xkz1oted/mnt/MVI_Brain_Tumor/images/2020.png,/sessions/rcw-01rhzohs6sarhhp2xkz1oted/mnt/MVI_Brain_Tumor/masks/2020.png
validation,/sessions/rcw-01rhzohs6sarhhp2xkz1oted/mnt/MVI_Brain_Tumor/images/266.png,/sessions/rcw-01rhzohs6sarhhp2xkz1oted/mnt/MVI_Brain_Tumor/masks/266.png
validation,/sessions/rcw-01rhzohs6sarhhp2xkz1oted/mnt/MVI_Brain_Tumor/images/1639.png,/sessions/rcw-01rhzohs6sarhhp2xkz1oted/mnt/MVI_Brain_Tumor/masks/1639.png
validation,/sessions/rcw-01rhzohs6sarhhp2xkz1oted/mnt/MVI_Brain_Tumor/images/2272.png,/sessions/rcw-01rhzohs6sarhhp2xkz1oted/mnt/MVI_Brain_Tumor/masks/2272.png
validation,/sessions/rcw-01rhzohs6sarhhp2xkz1oted/mnt/MVI_Brain_Tumor/images/1901.png,/sessions/rcw-01rhzohs6sarhhp2xkz1oted/mnt/MVI_Brain_Tumor/masks/1901.png
validation,/sessions/rcw-01rhzohs6sarhhp2xkz1oted/mnt/MVI_Brain_Tumor/images/2792.png,/sessions/rcw-01rhzohs6sarhhp2xkz1oted/mnt/MVI_Brain_Tumor/masks/2792.png
validation,/sessions/rcw-01rhzohs6sarhhp2xkz1oted/mnt/MVI_Brain_Tumor/images/1860.png,/sessions/rcw-01rhzohs6sarhhp2xkz1oted/mnt/MVI_Brain_Tumor/masks/1860.png
validation,/sessions/rcw-01rhzohs6sarhhp2xkz1oted/mnt/MVI_Brain_Tumor/images/2675.png,/sessions/rcw-01rhzohs6sarhhp2xkz1oted/mnt/MVI_Brain_Tumor/masks/2675.png
validation,/sessions/rcw-01rhzohs6sarhhp2xkz1oted/mnt/MVI_Brain_Tumor/images/896.png,/sessions/rcw-01rhzohs6sarhhp2xkz1oted/mnt/MVI_Brain_Tumor/masks/896.png
validation,/sessions/rcw-01rhzohs6sarhhp2xkz1oted/mnt/MVI_Brain_Tumor/images/605.png,/sessions/rcw-01rhzohs6sarhhp2xkz1oted/mnt/MVI_Brain_Tumor/masks/605.png
validation,/sessions/rcw-01rhzohs6sarhhp2xkz1oted/mnt/MVI_Brain_Tumor/images/2989.png,/sessions/rcw-01rhzohs6sarhhp2xkz1oted/mnt/MVI_Brain_Tumor/masks/2989.png
validation,/sessions/rcw-01rhzohs6sarhhp2xkz1oted/mnt/MVI_Brain_Tumor/images/1898.png,/sessions/rcw-01rhzohs6sarhhp2xkz1oted/mnt/MVI_Brain_Tumor/masks/1898.png
validation,/sessions/rcw-01rhzohs6sarhhp2xkz1oted/mnt/MVI_Brain_Tumor/images/1750.png,/sessions/rcw-01rhzohs6sarhhp2xkz1oted/mnt/MVI_Brain_Tumor/masks/1750.png
validation,/sessions/rcw-01rhzohs6sarhhp2xkz1oted/mnt/MVI_Brain_Tumor/images/11.png,/sessions/rcw-01rhzohs6sarhhp2xkz1oted/mnt/MVI_Brain_Tumor/masks/11.png
validation,/sessions/rcw-01rhzohs6sarhhp2xkz1oted/mnt/MVI_Brain_Tumor/images/1836.png,/sessions/rcw-01rhzohs6sarhhp2xkz1oted/mnt/MVI_Brain_Tumor/masks/1836.png
validation,/sessions/rcw-01rhzohs6sarhhp2xkz1oted/mnt/MVI_Brain_Tumor/images/2494.png,/sessions/rcw-01rhzohs6sarhhp2xkz1oted/mnt/MVI_Brain_Tumor/masks/2494.png
validation,/sessions/rcw-01rhzohs6sarhhp2xkz1oted/mnt/MVI_Brain_Tumor/images/1915.png,/sessions/rcw-01rhzohs6sarhhp2xkz1oted/mnt/MVI_Brain_Tumor/masks/1915.png
validation,/sessions/rcw-01rhzohs6sarhhp2xkz1oted/mnt/MVI_Brain_Tumor/images/2064.png,/sessions/rcw-01rhzohs6sarhhp2xkz1oted/mnt/MVI_Brain_Tumor/masks/2064.png
validation,/sessions/rcw-01rhzohs6sarhhp2xkz1oted/mnt/MVI_Brain_Tumor/images/1408.png,/sessions/rcw-01rhzohs6sarhhp2xkz1oted/mnt/MVI_Brain_Tumor/masks/1408.png
validation,/sessions/rcw-01rhzohs6sarhhp2xkz1oted/mnt/MVI_Brain_Tumor/images/62.png,/sessions/rcw-01rhzohs6sarhhp2xkz1oted/mnt/MVI_Brain_Tumor/masks/62.png
validation,/sessions/rcw-01rhzohs6sarhhp2xkz1oted/mnt/MVI_Brain_Tumor/images/2697.png,/sessions/rcw-01rhzohs6sarhhp2xkz1oted/mnt/MVI_Brain_Tumor/masks/2697.png
validation,/sessions/rcw-01rhzohs6sarhhp2xkz1oted/mnt/MVI_Brain_Tumor/images/2188.png,/sessions/rcw-01rhzohs6sarhhp2xkz1oted/mnt/MVI_Brain_Tumor/masks/2188.png
validation,/sessions/rcw-01rhzohs6sarhhp2xkz1oted/mnt/MVI_Brain_Tumor/images/644.png,/sessions/rcw-01rhzohs6sarhhp2xkz1oted/mnt/MVI_Brain_Tumor/masks/644.png
validation,/sessions/rcw-01rhzohs6sarhhp2xkz1oted/mnt/MVI_Brain_Tumor/images/814.png,/sessions/rcw-01rhzohs6sarhhp2xkz1oted/mnt/MVI_Brain_Tumor/masks/814.png
validation,/sessions/rcw-01rhzohs6sarhhp2xkz1oted/mnt/MVI_Brain_Tumor/images/1458.png,/sessions/rcw-01rhzohs6sarhhp2xkz1oted/mnt/MVI_Brain_Tumor/masks/1458.png
validation,/sessions/rcw-01rhzohs6sarhhp2xkz1oted/mnt/MVI_Brain_Tumor/images/2001.png,/sessions/rcw-01rhzohs6sarhhp2xkz1oted/mnt/MVI_Brain_Tumor/masks/2001.png
validation,/sessions/rcw-01rhzohs6sarhhp2xkz1oted/mnt/MVI_Brain_Tumor/images/2246.png,/sessions/rcw-01rhzohs6sarhhp2xkz1oted/mnt/MVI_Brain_Tumor/masks/2246.png
validation,/sessions/rcw-01rhzohs6sarhhp2xkz1oted/mnt/MVI_Brain_Tumor/images/205.png,/sessions/rcw-01rhzohs6sarhhp2xkz1oted/mnt/MVI_Brain_Tumor/masks/205.png
validation,/sessions/rcw-01rhzohs6sarhhp2xkz1oted/mnt/MVI_Brain_Tumor/images/967.png,/sessions/rcw-01rhzohs6sarhhp2xkz1oted/mnt/MVI_Brain_Tumor/masks/967.png
validation,/sessions/rcw-01rhzohs6sarhhp2xkz1oted/mnt/MVI_Brain_Tumor/images/2952.png,/sessions/rcw-01rhzohs6sarhhp2xkz1oted/mnt/MVI_Brain_Tumor/masks/2952.png
validation,/sessions/rcw-01rhzohs6sarhhp2xkz1oted/mnt/MVI_Brain_Tumor/images/1327.png,/sessions/rcw-01rhzohs6sarhhp2xkz1oted/mnt/MVI_Brain_Tumor/masks/1327.png
validation,/sessions/rcw-01rhzohs6sarhhp2xkz1oted/mnt/MVI_Brain_Tumor/images/2557.png,/sessions/rcw-01rhzohs6sarhhp2xkz1oted/mnt/MVI_Brain_Tumor/masks/2557.png
validation,/sessions/rcw-01rhzohs6sarhhp2xkz1oted/mnt/MVI_Brain_Tumor/images/3055.png,/sessions/rcw-01rhzohs6sarhhp2xkz1oted/mnt/MVI_Brain_Tumor/masks/3055.png
validation,/sessions/rcw-01rhzohs6sarhhp2xkz1oted/mnt/MVI_Brain_Tumor/images/1770.png,/sessions/rcw-01rhzohs6sarhhp2xkz1oted/mnt/MVI_Brain_Tumor/masks/1770.png
validation,/sessions/rcw-01rhzohs6sarhhp2xkz1oted/mnt/MVI_Brain_Tumor/images/2555.png,/sessions/rcw-01rhzohs6sarhhp2xkz1oted/mnt/MVI_Brain_Tumor/masks/2555.png
validation,/sessions/rcw-01rhzohs6sarhhp2xkz1oted/mnt/MVI_Brain_Tumor/images/1942.png,/sessions/rcw-01rhzohs6sarhhp2xkz1oted/mnt/MVI_Brain_Tumor/masks/1942.png
validation,/sessions/rcw-01rhzohs6sarhhp2xkz1oted/mnt/MVI_Brain_Tumor/images/1653.png,/sessions/rcw-01rhzohs6sarhhp2xkz1oted/mnt/MVI_Brain_Tumor/masks/1653.png
validation,/sessions/rcw-01rhzohs6sarhhp2xkz1oted/mnt/MVI_Brain_Tumor/images/337.png,/sessions/rcw-01rhzohs6sarhhp2xkz1oted/mnt/MVI_Brain_Tumor/masks/337.png
validation,/sessions/rcw-01rhzohs6sarhhp2xkz1oted/mnt/MVI_Brain_Tumor/images/2827.png,/sessions/rcw-01rhzohs6sarhhp2xkz1oted/mnt/MVI_Brain_Tumor/masks/2827.png
validation,/sessions/rcw-01rhzohs6sarhhp2xkz1oted/mnt/MVI_Brain_Tumor/images/1823.png,/sessions/rcw-01rhzohs6sarhhp2xkz1oted/mnt/MVI_Brain_Tumor/masks/1823.png
validation,/sessions/rcw-01rhzohs6sarhhp2xkz1oted/mnt/MVI_Brain_Tumor/images/495.png,/sessions/rcw-01rhzohs6sarhhp2xkz1oted/mnt/MVI_Brain_Tumor/masks/495.png
validation,/sessions/rcw-01rhzohs6sarhhp2xkz1oted/mnt/MVI_Brain_Tumor/images/2837.png,/sessions/rcw-01rhzohs6sarhhp2xkz1oted/mnt/MVI_Brain_Tumor/masks/2837.png
validation,/sessions/rcw-01rhzohs6sarhhp2xkz1oted/mnt/MVI_Brain_Tumor/images/751.png,/sessions/rcw-01rhzohs6sarhhp2xkz1oted/mnt/MVI_Brain_Tumor/masks/751.png
validation,/sessions/rcw-01rhzohs6sarhhp2xkz1oted/mnt/MVI_Brain_Tumor/images/936.png,/sessions/rcw-01rhzohs6sarhhp2xkz1oted/mnt/MVI_Brain_Tumor/masks/936.png
validation,/sessions/rcw-01rhzohs6sarhhp2xkz1oted/mnt/MVI_Brain_Tumor/images/1762.png,/sessions/rcw-01rhzohs6sarhhp2xkz1oted/mnt/MVI_Brain_Tumor/masks/1762.png
validation,/sessions/rcw-01rhzohs6sarhhp2xkz1oted/mnt/MVI_Brain_Tumor/images/1014.png,/sessions/rcw-01rhzohs6sarhhp2xkz1oted/mnt/MVI_Brain_Tumor/masks/1014.png
validation,/sessions/rcw-01rhzohs6sarhhp2xkz1oted/mnt/MVI_Brain_Tumor/images/81.png,/sessions/rcw-01rhzohs6sarhhp2xkz1oted/mnt/MVI_Brain_Tumor/masks/81.png
validation,/sessions/rcw-01rhzohs6sarhhp2xkz1oted/mnt/MVI_Brain_Tumor/images/1375.png,/sessions/rcw-01rhzohs6sarhhp2xkz1oted/mnt/MVI_Brain_Tumor/masks/1375.png
validation,/sessions/rcw-01rhzohs6sarhhp2xkz1oted/mnt/MVI_Brain_Tumor/images/1960.png,/sessions/rcw-01rhzohs6sarhhp2xkz1oted/mnt/MVI_Brain_Tumor/masks/1960.png
validation,/sessions/rcw-01rhzohs6sarhhp2xkz1oted/mnt/MVI_Brain_Tumor/images/1184.png,/sessions/rcw-01rhzohs6sarhhp2xkz1oted/mnt/MVI_Brain_Tumor/masks/1184.png
validation,/sessions/rcw-01rhzohs6sarhhp2xkz1oted/mnt/MVI_Brain_Tumor/images/1572.png,/sessions/rcw-01rhzohs6sarhhp2xkz1oted/mnt/MVI_Brain_Tumor/masks/1572.png
validation,/sessions/rcw-01rhzohs6sarhhp2xkz1oted/mnt/MVI_Brain_Tumor/images/1094.png,/sessions/rcw-01rhzohs6sarhhp2xkz1oted/mnt/MVI_Brain_Tumor/masks/1094.png
validation,/sessions/rcw-01rhzohs6sarhhp2xkz1oted/mnt/MVI_Brain_Tumor/images/1695.png,/sessions/rcw-01rhzohs6sarhhp2xkz1oted/mnt/MVI_Brain_Tumor/masks/1695.png
validation,/sessions/rcw-01rhzohs6sarhhp2xkz1oted/mnt/MVI_Brain_Tumor/images/3018.png,/sessions/rcw-01rhzohs6sarhhp2xkz1oted/mnt/MVI_Brain_Tumor/masks/3018.png
validation,/sessions/rcw-01rhzohs6sarhhp2xkz1oted/mnt/MVI_Brain_Tumor/images/2131.png,/sessions/rcw-01rhzohs6sarhhp2xkz1oted/mnt/MVI_Brain_Tumor/masks/2131.png
validation,/sessions/rcw-01rhzohs6sarhhp2xkz1oted/mnt/MVI_Brain_Tumor/images/2919.png,/sessions/rcw-01rhzohs6sarhhp2xkz1oted/mnt/MVI_Brain_Tumor/masks/2919.png
validation,/sessions/rcw-01rhzohs6sarhhp2xkz1oted/mnt/MVI_Brain_Tumor/images/1787.png,/sessions/rcw-01rhzohs6sarhhp2xkz1oted/mnt/MVI_Brain_Tumor/masks/1787.png
validation,/sessions/rcw-01rhzohs6sarhhp2xkz1oted/mnt/MVI_Brain_Tumor/images/2913.png,/sessions/rcw-01rhzohs6sarhhp2xkz1oted/mnt/MVI_Brain_Tumor/masks/2913.png
validation,/sessions/rcw-01rhzohs6sarhhp2xkz1oted/mnt/MVI_Brain_Tumor/images/555.png,/sessions/rcw-01rhzohs6sarhhp2xkz1oted/mnt/MVI_Brain_Tumor/masks/555.png
validation,/sessions/rcw-01rhzohs6sarhhp2xkz1oted/mnt/MVI_Brain_Tumor/images/2980.png,/sessions/rcw-01rhzohs6sarhhp2xkz1oted/mnt/MVI_Brain_Tumor/masks/2980.png
validation,/sessions/rcw-01rhzohs6sarhhp2xkz1oted/mnt/MVI_Brain_Tumor/images/2036.png,/sessions/rcw-01rhzohs6sarhhp2xkz1oted/mnt/MVI_Brain_Tumor/masks/2036.png
validation,/sessions/rcw-01rhzohs6sarhhp2xkz1oted/mnt/MVI_Brain_Tumor/images/2830.png,/sessions/rcw-01rhzohs6sarhhp2xkz1oted/mnt/MVI_Brain_Tumor/masks/2830.png
validation,/sessions/rcw-01rhzohs6sarhhp2xkz1oted/mnt/MVI_Brain_Tumor/images/421.png,/sessions/rcw-01rhzohs6sarhhp2xkz1oted/mnt/MVI_Brain_Tumor/masks/421.png
validation,/sessions/rcw-01rhzohs6sarhhp2xkz1oted/mnt/MVI_Brain_Tumor/images/2441.png,/sessions/rcw-01rhzohs6sarhhp2xkz1oted/mnt/MVI_Brain_Tumor/masks/2441.png
validation,/sessions/rcw-01rhzohs6sarhhp2xkz1oted/mnt/MVI_Brain_Tumor/images/3012.png,/sessions/rcw-01rhzohs6sarhhp2xkz1oted/mnt/MVI_Brain_Tumor/masks/3012.png
validation,/sessions/rcw-01rhzohs6sarhhp2xkz1oted/mnt/MVI_Brain_Tumor/images/836.png,/sessions/rcw-01rhzohs6sarhhp2xkz1oted/mnt/MVI_Brain_Tumor/masks/836.png
validation,/sessions/rcw-01rhzohs6sarhhp2xkz1oted/mnt/MVI_Brain_Tumor/images/2248.png,/sessions/rcw-01rhzohs6sarhhp2xkz1oted/mnt/MVI_Brain_Tumor/masks/2248.png
validation,/sessions/rcw-01rhzohs6sarhhp2xkz1oted/mnt/MVI_Brain_Tumor/images/2073.png,/sessions/rcw-01rhzohs6sarhhp2xkz1oted/mnt/MVI_Brain_Tumor/masks/2073.png
validation,/sessions/rcw-01rhzohs6sarhhp2xkz1oted/mnt/MVI_Brain_Tumor/images/2165.png,/sessions/rcw-01rhzohs6sarhhp2xkz1oted/mnt/MVI_Brain_Tumor/masks/2165.png
validation,/sessions/rcw-01rhzohs6sarhhp2xkz1oted/mnt/MVI_Brain_Tumor/images/1518.png,/sessions/rcw-01rhzohs6sarhhp2xkz1oted/mnt/MVI_Brain_Tumor/masks/1518.png
validation,/sessions/rcw-01rhzohs6sarhhp2xkz1oted/mnt/MVI_Brain_Tumor/images/1012.png,/sessions/rcw-01rhzohs6sarhhp2xkz1oted/mnt/MVI_Brain_Tumor/masks/1012.png
validation,/sessions/rcw-01rhzohs6sarhhp2xkz1oted/mnt/MVI_Brain_Tumor/images/2588.png,/sessions/rcw-01rhzohs6sarhhp2xkz1oted/mnt/MVI_Brain_Tumor/masks/2588.png
validation,/sessions/rcw-01rhzohs6sarhhp2xkz1oted/mnt/MVI_Brain_Tumor/images/460.png,/sessions/rcw-01rhzohs6sarhhp2xkz1oted/mnt/MVI_Brain_Tumor/masks/460.png
validation,/sessions/rcw-01rhzohs6sarhhp2xkz1oted/mnt/MVI_Brain_Tumor/images/2390.png,/sessions/rcw-01rhzohs6sarhhp2xkz1oted/mnt/MVI_Brain_Tumor/masks/2390.png
validation,/sessions/rcw-01rhzohs6sarhhp2xkz1oted/mnt/MVI_Brain_Tumor/images/2060.png,/sessions/rcw-01rhzohs6sarhhp2xkz1oted/mnt/MVI_Brain_Tumor/masks/2060.png
validation,/sessions/rcw-01rhzohs6sarhhp2xkz1oted/mnt/MVI_Brain_Tumor/images/2923.png,/sessions/rcw-01rhzohs6sarhhp2xkz1oted/mnt/MVI_Brain_Tumor/masks/2923.png
validation,/sessions/rcw-01rhzohs6sarhhp2xkz1oted/mnt/MVI_Brain_Tumor/images/1714.png,/sessions/rcw-01rhzohs6sarhhp2xkz1oted/mnt/MVI_Brain_Tumor/masks/1714.png
validation,/sessions/rcw-01rhzohs6sarhhp2xkz1oted/mnt/MVI_Brain_Tumor/images/2170.png,/sessions/rcw-01rhzohs6sarhhp2xkz1oted/mnt/MVI_Brain_Tumor/masks/2170.png
validation,/sessions/rcw-01rhzohs6sarhhp2xkz1oted/mnt/MVI_Brain_Tumor/images/3001.png,/sessions/rcw-01rhzohs6sarhhp2xkz1oted/mnt/MVI_Brain_Tumor/masks/3001.png
validation,/sessions/rcw-01rhzohs6sarhhp2xkz1oted/mnt/MVI_Brain_Tumor/images/2013.png,/sessions/rcw-01rhzohs6sarhhp2xkz1oted/mnt/MVI_Brain_Tumor/masks/2013.png
validation,/sessions/rcw-01rhzohs6sarhhp2xkz1oted/mnt/MVI_Brain_Tumor/images/878.png,/sessions/rcw-01rhzohs6sarhhp2xkz1oted/mnt/MVI_Brain_Tumor/masks/878.png
validation,/sessions/rcw-01rhzohs6sarhhp2xkz1oted/mnt/MVI_Brain_Tumor/images/436.png,/sessions/rcw-01rhzohs6sarhhp2xkz1oted/mnt/MVI_Brain_Tumor/masks/436.png
validation,/sessions/rcw-01rhzohs6sarhhp2xkz1oted/mnt/MVI_Brain_Tumor/images/2757.png,/sessions/rcw-01rhzohs6sarhhp2xkz1oted/mnt/MVI_Brain_Tumor/masks/2757.png
validation,/sessions/rcw-01rhzohs6sarhhp2xkz1oted/mnt/MVI_Brain_Tumor/images/1315.png,/sessions/rcw-01rhzohs6sarhhp2xkz1oted/mnt/MVI_Brain_Tumor/masks/1315.png
validation,/sessions/rcw-01rhzohs6sarhhp2xkz1oted/mnt/MVI_Brain_Tumor/images/407.png,/sessions/rcw-01rhzohs6sarhhp2xkz1oted/mnt/MVI_Brain_Tumor/masks/407.png
validation,/sessions/rcw-01rhzohs6sarhhp2xkz1oted/mnt/MVI_Brain_Tumor/images/1612.png,/sessions/rcw-01rhzohs6sarhhp2xkz1oted/mnt/MVI_Brain_Tumor/masks/1612.png
validation,/sessions/rcw-01rhzohs6sarhhp2xkz1oted/mnt/MVI_Brain_Tumor/images/2487.png,/sessions/rcw-01rhzohs6sarhhp2xkz1oted/mnt/MVI_Brain_Tumor/masks/2487.png
validation,/sessions/rcw-01rhzohs6sarhhp2xkz1oted/mnt/MVI_Brain_Tumor/images/176.png,/sessions/rcw-01rhzohs6sarhhp2xkz1oted/mnt/MVI_Brain_Tumor/masks/176.png
validation,/sessions/rcw-01rhzohs6sarhhp2xkz1oted/mnt/MVI_Brain_Tumor/images/2957.png,/sessions/rcw-01rhzohs6sarhhp2xkz1oted/mnt/MVI_Brain_Tumor/masks/2957.png
validation,/sessions/rcw-01rhzohs6sarhhp2xkz1oted/mnt/MVI_Brain_Tumor/images/1132.png,/sessions/rcw-01rhzohs6sarhhp2xkz1oted/mnt/MVI_Brain_Tumor/masks/1132.png
validation,/sessions/rcw-01rhzohs6sarhhp2xkz1oted/mnt/MVI_Brain_Tumor/images/1706.png,/sessions/rcw-01rhzohs6sarhhp2xkz1oted/mnt/MVI_Brain_Tumor/masks/1706.png
validation,/sessions/rcw-01rhzohs6sarhhp2xkz1oted/mnt/MVI_Brain_Tumor/images/574.png,/sessions/rcw-01rhzohs6sarhhp2xkz1oted/mnt/MVI_Brain_Tumor/masks/574.png
validation,/sessions/rcw-01rhzohs6sarhhp2xkz1oted/mnt/MVI_Brain_Tumor/images/2995.png,/sessions/rcw-01rhzohs6sarhhp2xkz1oted/mnt/MVI_Brain_Tumor/masks/2995.png
validation,/sessions/rcw-01rhzohs6sarhhp2xkz1oted/mnt/MVI_Brain_Tumor/images/2932.png,/sessions/rcw-01rhzohs6sarhhp2xkz1oted/mnt/MVI_Brain_Tumor/masks/2932.png
validation,/sessions/rcw-01rhzohs6sarhhp2xkz1oted/mnt/MVI_Brain_Tumor/images/1252.png,/sessions/rcw-01rhzohs6sarhhp2xkz1oted/mnt/MVI_Brain_Tumor/masks/1252.png
validation,/sessions/rcw-01rhzohs6sarhhp2xkz1oted/mnt/MVI_Brain_Tumor/images/633.png,/sessions/rcw-01rhzohs6sarhhp2xkz1oted/mnt/MVI_Brain_Tumor/masks/633.png
validation,/sessions/rcw-01rhzohs6sarhhp2xkz1oted/mnt/MVI_Brain_Tumor/images/800.png,/sessions/rcw-01rhzohs6sarhhp2xkz1oted/mnt/MVI_Brain_Tumor/masks/800.png
validation,/sessions/rcw-01rhzohs6sarhhp2xkz1oted/mnt/MVI_Brain_Tumor/images/2951.png,/sessions/rcw-01rhzohs6sarhhp2xkz1oted/mnt/MVI_Brain_Tumor/masks/2951.png
validation,/sessions/rcw-01rhzohs6sarhhp2xkz1oted/mnt/MVI_Brain_Tumor/images/2686.png,/sessions/rcw-01rhzohs6sarhhp2xkz1oted/mnt/MVI_Brain_Tumor/masks/2686.png
validation,/sessions/rcw-01rhzohs6sarhhp2xkz1oted/mnt/MVI_Brain_Tumor/images/516.png,/sessions/rcw-01rhzohs6sarhhp2xkz1oted/mnt/MVI_Brain_Tumor/masks/516.png
validation,/sessions/rcw-01rhzohs6sarhhp2xkz1oted/mnt/MVI_Brain_Tumor/images/1782.png,/sessions/rcw-01rhzohs6sarhhp2xkz1oted/mnt/MVI_Brain_Tumor/masks/1782.png
validation,/sessions/rcw-01rhzohs6sarhhp2xkz1oted/mnt/MVI_Brain_Tumor/images/854.png,/sessions/rcw-01rhzohs6sarhhp2xkz1oted/mnt/MVI_Brain_Tumor/masks/854.png
validation,/sessions/rcw-01rhzohs6sarhhp2xkz1oted/mnt/MVI_Brain_Tumor/images/1001.png,/sessions/rcw-01rhzohs6sarhhp2xkz1oted/mnt/MVI_Brain_Tumor/masks/1001.png
validation,/sessions/rcw-01rhzohs6sarhhp2xkz1oted/mnt/MVI_Brain_Tumor/images/2574.png,/sessions/rcw-01rhzohs6sarhhp2xkz1oted/mnt/MVI_Brain_Tumor/masks/2574.png
validation,/sessions/rcw-01rhzohs6sarhhp2xkz1oted/mnt/MVI_Brain_Tumor/images/2216.png,/sessions/rcw-01rhzohs6sarhhp2xkz1oted/mnt/MVI_Brain_Tumor/masks/2216.png
validation,/sessions/rcw-01rhzohs6sarhhp2xkz1oted/mnt/MVI_Brain_Tumor/images/221.png,/sessions/rcw-01rhzohs6sarhhp2xkz1oted/mnt/MVI_Brain_Tumor/masks/221.png
validation,/sessions/rcw-01rhzohs6sarhhp2xkz1oted/mnt/MVI_Brain_Tumor/images/1488.png,/sessions/rcw-01rhzohs6sarhhp2xkz1oted/mnt/MVI_Brain_Tumor/masks/1488.png
validation,/sessions/rcw-01rhzohs6sarhhp2xkz1oted/mnt/MVI_Brain_Tumor/images/1279.png,/sessions/rcw-01rhzohs6sarhhp2xkz1oted/mnt/MVI_Brain_Tumor/masks/1279.png
validation,/sessions/rcw-01rhzohs6sarhhp2xkz1oted/mnt/MVI_Brain_Tumor/images/2966.png,/sessions/rcw-01rhzohs6sarhhp2xkz1oted/mnt/MVI_Brain_Tumor/masks/2966.png
validation,/sessions/rcw-01rhzohs6sarhhp2xkz1oted/mnt/MVI_Brain_Tumor/images/2058.png,/sessions/rcw-01rhzohs6sarhhp2xkz1oted/mnt/MVI_Brain_Tumor/masks/2058.png
validation,/sessions/rcw-01rhzohs6sarhhp2xkz1oted/mnt/MVI_Brain_Tumor/images/229.png,/sessions/rcw-01rhzohs6sarhhp2xkz1oted/mnt/MVI_Brain_Tumor/masks/229.png
validation,/sessions/rcw-01rhzohs6sarhhp2xkz1oted/mnt/MVI_Brain_Tumor/images/2207.png,/sessions/rcw-01rhzohs6sarhhp2xkz1oted/mnt/MVI_Brain_Tumor/masks/2207.png
validation,/sessions/rcw-01rhzohs6sarhhp2xkz1oted/mnt/MVI_Brain_Tumor/images/1696.png,/sessions/rcw-01rhzohs6sarhhp2xkz1oted/mnt/MVI_Brain_Tumor/masks/1696.png
validation,/sessions/rcw-01rhzohs6sarhhp2xkz1oted/mnt/MVI_Brain_Tumor/images/866.png,/sessions/rcw-01rhzohs6sarhhp2xkz1oted/mnt/MVI_Brain_Tumor/masks/866.png
validation,/sessions/rcw-01rhzohs6sarhhp2xkz1oted/mnt/MVI_Brain_Tumor/images/601.png,/sessions/rcw-01rhzohs6sarhhp2xkz1oted/mnt/MVI_Brain_Tumor/masks/601.png
validation,/sessions/rcw-01rhzohs6sarhhp2xkz1oted/mnt/MVI_Brain_Tumor/images/2008.png,/sessions/rcw-01rhzohs6sarhhp2xkz1oted/mnt/MVI_Brain_Tumor/masks/2008.png
validation,/sessions/rcw-01rhzohs6sarhhp2xkz1oted/mnt/MVI_Brain_Tumor/images/1968.png,/sessions/rcw-01rhzohs6sarhhp2xkz1oted/mnt/MVI_Brain_Tumor/masks/1968.png
validation,/sessions/rcw-01rhzohs6sarhhp2xkz1oted/mnt/MVI_Brain_Tumor/images/1286.png,/sessions/rcw-01rhzohs6sarhhp2xkz1oted/mnt/MVI_Brain_Tumor/masks/1286.png
validation,/sessions/rcw-01rhzohs6sarhhp2xkz1oted/mnt/MVI_Brain_Tumor/images/904.png,/sessions/rcw-01rhzohs6sarhhp2xkz1oted/mnt/MVI_Brain_Tumor/masks/904.png
validation,/sessions/rcw-01rhzohs6sarhhp2xkz1oted/mnt/MVI_Brain_Tumor/images/235.png,/sessions/rcw-01rhzohs6sarhhp2xkz1oted/mnt/MVI_Brain_Tumor/masks/235.png
validation,/sessions/rcw-01rhzohs6sarhhp2xkz1oted/mnt/MVI_Brain_Tumor/images/1479.png,/sessions/rcw-01rhzohs6sarhhp2xkz1oted/mnt/MVI_Brain_Tumor/masks/1479.png
validation,/sessions/rcw-01rhzohs6sarhhp2xkz1oted/mnt/MVI_Brain_Tumor/images/465.png,/sessions/rcw-01rhzohs6sarhhp2xkz1oted/mnt/MVI_Brain_Tumor/masks/465.png
validation,/sessions/rcw-01rhzohs6sarhhp2xkz1oted/mnt/MVI_Brain_Tumor/images/2549.png,/sessions/rcw-01rhzohs6sarhhp2xkz1oted/mnt/MVI_Brain_Tumor/masks/2549.png
validation,/sessions/rcw-01rhzohs6sarhhp2xkz1oted/mnt/MVI_Brain_Tumor/images/313.png,/sessions/rcw-01rhzohs6sarhhp2xkz1oted/mnt/MVI_Brain_Tumor/masks/313.png
validation,/sessions/rcw-01rhzohs6sarhhp2xkz1oted/mnt/MVI_Brain_Tumor/images/1119.png,/sessions/rcw-01rhzohs6sarhhp2xkz1oted/mnt/MVI_Brain_Tumor/masks/1119.png
validation,/sessions/rcw-01rhzohs6sarhhp2xkz1oted/mnt/MVI_Brain_Tumor/images/2464.png,/sessions/rcw-01rhzohs6sarhhp2xkz1oted/mnt/MVI_Brain_Tumor/masks/2464.png
validation,/sessions/rcw-01rhzohs6sarhhp2xkz1oted/mnt/MVI_Brain_Tumor/images/2217.png,/sessions/rcw-01rhzohs6sarhhp2xkz1oted/mnt/MVI_Brain_Tumor/masks/2217.png
validation,/sessions/rcw-01rhzohs6sarhhp2xkz1oted/mnt/MVI_Brain_Tumor/images/714.png,/sessions/rcw-01rhzohs6sarhhp2xkz1oted/mnt/MVI_Brain_Tumor/masks/714.png
validation,/sessions/rcw-01rhzohs6sarhhp2xkz1oted/mnt/MVI_Brain_Tumor/images/1121.png,/sessions/rcw-01rhzohs6sarhhp2xkz1oted/mnt/MVI_Brain_Tumor/masks/1121.png
validation,/sessions/rcw-01rhzohs6sarhhp2xkz1oted/mnt/MVI_Brain_Tumor/images/1618.png,/sessions/rcw-01rhzohs6sarhhp2xkz1oted/mnt/MVI_Brain_Tumor/masks/1618.png
validation,/sessions/rcw-01rhzohs6sarhhp2xkz1oted/mnt/MVI_Brain_Tumor/images/2298.png,/sessions/rcw-01rhzohs6sarhhp2xkz1oted/mnt/MVI_Brain_Tumor/masks/2298.png
validation,/sessions/rcw-01rhzohs6sarhhp2xkz1oted/mnt/MVI_Brain_Tumor/images/2432.png,/sessions/rcw-01rhzohs6sarhhp2xkz1oted/mnt/MVI_Brain_Tumor/masks/2432.png
validation,/sessions/rcw-01rhzohs6sarhhp2xkz1oted/mnt/MVI_Brain_Tumor/images/70.png,/sessions/rcw-01rhzohs6sarhhp2xkz1oted/mnt/MVI_Brain_Tumor/masks/70.png
validation,/sessions/rcw-01rhzohs6sarhhp2xkz1oted/mnt/MVI_Brain_Tumor/images/1698.png,/sessions/rcw-01rhzohs6sarhhp2xkz1oted/mnt/MVI_Brain_Tumor/masks/1698.png
validation,/sessions/rcw-01rhzohs6sarhhp2xkz1oted/mnt/MVI_Brain_Tumor/images/951.png,/sessions/rcw-01rhzohs6sarhhp2xkz1oted/mnt/MVI_Brain_Tumor/masks/951.png
validation,/sessions/rcw-01rhzohs6sarhhp2xkz1oted/mnt/MVI_Brain_Tumor/images/285.png,/sessions/rcw-01rhzohs6sarhhp2xkz1oted/mnt/MVI_Brain_Tumor/masks/285.png
validation,/sessions/rcw-01rhzohs6sarhhp2xkz1oted/mnt/MVI_Brain_Tumor/images/113.png,/sessions/rcw-01rhzohs6sarhhp2xkz1oted/mnt/MVI_Brain_Tumor/masks/113.png
validation,/sessions/rcw-01rhzohs6sarhhp2xkz1oted/mnt/MVI_Brain_Tumor/images/2591.png,/sessions/rcw-01rhzohs6sarhhp2xkz1oted/mnt/MVI_Brain_Tumor/masks/2591.png
validation,/sessions/rcw-01rhzohs6sarhhp2xkz1oted/mnt/MVI_Brain_Tumor/images/1271.png,/sessions/rcw-01rhzohs6sarhhp2xkz1oted/mnt/MVI_Brain_Tumor/masks/1271.png
validation,/sessions/rcw-01rhzohs6sarhhp2xkz1oted/mnt/MVI_Brain_Tumor/images/1789.png,/sessions/rcw-01rhzohs6sarhhp2xkz1oted/mnt/MVI_Brain_Tumor/masks/1789.png
validation,/sessions/rcw-01rhzohs6sarhhp2xkz1oted/mnt/MVI_Brain_Tumor/images/180.png,/sessions/rcw-01rhzohs6sarhhp2xkz1oted/mnt/MVI_Brain_Tumor/masks/180.png
validation,/sessions/rcw-01rhzohs6sarhhp2xkz1oted/mnt/MVI_Brain_Tumor/images/1077.png,/sessions/rcw-01rhzohs6sarhhp2xkz1oted/mnt/MVI_Brain_Tumor/masks/1077.png
validation,/sessions/rcw-01rhzohs6sarhhp2xkz1oted/mnt/MVI_Brain_Tumor/images/2075.png,/sessions/rcw-01rhzohs6sarhhp2xkz1oted/mnt/MVI_Brain_Tumor/masks/2075.png
validation,/sessions/rcw-01rhzohs6sarhhp2xkz1oted/mnt/MVI_Brain_Tumor/images/1337.png,/sessions/rcw-01rhzohs6sarhhp2xkz1oted/mnt/MVI_Brain_Tumor/masks/1337.png
validation,/sessions/rcw-01rhzohs6sarhhp2xkz1oted/mnt/MVI_Brain_Tumor/images/282.png,/sessions/rcw-01rhzohs6sarhhp2xkz1oted/mnt/MVI_Brain_Tumor/masks/282.png
validation,/sessions/rcw-01rhzohs6sarhhp2xkz1oted/mnt/MVI_Brain_Tumor/images/59.png,/sessions/rcw-01rhzohs6sarhhp2xkz1oted/mnt/MVI_Brain_Tumor/masks/59.png
validation,/sessions/rcw-01rhzohs6sarhhp2xkz1oted/mnt/MVI_Brain_Tumor/images/1537.png,/sessions/rcw-01rhzohs6sarhhp2xkz1oted/mnt/MVI_Brain_Tumor/masks/1537.png
validation,/sessions/rcw-01rhzohs6sarhhp2xkz1oted/mnt/MVI_Brain_Tumor/images/947.png,/sessions/rcw-01rhzohs6sarhhp2xkz1oted/mnt/MVI_Brain_Tumor/masks/947.png
validation,/sessions/rcw-01rhzohs6sarhhp2xkz1oted/mnt/MVI_Brain_Tumor/images/2990.png,/sessions/rcw-01rhzohs6sarhhp2xkz1oted/mnt/MVI_Brain_Tumor/masks/2990.png
validation,/sessions/rcw-01rhzohs6sarhhp2xkz1oted/mnt/MVI_Brain_Tumor/images/1197.png,/sessions/rcw-01rhzohs6sarhhp2xkz1oted/mnt/MVI_Brain_Tumor/masks/1197.png
validation,/sessions/rcw-01rhzohs6sarhhp2xkz1oted/mnt/MVI_Brain_Tumor/images/2156.png,/sessions/rcw-01rhzohs6sarhhp2xkz1oted/mnt/MVI_Brain_Tumor/masks/2156.png
validation,/sessions/rcw-01rhzohs6sarhhp2xkz1oted/mnt/MVI_Brain_Tumor/images/2260.png,/sessions/rcw-01rhzohs6sarhhp2xkz1oted/mnt/MVI_Brain_Tumor/masks/2260.png
validation,/sessions/rcw-01rhzohs6sarhhp2xkz1oted/mnt/MVI_Brain_Tumor/images/807.png,/sessions/rcw-01rhzohs6sarhhp2xkz1oted/mnt/MVI_Brain_Tumor/masks/807.png
validation,/sessions/rcw-01rhzohs6sarhhp2xkz1oted/mnt/MVI_Brain_Tumor/images/2696.png,/sessions/rcw-01rhzohs6sarhhp2xkz1oted/mnt/MVI_Brain_Tumor/masks/2696.png
validation,/sessions/rcw-01rhzohs6sarhhp2xkz1oted/mnt/MVI_Brain_Tumor/images/249.png,/sessions/rcw-01rhzohs6sarhhp2xkz1oted/mnt/MVI_Brain_Tumor/masks/249.png
validation,/sessions/rcw-01rhzohs6sarhhp2xkz1oted/mnt/MVI_Brain_Tumor/images/524.png,/sessions/rcw-01rhzohs6sarhhp2xkz1oted/mnt/MVI_Brain_Tumor/masks/524.png
validation,/sessions/rcw-01rhzohs6sarhhp2xkz1oted/mnt/MVI_Brain_Tumor/images/1006.png,/sessions/rcw-01rhzohs6sarhhp2xkz1oted/mnt/MVI_Brain_Tumor/masks/1006.png
validation,/sessions/rcw-01rhzohs6sarhhp2xkz1oted/mnt/MVI_Brain_Tumor/images/2543.png,/sessions/rcw-01rhzohs6sarhhp2xkz1oted/mnt/MVI_Brain_Tumor/masks/2543.png
validation,/sessions/rcw-01rhzohs6sarhhp2xkz1oted/mnt/MVI_Brain_Tumor/images/1201.png,/sessions/rcw-01rhzohs6sarhhp2xkz1oted/mnt/MVI_Brain_Tumor/masks/1201.png
validation,/sessions/rcw-01rhzohs6sarhhp2xkz1oted/mnt/MVI_Brain_Tumor/images/1776.png,/sessions/rcw-01rhzohs6sarhhp2xkz1oted/mnt/MVI_Brain_Tumor/masks/1776.png
validation,/sessions/rcw-01rhzohs6sarhhp2xkz1oted/mnt/MVI_Brain_Tumor/images/1788.png,/sessions/rcw-01rhzohs6sarhhp2xkz1oted/mnt/MVI_Brain_Tumor/masks/1788.png
validation,/sessions/rcw-01rhzohs6sarhhp2xkz1oted/mnt/MVI_Brain_Tumor/images/1585.png,/sessions/rcw-01rhzohs6sarhhp2xkz1oted/mnt/MVI_Brain_Tumor/masks/1585.png
validation,/sessions/rcw-01rhzohs6sarhhp2xkz1oted/mnt/MVI_Brain_Tumor/images/3002.png,/sessions/rcw-01rhzohs6sarhhp2xkz1oted/mnt/MVI_Brain_Tumor/masks/3002.png
validation,/sessions/rcw-01rhzohs6sarhhp2xkz1oted/mnt/MVI_Brain_Tumor/images/289.png,/sessions/rcw-01rhzohs6sarhhp2xkz1oted/mnt/MVI_Brain_Tumor/masks/289.png
validation,/sessions/rcw-01rhzohs6sarhhp2xkz1oted/mnt/MVI_Brain_Tumor/images/1318.png,/sessions/rcw-01rhzohs6sarhhp2xkz1oted/mnt/MVI_Brain_Tumor/masks/1318.png
validation,/sessions/rcw-01rhzohs6sarhhp2xkz1oted/mnt/MVI_Brain_Tumor/images/1540.png,/sessions/rcw-01rhzohs6sarhhp2xkz1oted/mnt/MVI_Brain_Tumor/masks/1540.png
validation,/sessions/rcw-01rhzohs6sarhhp2xkz1oted/mnt/MVI_Brain_Tumor/images/2099.png,/sessions/rcw-01rhzohs6sarhhp2xkz1oted/mnt/MVI_Brain_Tumor/masks/2099.png
task2_test,/sessions/rcw-01rhzohs6sarhhp2xkz1oted/mnt/MVI_Brain_Tumor/images/1007.png,/sessions/rcw-01rhzohs6sarhhp2xkz1oted/mnt/MVI_Brain_Tumor/masks/1007.png
task2_test,/sessions/rcw-01rhzohs6sarhhp2xkz1oted/mnt/MVI_Brain_Tumor/images/741.png,/sessions/rcw-01rhzohs6sarhhp2xkz1oted/mnt/MVI_Brain_Tumor/masks/741.png
task2_test,/sessions/rcw-01rhzohs6sarhhp2xkz1oted/mnt/MVI_Brain_Tumor/images/395.png,/sessions/rcw-01rhzohs6sarhhp2xkz1oted/mnt/MVI_Brain_Tumor/masks/395.png
task2_test,/sessions/rcw-01rhzohs6sarhhp2xkz1oted/mnt/MVI_Brain_Tumor/images/1840.png,/sessions/rcw-01rhzohs6sarhhp2xkz1oted/mnt/MVI_Brain_Tumor/masks/1840.png
task2_test,/sessions/rcw-01rhzohs6sarhhp2xkz1oted/mnt/MVI_Brain_Tumor/images/2408.png,/sessions/rcw-01rhzohs6sarhhp2xkz1oted/mnt/MVI_Brain_Tumor/masks/2408.png
task2_test,/sessions/rcw-01rhzohs6sarhhp2xkz1oted/mnt/MVI_Brain_Tumor/images/1054.png,/sessions/rcw-01rhzohs6sarhhp2xkz1oted/mnt/MVI_Brain_Tumor/masks/1054.png
task2_test,/sessions/rcw-01rhzohs6sarhhp2xkz1oted/mnt/MVI_Brain_Tumor/images/1260.png,/sessions/rcw-01rhzohs6sarhhp2xkz1oted/mnt/MVI_Brain_Tumor/masks/1260.png
task2_test,/sessions/rcw-01rhzohs6sarhhp2xkz1oted/mnt/MVI_Brain_Tumor/images/2541.png,/sessions/rcw-01rhzohs6sarhhp2xkz1oted/mnt/MVI_Brain_Tumor/masks/2541.png
task2_test,/sessions/rcw-01rhzohs6sarhhp2xkz1oted/mnt/MVI_Brain_Tumor/images/303.png,/sessions/rcw-01rhzohs6sarhhp2xkz1oted/mnt/MVI_Brain_Tumor/masks/303.png
task2_test,/sessions/rcw-01rhzohs6sarhhp2xkz1oted/mnt/MVI_Brain_Tumor/images/1857.png,/sessions/rcw-01rhzohs6sarhhp2xkz1oted/mnt/MVI_Brain_Tumor/masks/1857.png
task2_test,/sessions/rcw-01rhzohs6sarhhp2xkz1oted/mnt/MVI_Brain_Tumor/images/1818.png,/sessions/rcw-01rhzohs6sarhhp2xkz1oted/mnt/MVI_Brain_Tumor/masks/1818.png
task2_test,/sessions/rcw-01rhzohs6sarhhp2xkz1oted/mnt/MVI_Brain_Tumor/images/791.png,/sessions/rcw-01rhzohs6sarhhp2xkz1oted/mnt/MVI_Brain_Tumor/masks/791.png
task2_test,/sessions/rcw-01rhzohs6sarhhp2xkz1oted/mnt/MVI_Brain_Tumor/images/2364.png,/sessions/rcw-01rhzohs6sarhhp2xkz1oted/mnt/MVI_Brain_Tumor/masks/2364.png
task2_test,/sessions/rcw-01rhzohs6sarhhp2xkz1oted/mnt/MVI_Brain_Tumor/images/2670.png,/sessions/rcw-01rhzohs6sarhhp2xkz1oted/mnt/MVI_Brain_Tumor/masks/2670.png
task2_test,/sessions/rcw-01rhzohs6sarhhp2xkz1oted/mnt/MVI_Brain_Tumor/images/2770.png,/sessions/rcw-01rhzohs6sarhhp2xkz1oted/mnt/MVI_Brain_Tumor/masks/2770.png
task2_test,/sessions/rcw-01rhzohs6sarhhp2xkz1oted/mnt/MVI_Brain_Tumor/images/1592.png,/sessions/rcw-01rhzohs6sarhhp2xkz1oted/mnt/MVI_Brain_Tumor/masks/1592.png
task2_test,/sessions/rcw-01rhzohs6sarhhp2xkz1oted/mnt/MVI_Brain_Tumor/images/1730.png,/sessions/rcw-01rhzohs6sarhhp2xkz1oted/mnt/MVI_Brain_Tumor/masks/1730.png
task2_test,/sessions/rcw-01rhzohs6sarhhp2xkz1oted/mnt/MVI_Brain_Tumor/images/2472.png,/sessions/rcw-01rhzohs6sarhhp2xkz1oted/mnt/MVI_Brain_Tumor/masks/2472.png
task2_test,/sessions/rcw-01rhzohs6sarhhp2xkz1oted/mnt/MVI_Brain_Tumor/images/2788.png,/sessions/rcw-01rhzohs6sarhhp2xkz1oted/mnt/MVI_Brain_Tumor/masks/2788.png
task2_test,/sessions/rcw-01rhzohs6sarhhp2xkz1oted/mnt/MVI_Brain_Tumor/images/1039.png,/sessions/rcw-01rhzohs6sarhhp2xkz1oted/mnt/MVI_Brain_Tumor/masks/1039.png
task2_test,/sessions/rcw-01rhzohs6sarhhp2xkz1oted/mnt/MVI_Brain_Tumor/images/526.png,/sessions/rcw-01rhzohs6sarhhp2xkz1oted/mnt/MVI_Brain_Tumor/masks/526.png
task2_test,/sessions/rcw-01rhzohs6sarhhp2xkz1oted/mnt/MVI_Brain_Tumor/images/694.png,/sessions/rcw-01rhzohs6sarhhp2xkz1oted/mnt/MVI_Brain_Tumor/masks/694.png
task2_test,/sessions/rcw-01rhzohs6sarhhp2xkz1oted/mnt/MVI_Brain_Tumor/images/964.png,/sessions/rcw-01rhzohs6sarhhp2xkz1oted/mnt/MVI_Brain_Tumor/masks/964.png
task2_test,/sessions/rcw-01rhzohs6sarhhp2xkz1oted/mnt/MVI_Brain_Tumor/images/1576.png,/sessions/rcw-01rhzohs6sarhhp2xkz1oted/mnt/MVI_Brain_Tumor/masks/1576.png
task2_test,/sessions/rcw-01rhzohs6sarhhp2xkz1oted/mnt/MVI_Brain_Tumor/images/2415.png,/sessions/rcw-01rhzohs6sarhhp2xkz1oted/mnt/MVI_Brain_Tumor/masks/2415.png
task2_test,/sessions/rcw-01rhzohs6sarhhp2xkz1oted/mnt/MVI_Brain_Tumor/images/1058.png,/sessions/rcw-01rhzohs6sarhhp2xkz1oted/mnt/MVI_Brain_Tumor/masks/1058.png
task2_test,/sessions/rcw-01rhzohs6sarhhp2xkz1oted/mnt/MVI_Brain_Tumor/images/1867.png,/sessions/rcw-01rhzohs6sarhhp2xkz1oted/mnt/MVI_Brain_Tumor/masks/1867.png
task2_test,/sessions/rcw-01rhzohs6sarhhp2xkz1oted/mnt/MVI_Brain_Tumor/images/64.png,/sessions/rcw-01rhzohs6sarhhp2xkz1oted/mnt/MVI_Brain_Tumor/masks/64.png
task2_test,/sessions/rcw-01rhzohs6sarhhp2xkz1oted/mnt/MVI_Brain_Tumor/images/1726.png,/sessions/rcw-01rhzohs6sarhhp2xkz1oted/mnt/MVI_Brain_Tumor/masks/1726.png
task2_test,/sessions/rcw-01rhzohs6sarhhp2xkz1oted/mnt/MVI_Brain_Tumor/images/2276.png,/sessions/rcw-01rhzohs6sarhhp2xkz1oted/mnt/MVI_Brain_Tumor/masks/2276.png
task2_test,/sessions/rcw-01rhzohs6sarhhp2xkz1oted/mnt/MVI_Brain_Tumor/images/2526.png,/sessions/rcw-01rhzohs6sarhhp2xkz1oted/mnt/MVI_Brain_Tumor/masks/2526.png
task2_test,/sessions/rcw-01rhzohs6sarhhp2xkz1oted/mnt/MVI_Brain_Tumor/images/1421.png,/sessions/rcw-01rhzohs6sarhhp2xkz1oted/mnt/MVI_Brain_Tumor/masks/1421.png
task2_test,/sessions/rcw-01rhzohs6sarhhp2xkz1oted/mnt/MVI_Brain_Tumor/images/1439.png,/sessions/rcw-01rhzohs6sarhhp2xkz1oted/mnt/MVI_Brain_Tumor/masks/1439.png
task2_test,/sessions/rcw-01rhzohs6sarhhp2xkz1oted/mnt/MVI_Brain_Tumor/images/1154.png,/sessions/rcw-01rhzohs6sarhhp2xkz1oted/mnt/MVI_Brain_Tumor/masks/1154.png
task2_test,/sessions/rcw-01rhzohs6sarhhp2xkz1oted/mnt/MVI_Brain_Tumor/images/745.png,/sessions/rcw-01rhzohs6sarhhp2xkz1oted/mnt/MVI_Brain_Tumor/masks/745.png
task2_test,/sessions/rcw-01rhzohs6sarhhp2xkz1oted/mnt/MVI_Brain_Tumor/images/1496.png,/sessions/rcw-01rhzohs6sarhhp2xkz1oted/mnt/MVI_Brain_Tumor/masks/1496.png
task2_test,/sessions/rcw-01rhzohs6sarhhp2xkz1oted/mnt/MVI_Brain_Tumor/images/1311.png,/sessions/rcw-01rhzohs6sarhhp2xkz1oted/mnt/MVI_Brain_Tumor/masks/1311.png
task2_test,/sessions/rcw-01rhzohs6sarhhp2xkz1oted/mnt/MVI_Brain_Tumor/images/253.png,/sessions/rcw-01rhzohs6sarhhp2xkz1oted/mnt/MVI_Brain_Tumor/masks/253.png
task2_test,/sessions/rcw-01rhzohs6sarhhp2xkz1oted/mnt/MVI_Brain_Tumor/images/1949.png,/sessions/rcw-01rhzohs6sarhhp2xkz1oted/mnt/MVI_Brain_Tumor/masks/1949.png
task2_test,/sessions/rcw-01rhzohs6sarhhp2xkz1oted/mnt/MVI_Brain_Tumor/images/1351.png,/sessions/rcw-01rhzohs6sarhhp2xkz1oted/mnt/MVI_Brain_Tumor/masks/1351.png
task2_test,/sessions/rcw-01rhzohs6sarhhp2xkz1oted/mnt/MVI_Brain_Tumor/images/659.png,/sessions/rcw-01rhzohs6sarhhp2xkz1oted/mnt/MVI_Brain_Tumor/masks/659.png
task2_test,/sessions/rcw-01rhzohs6sarhhp2xkz1oted/mnt/MVI_Brain_Tumor/images/219.png,/sessions/rcw-01rhzohs6sarhhp2xkz1oted/mnt/MVI_Brain_Tumor/masks/219.png
task2_test,/sessions/rcw-01rhzohs6sarhhp2xkz1oted/mnt/MVI_Brain_Tumor/images/1957.png,/sessions/rcw-01rhzohs6sarhhp2xkz1oted/mnt/MVI_Brain_Tumor/masks/1957.png
task2_test,/sessions/rcw-01rhzohs6sarhhp2xkz1oted/mnt/MVI_Brain_Tumor/images/2667.png,/sessions/rcw-01rhzohs6sarhhp2xkz1oted/mnt/MVI_Brain_Tumor/masks/2667.png
task2_test,/sessions/rcw-01rhzohs6sarhhp2xkz1oted/mnt/MVI_Brain_Tumor/images/2540.png,/sessions/rcw-01rhzohs6sarhhp2xkz1oted/mnt/MVI_Brain_Tumor/masks/2540.png
task2_test,/sessions/rcw-01rhzohs6sarhhp2xkz1oted/mnt/MVI_Brain_Tumor/images/12.png,/sessions/rcw-01rhzohs6sarhhp2xkz1oted/mnt/MVI_Brain_Tumor/masks/12.png
task2_test,/sessions/rcw-01rhzohs6sarhhp2xkz1oted/mnt/MVI_Brain_Tumor/images/682.png,/sessions/rcw-01rhzohs6sarhhp2xkz1oted/mnt/MVI_Brain_Tumor/masks/682.png
task2_test,/sessions/rcw-01rhzohs6sarhhp2xkz1oted/mnt/MVI_Brain_Tumor/images/641.png,/sessions/rcw-01rhzohs6sarhhp2xkz1oted/mnt/MVI_Brain_Tumor/masks/641.png
task2_test,/sessions/rcw-01rhzohs6sarhhp2xkz1oted/mnt/MVI_Brain_Tumor/images/747.png,/sessions/rcw-01rhzohs6sarhhp2xkz1oted/mnt/MVI_Brain_Tumor/masks/747.png
task2_test,/sessions/rcw-01rhzohs6sarhhp2xkz1oted/mnt/MVI_Brain_Tumor/images/1299.png,/sessions/rcw-01rhzohs6sarhhp2xkz1oted/mnt/MVI_Brain_Tumor/masks/1299.png
task2_test,/sessions/rcw-01rhzohs6sarhhp2xkz1oted/mnt/MVI_Brain_Tumor/images/137.png,/sessions/rcw-01rhzohs6sarhhp2xkz1oted/mnt/MVI_Brain_Tumor/masks/137.png
task2_test,/sessions/rcw-01rhzohs6sarhhp2xkz1oted/mnt/MVI_Brain_Tumor/images/2194.png,/sessions/rcw-01rhzohs6sarhhp2xkz1oted/mnt/MVI_Brain_Tumor/masks/2194.png
task2_test,/sessions/rcw-01rhzohs6sarhhp2xkz1oted/mnt/MVI_Brain_Tumor/images/1455.png,/sessions/rcw-01rhzohs6sarhhp2xkz1oted/mnt/MVI_Brain_Tumor/masks/1455.png
task2_test,/sessions/rcw-01rhzohs6sarhhp2xkz1oted/mnt/MVI_Brain_Tumor/images/2172.png,/sessions/rcw-01rhzohs6sarhhp2xkz1oted/mnt/MVI_Brain_Tumor/masks/2172.png
task2_test,/sessions/rcw-01rhzohs6sarhhp2xkz1oted/mnt/MVI_Brain_Tumor/images/1582.png,/sessions/rcw-01rhzohs6sarhhp2xkz1oted/mnt/MVI_Brain_Tumor/masks/1582.png
task2_test,/sessions/rcw-01rhzohs6sarhhp2xkz1oted/mnt/MVI_Brain_Tumor/images/963.png,/sessions/rcw-01rhzohs6sarhhp2xkz1oted/mnt/MVI_Brain_Tumor/masks/963.png
task2_test,/sessions/rcw-01rhzohs6sarhhp2xkz1oted/mnt/MVI_Brain_Tumor/images/1499.png,/sessions/rcw-01rhzohs6sarhhp2xkz1oted/mnt/MVI_Brain_Tumor/masks/1499.png
task2_test,/sessions/rcw-01rhzohs6sarhhp2xkz1oted/mnt/MVI_Brain_Tumor/images/2746.png,/sessions/rcw-01rhzohs6sarhhp2xkz1oted/mnt/MVI_Brain_Tumor/masks/2746.png
task2_test,/sessions/rcw-01rhzohs6sarhhp2xkz1oted/mnt/MVI_Brain_Tumor/images/1424.png,/sessions/rcw-01rhzohs6sarhhp2xkz1oted/mnt/MVI_Brain_Tumor/masks/1424.png
task2_test,/sessions/rcw-01rhzohs6sarhhp2xkz1oted/mnt/MVI_Brain_Tumor/images/2712.png,/sessions/rcw-01rhzohs6sarhhp2xkz1oted/mnt/MVI_Brain_Tumor/masks/2712.png
task2_test,/sessions/rcw-01rhzohs6sarhhp2xkz1oted/mnt/MVI_Brain_Tumor/images/3038.png,/sessions/rcw-01rhzohs6sarhhp2xkz1oted/mnt/MVI_Brain_Tumor/masks/3038.png
task2_test,/sessions/rcw-01rhzohs6sarhhp2xkz1oted/mnt/MVI_Brain_Tumor/images/2682.png,/sessions/rcw-01rhzohs6sarhhp2xkz1oted/mnt/MVI_Brain_Tumor/masks/2682.png
task2_test,/sessions/rcw-01rhzohs6sarhhp2xkz1oted/mnt/MVI_Brain_Tumor/images/1243.png,/sessions/rcw-01rhzohs6sarhhp2xkz1oted/mnt/MVI_Brain_Tumor/masks/1243.png
task2_test,/sessions/rcw-01rhzohs6sarhhp2xkz1oted/mnt/MVI_Brain_Tumor/images/1158.png,/sessions/rcw-01rhzohs6sarhhp2xkz1oted/mnt/MVI_Brain_Tumor/masks/1158.png
task2_test,/sessions/rcw-01rhzohs6sarhhp2xkz1oted/mnt/MVI_Brain_Tumor/images/2713.png,/sessions/rcw-01rhzohs6sarhhp2xkz1oted/mnt/MVI_Brain_Tumor/masks/2713.png
task2_test,/sessions/rcw-01rhzohs6sarhhp2xkz1oted/mnt/MVI_Brain_Tumor/images/752.png,/sessions/rcw-01rhzohs6sarhhp2xkz1oted/mnt/MVI_Brain_Tumor/masks/752.png
task2_test,/sessions/rcw-01rhzohs6sarhhp2xkz1oted/mnt/MVI_Brain_Tumor/images/1911.png,/sessions/rcw-01rhzohs6sarhhp2xkz1oted/mnt/MVI_Brain_Tumor/masks/1911.png
task2_test,/sessions/rcw-01rhzohs6sarhhp2xkz1oted/mnt/MVI_Brain_Tumor/images/1491.png,/sessions/rcw-01rhzohs6sarhhp2xkz1oted/mnt/MVI_Brain_Tumor/masks/1491.png
task2_test,/sessions/rcw-01rhzohs6sarhhp2xkz1oted/mnt/MVI_Brain_Tumor/images/334.png,/sessions/rcw-01rhzohs6sarhhp2xkz1oted/mnt/MVI_Brain_Tumor/masks/334.png
task2_test,/sessions/rcw-01rhzohs6sarhhp2xkz1oted/mnt/MVI_Brain_Tumor/images/756.png,/sessions/rcw-01rhzohs6sarhhp2xkz1oted/mnt/MVI_Brain_Tumor/masks/756.png
task2_test,/sessions/rcw-01rhzohs6sarhhp2xkz1oted/mnt/MVI_Brain_Tumor/images/2370.png,/sessions/rcw-01rhzohs6sarhhp2xkz1oted/mnt/MVI_Brain_Tumor/masks/2370.png
task2_test,/sessions/rcw-01rhzohs6sarhhp2xkz1oted/mnt/MVI_Brain_Tumor/images/1982.png,/sessions/rcw-01rhzohs6sarhhp2xkz1oted/mnt/MVI_Brain_Tumor/masks/1982.png
task2_test,/sessions/rcw-01rhzohs6sarhhp2xkz1oted/mnt/MVI_Brain_Tumor/images/353.png,/sessions/rcw-01rhzohs6sarhhp2xkz1oted/mnt/MVI_Brain_Tumor/masks/353.png
task2_test,/sessions/rcw-01rhzohs6sarhhp2xkz1oted/mnt/MVI_Brain_Tumor/images/782.png,/sessions/rcw-01rhzohs6sarhhp2xkz1oted/mnt/MVI_Brain_Tumor/masks/782.png
task2_test,/sessions/rcw-01rhzohs6sarhhp2xkz1oted/mnt/MVI_Brain_Tumor/images/2531.png,/sessions/rcw-01rhzohs6sarhhp2xkz1oted/mnt/MVI_Brain_Tumor/masks/2531.png
task2_test,/sessions/rcw-01rhzohs6sarhhp2xkz1oted/mnt/MVI_Brain_Tumor/images/2602.png,/sessions/rcw-01rhzohs6sarhhp2xkz1oted/mnt/MVI_Brain_Tumor/masks/2602.png
task2_test,/sessions/rcw-01rhzohs6sarhhp2xkz1oted/mnt/MVI_Brain_Tumor/images/997.png,/sessions/rcw-01rhzohs6sarhhp2xkz1oted/mnt/MVI_Brain_Tumor/masks/997.png
task2_test,/sessions/rcw-01rhzohs6sarhhp2xkz1oted/mnt/MVI_Brain_Tumor/images/52.png,/sessions/rcw-01rhzohs6sarhhp2xkz1oted/mnt/MVI_Brain_Tumor/masks/52.png
task2_test,/sessions/rcw-01rhzohs6sarhhp2xkz1oted/mnt/MVI_Brain_Tumor/images/879.png,/sessions/rcw-01rhzohs6sarhhp2xkz1oted/mnt/MVI_Brain_Tumor/masks/879.png
task2_test,/sessions/rcw-01rhzohs6sarhhp2xkz1oted/mnt/MVI_Brain_Tumor/images/514.png,/sessions/rcw-01rhzohs6sarhhp2xkz1oted/mnt/MVI_Brain_Tumor/masks/514.png
task2_test,/sessions/rcw-01rhzohs6sarhhp2xkz1oted/mnt/MVI_Brain_Tumor/images/264.png,/sessions/rcw-01rhzohs6sarhhp2xkz1oted/mnt/MVI_Brain_Tumor/masks/264.png
task2_test,/sessions/rcw-01rhzohs6sarhhp2xkz1oted/mnt/MVI_Brain_Tumor/images/1784.png,/sessions/rcw-01rhzohs6sarhhp2xkz1oted/mnt/MVI_Brain_Tumor/masks/1784.png
task2_test,/sessions/rcw-01rhzohs6sarhhp2xkz1oted/mnt/MVI_Brain_Tumor/images/21.png,/sessions/rcw-01rhzohs6sarhhp2xkz1oted/mnt/MVI_Brain_Tumor/masks/21.png
task2_test,/sessions/rcw-01rhzohs6sarhhp2xkz1oted/mnt/MVI_Brain_Tumor/images/980.png,/sessions/rcw-01rhzohs6sarhhp2xkz1oted/mnt/MVI_Brain_Tumor/masks/980.png
task2_test,/sessions/rcw-01rhzohs6sarhhp2xkz1oted/mnt/MVI_Brain_Tumor/images/2228.png,/sessions/rcw-01rhzohs6sarhhp2xkz1oted/mnt/MVI_Brain_Tumor/masks/2228.png
task2_test,/sessions/rcw-01rhzohs6sarhhp2xkz1oted/mnt/MVI_Brain_Tumor/images/1822.png,/sessions/rcw-01rhzohs6sarhhp2xkz1oted/mnt/MVI_Brain_Tumor/masks/1822.png
task2_test,/sessions/rcw-01rhzohs6sarhhp2xkz1oted/mnt/MVI_Brain_Tumor/images/792.png,/sessions/rcw-01rhzohs6sarhhp2xkz1oted/mnt/MVI_Brain_Tumor/masks/792.png
task2_test,/sessions/rcw-01rhzohs6sarhhp2xkz1oted/mnt/MVI_Brain_Tumor/images/2892.png,/sessions/rcw-01rhzohs6sarhhp2xkz1oted/mnt/MVI_Brain_Tumor/masks/2892.png
task2_test,/sessions/rcw-01rhzohs6sarhhp2xkz1oted/mnt/MVI_Brain_Tumor/images/1149.png,/sessions/rcw-01rhzohs6sarhhp2xkz1oted/mnt/MVI_Brain_Tumor/masks/1149.png
task2_test,/sessions/rcw-01rhzohs6sarhhp2xkz1oted/mnt/MVI_Brain_Tumor/images/1623.png,/sessions/rcw-01rhzohs6sarhhp2xkz1oted/mnt/MVI_Brain_Tumor/masks/1623.png
task2_test,/sessions/rcw-01rhzohs6sarhhp2xkz1oted/mnt/MVI_Brain_Tumor/images/1130.png,/sessions/rcw-01rhzohs6sarhhp2xkz1oted/mnt/MVI_Brain_Tumor/masks/1130.png
task2_test,/sessions/rcw-01rhzohs6sarhhp2xkz1oted/mnt/MVI_Brain_Tumor/images/505.png,/sessions/rcw-01rhzohs6sarhhp2xkz1oted/mnt/MVI_Brain_Tumor/masks/505.png
task2_test,/sessions/rcw-01rhzohs6sarhhp2xkz1oted/mnt/MVI_Brain_Tumor/images/1772.png,/sessions/rcw-01rhzohs6sarhhp2xkz1oted/mnt/MVI_Brain_Tumor/masks/1772.png
task2_test,/sessions/rcw-01rhzohs6sarhhp2xkz1oted/mnt/MVI_Brain_Tumor/images/2316.png,/sessions/rcw-01rhzohs6sarhhp2xkz1oted/mnt/MVI_Brain_Tumor/masks/2316.png
task2_test,/sessions/rcw-01rhzohs6sarhhp2xkz1oted/mnt/MVI_Brain_Tumor/images/2213.png,/sessions/rcw-01rhzohs6sarhhp2xkz1oted/mnt/MVI_Brain_Tumor/masks/2213.png
task2_test,/sessions/rcw-01rhzohs6sarhhp2xkz1oted/mnt/MVI_Brain_Tumor/images/1486.png,/sessions/rcw-01rhzohs6sarhhp2xkz1oted/mnt/MVI_Brain_Tumor/masks/1486.png
task2_test,/sessions/rcw-01rhzohs6sarhhp2xkz1oted/mnt/MVI_Brain_Tumor/images/1808.png,/sessions/rcw-01rhzohs6sarhhp2xkz1oted/mnt/MVI_Brain_Tumor/masks/1808.png
task2_test,/sessions/rcw-01rhzohs6sarhhp2xkz1oted/mnt/MVI_Brain_Tumor/images/1769.png,/sessions/rcw-01rhzohs6sarhhp2xkz1oted/mnt/MVI_Brain_Tumor/masks/1769.png
task2_test,/sessions/rcw-01rhzohs6sarhhp2xkz1oted/mnt/MVI_Brain_Tumor/images/2488.png,/sessions/rcw-01rhzohs6sarhhp2xkz1oted/mnt/MVI_Brain_Tumor/masks/2488.png
task2_test,/sessions/rcw-01rhzohs6sarhhp2xkz1oted/mnt/MVI_Brain_Tumor/images/998.png,/sessions/rcw-01rhzohs6sarhhp2xkz1oted/mnt/MVI_Brain_Tumor/masks/998.png
task2_test,/sessions/rcw-01rhzohs6sarhhp2xkz1oted/mnt/MVI_Brain_Tumor/images/2022.png,/sessions/rcw-01rhzohs6sarhhp2xkz1oted/mnt/MVI_Brain_Tumor/masks/2022.png
task2_test,/sessions/rcw-01rhzohs6sarhhp2xkz1oted/mnt/MVI_Brain_Tumor/images/3025.png,/sessions/rcw-01rhzohs6sarhhp2xkz1oted/mnt/MVI_Brain_Tumor/masks/3025.png
task2_test,/sessions/rcw-01rhzohs6sarhhp2xkz1oted/mnt/MVI_Brain_Tumor/images/2399.png,/sessions/rcw-01rhzohs6sarhhp2xkz1oted/mnt/MVI_Brain_Tumor/masks/2399.png
task2_test,/sessions/rcw-01rhzohs6sarhhp2xkz1oted/mnt/MVI_Brain_Tumor/images/3060.png,/sessions/rcw-01rhzohs6sarhhp2xkz1oted/mnt/MVI_Brain_Tumor/masks/3060.png
task2_test,/sessions/rcw-01rhzohs6sarhhp2xkz1oted/mnt/MVI_Brain_Tumor/images/2106.png,/sessions/rcw-01rhzohs6sarhhp2xkz1oted/mnt/MVI_Brain_Tumor/masks/2106.png
task2_test,/sessions/rcw-01rhzohs6sarhhp2xkz1oted/mnt/MVI_Brain_Tumor/images/2552.png,/sessions/rcw-01rhzohs6sarhhp2xkz1oted/mnt/MVI_Brain_Tumor/masks/2552.png
task2_test,/sessions/rcw-01rhzohs6sarhhp2xkz1oted/mnt/MVI_Brain_Tumor/images/1290.png,/sessions/rcw-01rhzohs6sarhhp2xkz1oted/mnt/MVI_Brain_Tumor/masks/1290.png
task2_test,/sessions/rcw-01rhzohs6sarhhp2xkz1oted/mnt/MVI_Brain_Tumor/images/697.png,/sessions/rcw-01rhzohs6sarhhp2xkz1oted/mnt/MVI_Brain_Tumor/masks/697.png
task2_test,/sessions/rcw-01rhzohs6sarhhp2xkz1oted/mnt/MVI_Brain_Tumor/images/835.png,/sessions/rcw-01rhzohs6sarhhp2xkz1oted/mnt/MVI_Brain_Tumor/masks/835.png
task2_test,/sessions/rcw-01rhzohs6sarhhp2xkz1oted/mnt/MVI_Brain_Tumor/images/1384.png,/sessions/rcw-01rhzohs6sarhhp2xkz1oted/mnt/MVI_Brain_Tumor/masks/1384.png
task2_test,/sessions/rcw-01rhzohs6sarhhp2xkz1oted/mnt/MVI_Brain_Tumor/images/565.png,/sessions/rcw-01rhzohs6sarhhp2xkz1oted/mnt/MVI_Brain_Tumor/masks/565.png
task2_test,/sessions/rcw-01rhzohs6sarhhp2xkz1oted/mnt/MVI_Brain_Tumor/images/170.png,/sessions/rcw-01rhzohs6sarhhp2xkz1oted/mnt/MVI_Brain_Tumor/masks/170.png
task2_test,/sessions/rcw-01rhzohs6sarhhp2xkz1oted/mnt/MVI_Brain_Tumor/images/1317.png,/sessions/rcw-01rhzohs6sarhhp2xkz1oted/mnt/MVI_Brain_Tumor/masks/1317.png
task2_test,/sessions/rcw-01rhzohs6sarhhp2xkz1oted/mnt/MVI_Brain_Tumor/images/2556.png,/sessions/rcw-01rhzohs6sarhhp2xkz1oted/mnt/MVI_Brain_Tumor/masks/2556.png
task2_test,/sessions/rcw-01rhzohs6sarhhp2xkz1oted/mnt/MVI_Brain_Tumor/images/929.png,/sessions/rcw-01rhzohs6sarhhp2xkz1oted/mnt/MVI_Brain_Tumor/masks/929.png
task2_test,/sessions/rcw-01rhzohs6sarhhp2xkz1oted/mnt/MVI_Brain_Tumor/images/1092.png,/sessions/rcw-01rhzohs6sarhhp2xkz1oted/mnt/MVI_Brain_Tumor/masks/1092.png
task2_test,/sessions/rcw-01rhzohs6sarhhp2xkz1oted/mnt/MVI_Brain_Tumor/images/329.png,/sessions/rcw-01rhzohs6sarhhp2xkz1oted/mnt/MVI_Brain_Tumor/masks/329.png
task2_test,/sessions/rcw-01rhzohs6sarhhp2xkz1oted/mnt/MVI_Brain_Tumor/images/1532.png,/sessions/rcw-01rhzohs6sarhhp2xkz1oted/mnt/MVI_Brain_Tumor/masks/1532.png
task2_test,/sessions/rcw-01rhzohs6sarhhp2xkz1oted/mnt/MVI_Brain_Tumor/images/43.png,/sessions/rcw-01rhzohs6sarhhp2xkz1oted/mnt/MVI_Brain_Tumor/masks/43.png
task2_test,/sessions/rcw-01rhzohs6sarhhp2xkz1oted/mnt/MVI_Brain_Tumor/images/808.png,/sessions/rcw-01rhzohs6sarhhp2xkz1oted/mnt/MVI_Brain_Tumor/masks/808.png
task2_test,/sessions/rcw-01rhzohs6sarhhp2xkz1oted/mnt/MVI_Brain_Tumor/images/1881.png,/sessions/rcw-01rhzohs6sarhhp2xkz1oted/mnt/MVI_Brain_Tumor/masks/1881.png
task2_test,/sessions/rcw-01rhzohs6sarhhp2xkz1oted/mnt/MVI_Brain_Tumor/images/1507.png,/sessions/rcw-01rhzohs6sarhhp2xkz1oted/mnt/MVI_Brain_Tumor/masks/1507.png
task2_test,/sessions/rcw-01rhzohs6sarhhp2xkz1oted/mnt/MVI_Brain_Tumor/images/933.png,/sessions/rcw-01rhzohs6sarhhp2xkz1oted/mnt/MVI_Brain_Tumor/masks/933.png
task2_test,/sessions/rcw-01rhzohs6sarhhp2xkz1oted/mnt/MVI_Brain_Tumor/images/2448.png,/sessions/rcw-01rhzohs6sarhhp2xkz1oted/mnt/MVI_Brain_Tumor/masks/2448.png
task2_test,/sessions/rcw-01rhzohs6sarhhp2xkz1oted/mnt/MVI_Brain_Tumor/images/2032.png,/sessions/rcw-01rhzohs6sarhhp2xkz1oted/mnt/MVI_Brain_Tumor/masks/2032.png
task2_test,/sessions/rcw-01rhzohs6sarhhp2xkz1oted/mnt/MVI_Brain_Tumor/images/1329.png,/sessions/rcw-01rhzohs6sarhhp2xkz1oted/mnt/MVI_Brain_Tumor/masks/1329.png
task2_test,/sessions/rcw-01rhzohs6sarhhp2xkz1oted/mnt/MVI_Brain_Tumor/images/175.png,/sessions/rcw-01rhzohs6sarhhp2xkz1oted/mnt/MVI_Brain_Tumor/masks/175.png
task2_test,/sessions/rcw-01rhzohs6sarhhp2xkz1oted/mnt/MVI_Brain_Tumor/images/1307.png,/sessions/rcw-01rhzohs6sarhhp2xkz1oted/mnt/MVI_Brain_Tumor/masks/1307.png
task2_test,/sessions/rcw-01rhzohs6sarhhp2xkz1oted/mnt/MVI_Brain_Tumor/images/1870.png,/sessions/rcw-01rhzohs6sarhhp2xkz1oted/mnt/MVI_Brain_Tumor/masks/1870.png
task2_test,/sessions/rcw-01rhzohs6sarhhp2xkz1oted/mnt/MVI_Brain_Tumor/images/652.png,/sessions/rcw-01rhzohs6sarhhp2xkz1oted/mnt/MVI_Brain_Tumor/masks/652.png
task2_test,/sessions/rcw-01rhzohs6sarhhp2xkz1oted/mnt/MVI_Brain_Tumor/images/700.png,/sessions/rcw-01rhzohs6sarhhp2xkz1oted/mnt/MVI_Brain_Tumor/masks/700.png
task2_test,/sessions/rcw-01rhzohs6sarhhp2xkz1oted/mnt/MVI_Brain_Tumor/images/1687.png,/sessions/rcw-01rhzohs6sarhhp2xkz1oted/mnt/MVI_Brain_Tumor/masks/1687.png
task2_test,/sessions/rcw-01rhzohs6sarhhp2xkz1oted/mnt/MVI_Brain_Tumor/images/2897.png,/sessions/rcw-01rhzohs6sarhhp2xkz1oted/mnt/MVI_Brain_Tumor/masks/2897.png
task2_test,/sessions/rcw-01rhzohs6sarhhp2xkz1oted/mnt/MVI_Brain_Tumor/images/1325.png,/sessions/rcw-01rhzohs6sarhhp2xkz1oted/mnt/MVI_Brain_Tumor/masks/1325.png
task2_test,/sessions/rcw-01rhzohs6sarhhp2xkz1oted/mnt/MVI_Brain_Tumor/images/317.png,/sessions/rcw-01rhzohs6sarhhp2xkz1oted/mnt/MVI_Brain_Tumor/masks/317.png
task2_test,/sessions/rcw-01rhzohs6sarhhp2xkz1oted/mnt/MVI_Brain_Tumor/images/2976.png,/sessions/rcw-01rhzohs6sarhhp2xkz1oted/mnt/MVI_Brain_Tumor/masks/2976.png
task2_test,/sessions/rcw-01rhzohs6sarhhp2xkz1oted/mnt/MVI_Brain_Tumor/images/1560.png,/sessions/rcw-01rhzohs6sarhhp2xkz1oted/mnt/MVI_Brain_Tumor/masks/1560.png
task2_test,/sessions/rcw-01rhzohs6sarhhp2xkz1oted/mnt/MVI_Brain_Tumor/images/194.png,/sessions/rcw-01rhzohs6sarhhp2xkz1oted/mnt/MVI_Brain_Tumor/masks/194.png
task2_test,/sessions/rcw-01rhzohs6sarhhp2xkz1oted/mnt/MVI_Brain_Tumor/images/2768.png,/sessions/rcw-01rhzohs6sarhhp2xkz1oted/mnt/MVI_Brain_Tumor/masks/2768.png
task2_test,/sessions/rcw-01rhzohs6sarhhp2xkz1oted/mnt/MVI_Brain_Tumor/images/1476.png,/sessions/rcw-01rhzohs6sarhhp2xkz1oted/mnt/MVI_Brain_Tumor/masks/1476.png
task2_test,/sessions/rcw-01rhzohs6sarhhp2xkz1oted/mnt/MVI_Brain_Tumor/images/2852.png,/sessions/rcw-01rhzohs6sarhhp2xkz1oted/mnt/MVI_Brain_Tumor/masks/2852.png
task2_test,/sessions/rcw-01rhzohs6sarhhp2xkz1oted/mnt/MVI_Brain_Tumor/images/1088.png,/sessions/rcw-01rhzohs6sarhhp2xkz1oted/mnt/MVI_Brain_Tumor/masks/1088.png
task2_test,/sessions/rcw-01rhzohs6sarhhp2xkz1oted/mnt/MVI_Brain_Tumor/images/1934.png,/sessions/rcw-01rhzohs6sarhhp2xkz1oted/mnt/MVI_Brain_Tumor/masks/1934.png
task2_test,/sessions/rcw-01rhzohs6sarhhp2xkz1oted/mnt/MVI_Brain_Tumor/images/232.png,/sessions/rcw-01rhzohs6sarhhp2xkz1oted/mnt/MVI_Brain_Tumor/masks/232.png
task2_test,/sessions/rcw-01rhzohs6sarhhp2xkz1oted/mnt/MVI_Brain_Tumor/images/939.png,/sessions/rcw-01rhzohs6sarhhp2xkz1oted/mnt/MVI_Brain_Tumor/masks/939.png
task2_test,/sessions/rcw-01rhzohs6sarhhp2xkz1oted/mnt/MVI_Brain_Tumor/images/2558.png,/sessions/rcw-01rhzohs6sarhhp2xkz1oted/mnt/MVI_Brain_Tumor/masks/2558.png
task2_test,/sessions/rcw-01rhzohs6sarhhp2xkz1oted/mnt/MVI_Brain_Tumor/images/2501.png,/sessions/rcw-01rhzohs6sarhhp2xkz1oted/mnt/MVI_Brain_Tumor/masks/2501.png
task2_test,/sessions/rcw-01rhzohs6sarhhp2xkz1oted/mnt/MVI_Brain_Tumor/images/183.png,/sessions/rcw-01rhzohs6sarhhp2xkz1oted/mnt/MVI_Brain_Tumor/masks/183.png
task2_test,/sessions/rcw-01rhzohs6sarhhp2xkz1oted/mnt/MVI_Brain_Tumor/images/713.png,/sessions/rcw-01rhzohs6sarhhp2xkz1oted/mnt/MVI_Brain_Tumor/masks/713.png
task2_test,/sessions/rcw-01rhzohs6sarhhp2xkz1oted/mnt/MVI_Brain_Tumor/images/1527.png,/sessions/rcw-01rhzohs6sarhhp2xkz1oted/mnt/MVI_Brain_Tumor/masks/1527.png
task2_test,/sessions/rcw-01rhzohs6sarhhp2xkz1oted/mnt/MVI_Brain_Tumor/images/99.png,/sessions/rcw-01rhzohs6sarhhp2xkz1oted/mnt/MVI_Brain_Tumor/masks/99.png
task2_test,/sessions/rcw-01rhzohs6sarhhp2xkz1oted/mnt/MVI_Brain_Tumor/images/1767.png,/sessions/rcw-01rhzohs6sarhhp2xkz1oted/mnt/MVI_Brain_Tumor/masks/1767.png
task2_test,/sessions/rcw-01rhzohs6sarhhp2xkz1oted/mnt/MVI_Brain_Tumor/images/2886.png,/sessions/rcw-01rhzohs6sarhhp2xkz1oted/mnt/MVI_Brain_Tumor/masks/2886.png
task2_test,/sessions/rcw-01rhzohs6sarhhp2xkz1oted/mnt/MVI_Brain_Tumor/images/1511.png,/sessions/rcw-01rhzohs6sarhhp2xkz1oted/mnt/MVI_Brain_Tumor/masks/1511.png
task2_test,/sessions/rcw-01rhzohs6sarhhp2xkz1oted/mnt/MVI_Brain_Tumor/images/2003.png,/sessions/rcw-01rhzohs6sarhhp2xkz1oted/mnt/MVI_Brain_Tumor/masks/2003.png
task2_test,/sessions/rcw-01rhzohs6sarhhp2xkz1oted/mnt/MVI_Brain_Tumor/images/551.png,/sessions/rcw-01rhzohs6sarhhp2xkz1oted/mnt/MVI_Brain_Tumor/masks/551.png
task2_test,/sessions/rcw-01rhzohs6sarhhp2xkz1oted/mnt/MVI_Brain_Tumor/images/1989.png,/sessions/rcw-01rhzohs6sarhhp2xkz1oted/mnt/MVI_Brain_Tumor/masks/1989.png
task2_test,/sessions/rcw-01rhzohs6sarhhp2xkz1oted/mnt/MVI_Brain_Tumor/images/335.png,/sessions/rcw-01rhzohs6sarhhp2xkz1oted/mnt/MVI_Brain_Tumor/masks/335.png
task2_test,/sessions/rcw-01rhzohs6sarhhp2xkz1oted/mnt/MVI_Brain_Tumor/images/458.png,/sessions/rcw-01rhzohs6sarhhp2xkz1oted/mnt/MVI_Brain_Tumor/masks/458.png
task2_test,/sessions/rcw-01rhzohs6sarhhp2xkz1oted/mnt/MVI_Brain_Tumor/images/1242.png,/sessions/rcw-01rhzohs6sarhhp2xkz1oted/mnt/MVI_Brain_Tumor/masks/1242.png
task2_test,/sessions/rcw-01rhzohs6sarhhp2xkz1oted/mnt/MVI_Brain_Tumor/images/2615.png,/sessions/rcw-01rhzohs6sarhhp2xkz1oted/mnt/MVI_Brain_Tumor/masks/2615.png
task2_test,/sessions/rcw-01rhzohs6sarhhp2xkz1oted/mnt/MVI_Brain_Tumor/images/2517.png,/sessions/rcw-01rhzohs6sarhhp2xkz1oted/mnt/MVI_Brain_Tumor/masks/2517.png
task2_test,/sessions/rcw-01rhzohs6sarhhp2xkz1oted/mnt/MVI_Brain_Tumor/images/2111.png,/sessions/rcw-01rhzohs6sarhhp2xkz1oted/mnt/MVI_Brain_Tumor/masks/2111.png
task2_test,/sessions/rcw-01rhzohs6sarhhp2xkz1oted/mnt/MVI_Brain_Tumor/images/63.png,/sessions/rcw-01rhzohs6sarhhp2xkz1oted/mnt/MVI_Brain_Tumor/masks/63.png
task2_test,/sessions/rcw-01rhzohs6sarhhp2xkz1oted/mnt/MVI_Brain_Tumor/images/66.png,/sessions/rcw-01rhzohs6sarhhp2xkz1oted/mnt/MVI_Brain_Tumor/masks/66.png
task2_test,/sessions/rcw-01rhzohs6sarhhp2xkz1oted/mnt/MVI_Brain_Tumor/images/645.png,/sessions/rcw-01rhzohs6sarhhp2xkz1oted/mnt/MVI_Brain_Tumor/masks/645.png
task2_test,/sessions/rcw-01rhzohs6sarhhp2xkz1oted/mnt/MVI_Brain_Tumor/images/584.png,/sessions/rcw-01rhzohs6sarhhp2xkz1oted/mnt/MVI_Brain_Tumor/masks/584.png
task2_test,/sessions/rcw-01rhzohs6sarhhp2xkz1oted/mnt/MVI_Brain_Tumor/images/1340.png,/sessions/rcw-01rhzohs6sarhhp2xkz1oted/mnt/MVI_Brain_Tumor/masks/1340.png
task2_test,/sessions/rcw-01rhzohs6sarhhp2xkz1oted/mnt/MVI_Brain_Tumor/images/1358.png,/sessions/rcw-01rhzohs6sarhhp2xkz1oted/mnt/MVI_Brain_Tumor/masks/1358.png
task2_test,/sessions/rcw-01rhzohs6sarhhp2xkz1oted/mnt/MVI_Brain_Tumor/images/629.png,/sessions/rcw-01rhzohs6sarhhp2xkz1oted/mnt/MVI_Brain_Tumor/masks/629.png
task2_test,/sessions/rcw-01rhzohs6sarhhp2xkz1oted/mnt/MVI_Brain_Tumor/images/1120.png,/sessions/rcw-01rhzohs6sarhhp2xkz1oted/mnt/MVI_Brain_Tumor/masks/1120.png
task2_test,/sessions/rcw-01rhzohs6sarhhp2xkz1oted/mnt/MVI_Brain_Tumor/images/1693.png,/sessions/rcw-01rhzohs6sarhhp2xkz1oted/mnt/MVI_Brain_Tumor/masks/1693.png
task2_test,/sessions/rcw-01rhzohs6sarhhp2xkz1oted/mnt/MVI_Brain_Tumor/images/2215.png,/sessions/rcw-01rhzohs6sarhhp2xkz1oted/mnt/MVI_Brain_Tumor/masks/2215.png
task2_test,/sessions/rcw-01rhzohs6sarhhp2xkz1oted/mnt/MVI_Brain_Tumor/images/2887.png,/sessions/rcw-01rhzohs6sarhhp2xkz1oted/mnt/MVI_Brain_Tumor/masks/2887.png
task2_test,/sessions/rcw-01rhzohs6sarhhp2xkz1oted/mnt/MVI_Brain_Tumor/images/2916.png,/sessions/rcw-01rhzohs6sarhhp2xkz1oted/mnt/MVI_Brain_Tumor/masks/2916.png
task2_test,/sessions/rcw-01rhzohs6sarhhp2xkz1oted/mnt/MVI_Brain_Tumor/images/305.png,/sessions/rcw-01rhzohs6sarhhp2xkz1oted/mnt/MVI_Brain_Tumor/masks/305.png
task2_test,/sessions/rcw-01rhzohs6sarhhp2xkz1oted/mnt/MVI_Brain_Tumor/images/616.png,/sessions/rcw-01rhzohs6sarhhp2xkz1oted/mnt/MVI_Brain_Tumor/masks/616.png
task2_test,/sessions/rcw-01rhzohs6sarhhp2xkz1oted/mnt/MVI_Brain_Tumor/images/994.png,/sessions/rcw-01rhzohs6sarhhp2xkz1oted/mnt/MVI_Brain_Tumor/masks/994.png
task2_test,/sessions/rcw-01rhzohs6sarhhp2xkz1oted/mnt/MVI_Brain_Tumor/images/1015.png,/sessions/rcw-01rhzohs6sarhhp2xkz1oted/mnt/MVI_Brain_Tumor/masks/1015.png
task2_test,/sessions/rcw-01rhzohs6sarhhp2xkz1oted/mnt/MVI_Brain_Tumor/images/553.png,/sessions/rcw-01rhzohs6sarhhp2xkz1oted/mnt/MVI_Brain_Tumor/masks/553.png
task2_test,/sessions/rcw-01rhzohs6sarhhp2xkz1oted/mnt/MVI_Brain_Tumor/images/276.png,/sessions/rcw-01rhzohs6sarhhp2xkz1oted/mnt/MVI_Brain_Tumor/masks/276.png
task2_test,/sessions/rcw-01rhzohs6sarhhp2xkz1oted/mnt/MVI_Brain_Tumor/images/368.png,/sessions/rcw-01rhzohs6sarhhp2xkz1oted/mnt/MVI_Brain_Tumor/masks/368.png
task2_test,/sessions/rcw-01rhzohs6sarhhp2xkz1oted/mnt/MVI_Brain_Tumor/images/1806.png,/sessions/rcw-01rhzohs6sarhhp2xkz1oted/mnt/MVI_Brain_Tumor/masks/1806.png
task2_test,/sessions/rcw-01rhzohs6sarhhp2xkz1oted/mnt/MVI_Brain_Tumor/images/731.png,/sessions/rcw-01rhzohs6sarhhp2xkz1oted/mnt/MVI_Brain_Tumor/masks/731.png
task2_test,/sessions/rcw-01rhzohs6sarhhp2xkz1oted/mnt/MVI_Brain_Tumor/images/2351.png,/sessions/rcw-01rhzohs6sarhhp2xkz1oted/mnt/MVI_Brain_Tumor/masks/2351.png
task2_test,/sessions/rcw-01rhzohs6sarhhp2xkz1oted/mnt/MVI_Brain_Tumor/images/258.png,/sessions/rcw-01rhzohs6sarhhp2xkz1oted/mnt/MVI_Brain_Tumor/masks/258.png
task2_test,/sessions/rcw-01rhzohs6sarhhp2xkz1oted/mnt/MVI_Brain_Tumor/images/1731.png,/sessions/rcw-01rhzohs6sarhhp2xkz1oted/mnt/MVI_Brain_Tumor/masks/1731.png
task2_test,/sessions/rcw-01rhzohs6sarhhp2xkz1oted/mnt/MVI_Brain_Tumor/images/1732.png,/sessions/rcw-01rhzohs6sarhhp2xkz1oted/mnt/MVI_Brain_Tumor/masks/1732.png
task2_test,/sessions/rcw-01rhzohs6sarhhp2xkz1oted/mnt/MVI_Brain_Tumor/images/2775.png,/sessions/rcw-01rhzohs6sarhhp2xkz1oted/mnt/MVI_Brain_Tumor/masks/2775.png
task2_test,/sessions/rcw-01rhzohs6sarhhp2xkz1oted/mnt/MVI_Brain_Tumor/images/35.png,/sessions/rcw-01rhzohs6sarhhp2xkz1oted/mnt/MVI_Brain_Tumor/masks/35.png
task2_test,/sessions/rcw-01rhzohs6sarhhp2xkz1oted/mnt/MVI_Brain_Tumor/images/1882.png,/sessions/rcw-01rhzohs6sarhhp2xkz1oted/mnt/MVI_Brain_Tumor/masks/1882.png
task2_test,/sessions/rcw-01rhzohs6sarhhp2xkz1oted/mnt/MVI_Brain_Tumor/images/2209.png,/sessions/rcw-01rhzohs6sarhhp2xkz1oted/mnt/MVI_Brain_Tumor/masks/2209.png
task2_test,/sessions/rcw-01rhzohs6sarhhp2xkz1oted/mnt/MVI_Brain_Tumor/images/2065.png,/sessions/rcw-01rhzohs6sarhhp2xkz1oted/mnt/MVI_Brain_Tumor/masks/2065.png
task2_test,/sessions/rcw-01rhzohs6sarhhp2xkz1oted/mnt/MVI_Brain_Tumor/images/250.png,/sessions/rcw-01rhzohs6sarhhp2xkz1oted/mnt/MVI_Brain_Tumor/masks/250.png
task2_test,/sessions/rcw-01rhzohs6sarhhp2xkz1oted/mnt/MVI_Brain_Tumor/images/1316.png,/sessions/rcw-01rhzohs6sarhhp2xkz1oted/mnt/MVI_Brain_Tumor/masks/1316.png
task2_test,/sessions/rcw-01rhzohs6sarhhp2xkz1oted/mnt/MVI_Brain_Tumor/images/1673.png,/sessions/rcw-01rhzohs6sarhhp2xkz1oted/mnt/MVI_Brain_Tumor/masks/1673.png
task2_test,/sessions/rcw-01rhzohs6sarhhp2xkz1oted/mnt/MVI_Brain_Tumor/images/2742.png,/sessions/rcw-01rhzohs6sarhhp2xkz1oted/mnt/MVI_Brain_Tumor/masks/2742.png
task2_test,/sessions/rcw-01rhzohs6sarhhp2xkz1oted/mnt/MVI_Brain_Tumor/images/358.png,/sessions/rcw-01rhzohs6sarhhp2xkz1oted/mnt/MVI_Brain_Tumor/masks/358.png
task2_test,/sessions/rcw-01rhzohs6sarhhp2xkz1oted/mnt/MVI_Brain_Tumor/images/1953.png,/sessions/rcw-01rhzohs6sarhhp2xkz1oted/mnt/MVI_Brain_Tumor/masks/1953.png
task2_test,/sessions/rcw-01rhzohs6sarhhp2xkz1oted/mnt/MVI_Brain_Tumor/images/162.png,/sessions/rcw-01rhzohs6sarhhp2xkz1oted/mnt/MVI_Brain_Tumor/masks/162.png
