dice,iou,accuracy,hd95,sensitivity,precision,model,image,tumour_type
0.9619826132087712,0.92675,0.9977645874023438,3.1622776601683795,0.9405048839274388,0.9844642145797371,proposed_narrow,brisc2025_test_00387_me_ax_t1.jpg,meningioma
0.9164167166566687,0.8457279940948514,0.9968109130859375,9.848857801796104,0.9847443059733563,0.8569558713537772,proposed_narrow,brisc2025_test_00717_pi_ax_t1.jpg,pituitary
0.33962264150943394,0.20454545454545456,0.9918556213378906,42.44997055358225,0.2062359128474831,0.9614711033274956,proposed_narrow,brisc2025_test_00132_gl_co_t1.jpg,glioma
0.9432976221583486,0.8926805143422354,0.9991722106933594,2.8284271247461903,0.9435441714584423,0.9430512016718914,proposed_narrow,brisc2025_test_00457_me_co_t1.jpg,meningioma
0.9775422659601312,0.956071076011846,0.9983024597167969,2.8284271247461903,0.9763104838709677,0.9787771601819101,proposed_narrow,brisc2025_test_00461_me_co_t1.jpg,meningioma
0.869602032176122,0.7692883895131086,0.9988250732421875,6.4031242374328485,0.9697828139754485,0.7881811204911742,proposed_narrow,brisc2025_test_00782_pi_ax_t1.jpg,pituitary
0.9265347198926535,0.863125,0.9991645812988281,3.9013878188659974,0.8773824650571792,0.9815209665955935,proposed_narrow,brisc2025_test_00030_gl_ax_t1.jpg,glioma
0.9322916666666666,0.8731707317073171,0.9991073608398438,2.837005768508873,0.9132653061224489,0.9521276595744681,proposed_narrow,brisc2025_test_00803_pi_ax_t1.jpg,pituitary
0.9703536696167177,0.9424145368978365,0.9966392517089844,6.4031242374328485,0.9682358471560003,0.9724807770133549,proposed_narrow,brisc2025_test_00265_me_ax_t1.jpg,meningioma
0.48935661325041857,0.3239392020265991,0.9918556213378906,47.16990566028302,0.32978723404255317,0.9481000926784059,proposed_narrow,brisc2025_test_00471_me_co_t1.jpg,meningioma
0.9633524045152312,0.9292959427207638,0.9990959167480469,2.23606797749979,0.9517262450351359,0.9752661239824671,proposed_narrow,brisc2025_test_00215_gl_sa_t1.jpg,glioma
0.8641304347826086,0.7607655502392344,0.9986648559570312,7.0710678118654755,0.8076923076923077,0.9290484140233722,proposed_narrow,brisc2025_test_00058_gl_ax_t1.jpg,glioma
0.9205020920502092,0.8527131782945736,0.9994926452636719,2.8284271247461903,0.9243697478991597,0.9166666666666666,proposed_narrow,brisc2025_test_00947_pi_sa_t1.jpg,pituitary
0.594743036484896,0.4232272473478504,0.9921188354492188,40.311288741492746,0.921580547112462,0.439038517231393,proposed_narrow,brisc2025_test_00390_me_ax_t1.jpg,meningioma
0.9625636139706737,0.9278290475763821,0.9938545227050781,8.046693311223912,0.9802631578947368,0.9454918968272084,proposed_narrow,brisc2025_test_00298_me_ax_t1.jpg,meningioma
0.9300057120260117,0.8691688567674113,0.9939231872558594,9.899494936611665,0.922667829119442,0.9374612454601825,proposed_narrow,brisc2025_test_00164_gl_co_t1.jpg,glioma
0.8158154859967051,0.6889259877573733,0.9978675842285156,9.0,0.9794303797468354,0.6990400903444381,proposed_narrow,brisc2025_test_00276_me_ax_t1.jpg,meningioma
0.8823959094229364,0.7895424836601307,0.9987716674804688,3.0,0.8703170028818443,0.8948148148148148,proposed_narrow,brisc2025_test_00911_pi_co_t1.jpg,pituitary
0.0,0.0,0.9743003845214844,234.23233086635946,0.0,0.0,proposed_narrow,brisc2025_test_00011_gl_ax_t1.jpg,glioma
0.9527070404451102,0.9096853289742541,0.9974708557128906,6.708203932499369,0.9883084208968477,0.9195813825392454,proposed_narrow,brisc2025_test_00546_me_sa_t1.jpg,meningioma
0.9371714211841765,0.8817710022705157,0.9944381713867188,16.55294535724685,0.8946112710818593,0.9839833499230839,proposed_narrow,brisc2025_test_00408_me_co_t1.jpg,meningioma
0.9265471370734528,0.8631465517241379,0.9990310668945312,4.0,0.9,0.9547079856972587,proposed_narrow,brisc2025_test_00343_me_ax_t1.jpg,meningioma
0.9483744026983978,0.9018175338560228,0.9957962036132812,8.06225774829855,0.9690761129727142,0.9285386661774149,proposed_narrow,brisc2025_test_00348_me_ax_t1.jpg,meningioma
0.9666011787819253,0.935361216730038,0.999481201171875,1.4142135623730951,0.9656526005888125,0.967551622418879,proposed_narrow,brisc2025_test_00475_me_co_t1.jpg,meningioma
0.9480397281756403,0.9012124826078315,0.9981040954589844,4.0,0.9039074960127592,0.9967025719938448,proposed_narrow,brisc2025_test_00247_gl_sa_t1.jpg,glioma
0.7782691092861656,0.6370217166494312,0.9986610412597656,6.64718799348606,0.9731437598736177,0.6484210526315789,proposed_narrow,brisc2025_test_00991_pi_sa_t1.jpg,pituitary
0.9639454785285065,0.930400339510539,0.996246337890625,8.602325267042627,0.9713483975779058,0.9566545454545454,proposed_narrow,brisc2025_test_00255_me_ax_t1.jpg,meningioma
0.04005006257822278,0.020434227330779056,0.9912223815917969,78.48108588039517,0.020434227330779056,1.0,proposed_narrow,brisc2025_test_00143_gl_co_t1.jpg,glioma
0.7727719850481999,0.6296890028855402,0.9955940246582031,14.010700654285458,0.9909182643794148,0.6333440825540149,proposed_narrow,brisc2025_test_00761_pi_ax_t1.jpg,pituitary
0.8127890077949531,0.6846205208101491,0.9945945739746094,13.45362404707371,0.9084465445953928,0.7353573989959359,proposed_narrow,brisc2025_test_00412_me_co_t1.jpg,meningioma
0.9531201872728393,0.9104389784629869,0.9941940307617188,8.94427190999916,0.9379812064261898,0.9687558700144011,proposed_narrow,brisc2025_test_00222_gl_sa_t1.jpg,glioma
0.3178378378378378,0.18894601542416453,0.9638938903808594,89.34999256652365,0.1902502157031924,0.9649890590809628,proposed_narrow,brisc2025_test_00210_gl_sa_t1.jpg,glioma
0.9744207599629287,0.9501174769564431,0.9989471435546875,2.23606797749979,0.9851949025487257,0.9638797213054638,proposed_narrow,brisc2025_test_00494_me_sa_t1.jpg,meningioma
0.9505892528922045,0.9058314444673398,0.9982566833496094,3.1622776601683795,0.9542001302365964,0.9470056010340371,proposed_narrow,brisc2025_test_00403_me_co_t1.jpg,meningioma
0.9550202883536217,0.9139127561136814,0.9980125427246094,3.605551275463989,0.9744538407329105,0.936346707296428,proposed_narrow,brisc2025_test_00360_me_ax_t1.jpg,meningioma
0.9667585126014308,0.935655918187601,0.9949836730957031,7.635220762868165,0.9718438707054279,0.9617260976713775,proposed_narrow,brisc2025_test_00292_me_ax_t1.jpg,meningioma
0.9161935044287985,0.8453478625314333,0.9971847534179688,7.0,0.8909010600706714,0.9429640018700327,proposed_narrow,brisc2025_test_00424_me_co_t1.jpg,meningioma
0.7013915005641218,0.5401100492325515,0.987884521484375,55.895734191859596,0.5644673123486683,0.926017874875869,proposed_narrow,brisc2025_test_00042_gl_ax_t1.jpg,glioma
0.0,0.0,0.9886360168457031,101.71035032709275,0.0,0.0,proposed_narrow,brisc2025_test_00083_gl_ax_t1.jpg,glioma
0.7795010114632501,0.6386740331491713,0.9962577819824219,13.732408575056903,0.816,0.7461273666092944,proposed_narrow,brisc2025_test_00892_pi_co_t1.jpg,pituitary
0.861557478368356,0.756786102062975,0.9991455078125,3.605551275463989,0.9900568181818182,0.762582056892779,proposed_narrow,brisc2025_test_00770_pi_ax_t1.jpg,pituitary
0.8645314866911924,0.761387459500667,0.9952239990234375,23.711043221894574,0.8017258679510335,0.9380136182202395,proposed_narrow,brisc2025_test_00029_gl_ax_t1.jpg,glioma
0.9550376215819416,0.9139445029855989,0.9990653991699219,3.0,0.9342908438061042,0.9767267267267268,proposed_narrow,brisc2025_test_00384_me_ax_t1.jpg,meningioma
0.9627319507250897,0.928141912206855,0.9972648620605469,4.0,0.9729985291027526,0.9526797654562288,proposed_narrow,brisc2025_test_00312_me_ax_t1.jpg,meningioma
0.9366197183098591,0.8807947019867549,0.9965667724609375,7.0,0.8895131086142322,0.9889946460440214,proposed_narrow,brisc2025_test_00152_gl_co_t1.jpg,glioma
0.9652971679297966,0.9329221279876638,0.9966812133789062,3.605551275463989,0.9402439972025799,0.9917219900008196,proposed_narrow,brisc2025_test_00274_me_ax_t1.jpg,meningioma
0.9292112106327651,0.8677819751753912,0.9981307983398438,7.8292247083159925,0.9300173510699826,0.9284064665127021,proposed_narrow,brisc2025_test_00361_me_ax_t1.jpg,meningioma
0.9265471370734528,0.8631465517241379,0.9990310668945312,3.0,0.9212190914318574,0.9319371727748691,proposed_narrow,brisc2025_test_00965_pi_sa_t1.jpg,pituitary
0.930615606341363,0.8702348864073931,0.9987144470214844,5.830951894845301,0.9873307121013543,0.8800623052959502,proposed_narrow,brisc2025_test_00990_pi_sa_t1.jpg,pituitary
0.9255935147654892,0.8614928590676367,0.9980392456054688,9.219544457292887,0.893515930687535,0.9600600600600601,proposed_narrow,brisc2025_test_00751_pi_ax_t1.jpg,pituitary
0.9635967559906564,0.9297508103727715,0.9947090148925781,7.0,0.9451652764905777,0.9827613897960277,proposed_narrow,brisc2025_test_00398_me_co_t1.jpg,meningioma
0.9664384864042593,0.9350565725324257,0.9973068237304688,5.00990195135927,0.988909426987061,0.9449660686064888,proposed_narrow,brisc2025_test_00199_gl_sa_t1.jpg,glioma
0.8181315644002212,0.6922357343311506,0.9962348937988281,15.012259733082223,0.980565371024735,0.7018653177363263,proposed_narrow,brisc2025_test_00744_pi_ax_t1.jpg,pituitary
0.9691604591744934,0.9401661663059415,0.9967308044433594,5.656854249492381,0.9844286863074786,0.9543586109142452,proposed_narrow,brisc2025_test_00379_me_ax_t1.jpg,meningioma
0.4648334945419373,0.3027902790279028,0.9556770324707031,48.373546489791295,0.4640426705903991,0.4656270185475685,proposed_narrow,brisc2025_test_00043_gl_ax_t1.jpg,glioma
0.9816448575996211,0.9639513925228211,0.9976348876953125,3.0,0.9854374702805516,0.9778813259407809,proposed_narrow,brisc2025_test_00297_me_ax_t1.jpg,meningioma
0.9523470839260313,0.9090291921249152,0.9994888305664062,2.23606797749979,0.9626168224299065,0.9422941590429276,proposed_narrow,brisc2025_test_00966_pi_sa_t1.jpg,pituitary
0.9316770186335404,0.872093023255814,0.9991188049316406,4.242640687119285,0.9369422962522308,0.9264705882352942,proposed_narrow,brisc2025_test_00720_pi_ax_t1.jpg,pituitary
0.7557554908706007,0.6074011059123777,0.9964790344238281,9.449836686591162,0.9902912621359223,0.6110397946084724,proposed_narrow,brisc2025_test_00768_pi_ax_t1.jpg,pituitary
0.9434253716933771,0.8929093567251462,0.9988822937011719,3.0,0.9748603351955307,0.9139543583988028,proposed_narrow,brisc2025_test_00535_me_sa_t1.jpg,meningioma
0.8568398727465536,0.7495361781076066,0.9969100952148438,12.206555615733702,0.7893194399218496,0.9369926555856204,proposed_narrow,brisc2025_test_00378_me_ax_t1.jpg,meningioma
0.9044330585876588,0.8255388369255795,0.9983634948730469,7.0,0.9722222222222222,0.8454810495626822,proposed_narrow,brisc2025_test_00833_pi_co_t1.jpg,pituitary
0.9345652832475008,0.8771680409439864,0.99835205078125,5.385164807134504,0.9562926224426535,0.913803317535545,proposed_narrow,brisc2025_test_00853_pi_co_t1.jpg,pituitary
0.944,0.8939393939393939,0.9983444213867188,5.385164807134504,0.9767690253671563,0.913358302122347,proposed_narrow,brisc2025_test_00801_pi_ax_t1.jpg,pituitary
0.9493779493779494,0.9036341363821968,0.998199462890625,3.9408326913196072,0.912765518663642,0.989050279329609,proposed_narrow,brisc2025_test_00380_me_ax_t1.jpg,meningioma
0.9364442370508633,0.8804843804843805,0.9974021911621094,5.094068537913138,0.9335690360997395,0.9393372027710166,proposed_narrow,brisc2025_test_00495_me_sa_t1.jpg,meningioma
0.9530923214819241,0.9103881278538812,0.9994010925292969,2.8284271247461903,0.9713763702801461,0.9354838709677419,proposed_narrow,brisc2025_test_00745_pi_ax_t1.jpg,pituitary
0.9597300827165869,0.9225779451768152,0.9985885620117188,2.8284271247461903,0.9656154183092422,0.9539160536564258,proposed_narrow,brisc2025_test_00501_me_sa_t1.jpg,meningioma
0.7508356904088455,0.6010703993412927,0.9963035583496094,13.419605997509056,0.9707446808510638,0.6121593291404612,proposed_narrow,brisc2025_test_00748_pi_ax_t1.jpg,pituitary
0.9431176726009552,0.8923582580115037,0.9995002746582031,2.0,0.9394463667820069,0.946817785527463,proposed_narrow,brisc2025_test_00174_gl_sa_t1.jpg,glioma
0.7987124463519313,0.6648803143979993,0.9964218139648438,33.074845678358976,0.9356460532931121,0.6967427929614377,proposed_narrow,brisc2025_test_00887_pi_co_t1.jpg,pituitary
0.9165744633768533,0.8459967320261438,0.9928092956542969,21.213203435596427,0.8703143385442932,0.9680284191829485,proposed_narrow,brisc2025_test_00467_me_co_t1.jpg,meningioma
0.6810684571595388,0.5163789287295263,0.9916648864746094,25.80697580112788,0.5189056939501779,0.9906581740976645,proposed_narrow,brisc2025_test_00079_gl_ax_t1.jpg,glioma
0.9299030574198359,0.8689895470383275,0.99713134765625,3.605551275463989,0.9243884358784284,0.9354838709677419,proposed_narrow,brisc2025_test_00317_me_ax_t1.jpg,meningioma
0.9322664420579772,0.8731264790954509,0.9963188171386719,11.054101966249677,0.9394539538831518,0.9251880746726108,proposed_narrow,brisc2025_test_00185_gl_sa_t1.jpg,glioma
0.9150943396226415,0.8434782608695652,0.9973907470703125,13.490585662489144,0.9868808567603748,0.8530432770192086,proposed_narrow,brisc2025_test_00405_me_co_t1.jpg,meningioma
0.7832225913621262,0.6436860068259386,0.9960174560546875,19.874511256392093,0.6813583815028902,0.9208984375,proposed_narrow,brisc2025_test_00137_gl_co_t1.jpg,glioma
0.9860289977477478,0.9724429944816576,0.9969711303710938,3.0,0.9826745694946165,0.9894064055934179,proposed_narrow,brisc2025_test_00304_me_ax_t1.jpg,meningioma
0.9563409563409564,0.9163346613545816,0.9983978271484375,5.054460732476027,0.9307972480777014,0.983326207781103,proposed_narrow,brisc2025_test_00332_me_ax_t1.jpg,meningioma
0.9676526717557252,0.93733247065348,0.9974136352539062,5.0,0.9744402805803786,0.9609589690135506,proposed_narrow,brisc2025_test_00377_me_ax_t1.jpg,meningioma
0.8755628325828899,0.7786676374226429,0.9976806640625,7.211102550927978,0.8813349814585909,0.8698657991053274,proposed_narrow,brisc2025_test_00093_gl_co_t1.jpg,glioma
0.9556822361162192,0.915125902447614,0.9981613159179688,4.242640687119285,0.9579723502304147,0.9534030453127866,proposed_narrow,brisc2025_test_00439_me_co_t1.jpg,meningioma
0.8107711138310894,0.6817620419925895,0.9970512390136719,11.40175425099138,0.9695550351288056,0.6966764829617165,proposed_narrow,brisc2025_test_00799_pi_ax_t1.jpg,pituitary
0.954987951807229,0.9138535325585685,0.9982185363769531,3.605551275463989,0.9759653270291568,0.9348933761086997,proposed_narrow,brisc2025_test_00489_me_sa_t1.jpg,meningioma
0.9769820971867008,0.955,0.9987640380859375,2.23606797749979,0.9786507258753202,0.9753191489361702,proposed_narrow,brisc2025_test_00465_me_co_t1.jpg,meningioma
0.6710816777041942,0.5049833887043189,0.9977264404296875,8.59940919095637,0.9983579638752053,0.5054031587697423,proposed_narrow,brisc2025_test_00929_pi_sa_t1.jpg,pituitary
0.9098346684847451,0.83458411507192,0.9979820251464844,13.46101637015679,0.970192657215558,0.8565468549422336,proposed_narrow,brisc2025_test_00090_gl_co_t1.jpg,glioma
0.9457923605277462,0.8971594637667573,0.9958152770996094,8.48528137423857,0.9799303706737661,0.9139528220800306,proposed_narrow,brisc2025_test_00245_gl_sa_t1.jpg,glioma
0.5559693771984274,0.38501217939532884,0.9836273193359375,47.69271105286037,0.3860632183908046,0.9929785661492978,proposed_narrow,brisc2025_test_00062_gl_ax_t1.jpg,glioma
0.8202654999254214,0.6952966958867162,0.9862098693847656,19.1049731745428,0.6957071771949059,0.9991521317829457,proposed_narrow,brisc2025_test_00080_gl_ax_t1.jpg,glioma
0.7569663193603101,0.6089668615984406,0.9961738586425781,12.529964086141668,0.8701949860724234,0.6698113207547169,proposed_narrow,brisc2025_test_00781_pi_ax_t1.jpg,pituitary
0.9010659297275957,0.819945394453226,0.9952201843261719,14.317821063276353,0.9204710437167285,0.8824621094958243,proposed_narrow,brisc2025_test_00907_pi_co_t1.jpg,pituitary
0.9163434903047092,0.84560327198364,0.9994239807128906,5.0,0.9087912087912088,0.924022346368715,proposed_narrow,brisc2025_test_00812_pi_ax_t1.jpg,pituitary
0.8193013319929631,0.6939123031077054,0.9972572326660156,16.132230751572223,0.9742976688583384,0.7068516912402428,proposed_narrow,brisc2025_test_00503_me_sa_t1.jpg,meningioma
0.934981684981685,0.8779019776440241,0.9994583129882812,2.0,0.926497277676951,0.94362292051756,proposed_narrow,brisc2025_test_00831_pi_co_t1.jpg,pituitary
0.9579399141630901,0.9192751235584844,0.9990653991699219,2.23606797749979,0.9390777515987883,0.9775753328661527,proposed_narrow,brisc2025_test_00906_pi_co_t1.jpg,pituitary
0.954369682907966,0.9127218934911243,0.9975242614746094,4.33252382324678,0.9207705874372542,0.9905137186223001,proposed_narrow,brisc2025_test_00103_gl_co_t1.jpg,glioma
0.8732561590976551,0.7750263435194942,0.9967422485351562,10.45680766417846,0.9196623944982807,0.8313082791749081,proposed_narrow,brisc2025_test_00325_me_ax_t1.jpg,meningioma
0.9458473215588965,0.8972583771808363,0.9985847473144531,4.0,0.958863569103285,0.9331797235023042,proposed_narrow,brisc2025_test_00358_me_ax_t1.jpg,meningioma
0.9404990403071017,0.8876811594202898,0.9984626770019531,9.027692569068709,0.9128690169102894,0.9698538367844093,proposed_narrow,brisc2025_test_00089_gl_co_t1.jpg,glioma
0.9593406593406594,0.9218585005279831,0.9991531372070312,2.0,0.967849223946785,0.9509803921568627,proposed_narrow,brisc2025_test_00898_pi_co_t1.jpg,pituitary
0.9346036444362223,0.8772356311859698,0.9973030090332031,11.613747399471425,0.909942363112392,0.9606389047347405,proposed_narrow,brisc2025_test_00442_me_co_t1.jpg,meningioma
0.9748433643440289,0.9509213816094083,0.9979782104492188,3.0,0.9709720121028744,0.9787457110179184,proposed_narrow,brisc2025_test_00283_me_ax_t1.jpg,meningioma
0.9475189234650967,0.9002716957008151,0.99761962890625,6.0,0.9539373412362405,0.9411862990810359,proposed_narrow,brisc2025_test_00828_pi_co_t1.jpg,pituitary
0.9527261266939805,0.9097201324104724,0.997711181640625,9.97989898732233,0.9290104486785494,0.9776843467011643,proposed_narrow,brisc2025_test_00894_pi_co_t1.jpg,pituitary
0.9342417061611374,0.8765981100611451,0.9991531372070312,2.8284271247461903,0.9136732329084588,0.9557575757575758,proposed_narrow,brisc2025_test_00808_pi_ax_t1.jpg,pituitary
0.965195670274771,0.9327325394271001,0.9992027282714844,2.8284271247461903,0.9653564290473018,0.965034965034965,proposed_narrow,brisc2025_test_00226_gl_sa_t1.jpg,glioma
0.9406635989343667,0.8879743941472337,0.9962615966796875,8.0,0.9210339103628171,0.9611482306359812,proposed_narrow,brisc2025_test_00209_gl_sa_t1.jpg,glioma
0.9319727891156463,0.8726114649681529,0.9990081787109375,4.123105625617661,0.9653116531165311,0.9008598887202832,proposed_narrow,brisc2025_test_00792_pi_ax_t1.jpg,pituitary
0.9144584741241331,0.8423984272608126,0.9981651306152344,8.535195389655687,0.8927083333333333,0.937294932555596,proposed_narrow,brisc2025_test_00550_me_sa_t1.jpg,meningioma
0.7197988200019344,0.5622544575400423,0.9889488220214844,26.076809620810597,0.7538492706645057,0.688691467703128,proposed_narrow,brisc2025_test_00178_gl_sa_t1.jpg,glioma
0.9381767376877401,0.8835526315789474,0.9986495971679688,4.0,0.9160982264665757,0.9613457408732999,proposed_narrow,brisc2025_test_00337_me_ax_t1.jpg,meningioma
0.8763163328515383,0.7798603454612275,0.9977149963378906,9.848857801796104,0.9796860572483841,0.7926783713111692,proposed_narrow,brisc2025_test_00437_me_co_t1.jpg,meningioma
0.9599120651752231,0.9229143354469725,0.9976348876953125,4.47213595499958,0.9365379762805955,0.9844827586206897,proposed_narrow,brisc2025_test_00395_me_co_t1.jpg,meningioma
0.8863798189400874,0.7959444647424188,0.9957389831542969,15.0,0.8372405841660261,0.941646855413875,proposed_narrow,brisc2025_test_00205_gl_sa_t1.jpg,glioma
0.9574947155592317,0.9184555031515846,0.9929428100585938,7.176093866162352,0.9384345163033687,0.9773452157598499,proposed_narrow,brisc2025_test_00073_gl_ax_t1.jpg,glioma
0.8697653014265991,0.7695439739413681,0.9989204406738281,7.053300858899107,0.9292035398230089,0.8174740484429066,proposed_narrow,brisc2025_test_00994_pi_sa_t1.jpg,pituitary
0.9105211406096362,0.8357400722021661,0.9979171752929688,4.47213595499958,0.8858418367346939,0.9366149696561025,proposed_narrow,brisc2025_test_00972_pi_sa_t1.jpg,pituitary
0.9069456812110418,0.8297352342158859,0.9968109130859375,11.313708498984761,0.919431279620853,0.8947946408961125,proposed_narrow,brisc2025_test_00809_pi_ax_t1.jpg,pituitary
0.6224489795918368,0.45185185185185184,0.9974594116210938,19.500856168340984,0.8446153846153847,0.49281867145421904,proposed_narrow,brisc2025_test_00146_gl_co_t1.jpg,glioma
0.962709544988026,0.9281002638522428,0.9991683959960938,2.23606797749979,0.9791231732776617,0.9468371467025573,proposed_narrow,brisc2025_test_00476_me_co_t1.jpg,meningioma
0.9247159090909091,0.8599735799207398,0.9991912841796875,2.8284271247461903,0.9475982532751092,0.9029126213592233,proposed_narrow,brisc2025_test_00433_me_co_t1.jpg,meningioma
0.6115672651809076,0.44047309591889783,0.9835777282714844,49.040799340956916,0.44929073313005435,0.9573446327683616,proposed_narrow,brisc2025_test_00156_gl_co_t1.jpg,glioma
0.9376971608832808,0.882702301410542,0.9981918334960938,3.0,0.9409126879451332,0.9345035368090123,proposed_narrow,brisc2025_test_00998_pi_sa_t1.jpg,pituitary
0.9757505773672055,0.9526493799323562,0.9991989135742188,2.0,0.9807335190343547,0.9708180147058824,proposed_narrow,brisc2025_test_00514_me_sa_t1.jpg,meningioma
0.7846910231414767,0.645672037385785,0.980621337890625,30.691937135338122,0.774385143048352,0.795274914089347,proposed_narrow,brisc2025_test_00158_gl_co_t1.jpg,glioma
0.9452569995821145,0.8961965134706814,0.9985008239746094,10.63014581273465,0.9546989307822172,0.936,proposed_narrow,brisc2025_test_00891_pi_co_t1.jpg,pituitary
0.9262571470458877,0.8626433642818132,0.9980812072753906,10.737327303733155,0.8819095477386935,0.9753010188329732,proposed_narrow,brisc2025_test_00735_pi_ax_t1.jpg,pituitary
0.9317374720505064,0.8721989657719773,0.9980201721191406,9.0,0.8942186316586721,0.9725425590334981,proposed_narrow,brisc2025_test_00436_me_co_t1.jpg,meningioma
0.962312734082397,0.9273629596210241,0.9987716674804688,3.1622776601683795,0.9877462758289284,0.9381560931081698,proposed_narrow,brisc2025_test_00430_me_co_t1.jpg,meningioma
0.9292112106327651,0.8677819751753912,0.9981307983398438,7.8292247083159925,0.9300173510699826,0.9284064665127021,proposed_narrow,brisc2025_test_00429_me_co_t1.jpg,meningioma
0.9547560374568753,0.9134288947566956,0.9982490539550781,3.1622776601683795,0.960531535105117,0.9490495786792084,proposed_narrow,brisc2025_test_00006_gl_ax_t1.jpg,glioma
0.884030574504808,0.7921637943732508,0.9946174621582031,15.27740484206319,0.9962949240459429,0.7945043581031171,proposed_narrow,brisc2025_test_00543_me_sa_t1.jpg,meningioma
0.9837019252966435,0.9679265854988188,0.9986534118652344,2.0,0.9820243362831859,0.9853852557580243,proposed_narrow,brisc2025_test_00342_me_ax_t1.jpg,meningioma
0.9316420014094433,0.8720316622691293,0.9992599487304688,3.1217082451262845,0.9656683710737765,0.899931926480599,proposed_narrow,brisc2025_test_00818_pi_ax_t1.jpg,pituitary
0.7858492186158338,0.6472418670438472,0.9952430725097656,21.213203435596427,0.9251920744035584,0.6829850746268656,proposed_narrow,brisc2025_test_00784_pi_ax_t1.jpg,pituitary
0.9615384615384616,0.9259259259259259,0.9989166259765625,2.8284271247461903,0.9459099387156941,0.977692095841366,proposed_narrow,brisc2025_test_00328_me_ax_t1.jpg,meningioma
0.5188640132669984,0.3503149055283415,0.9822921752929688,46.00045894206687,0.35169312912744133,0.98893717898064,proposed_narrow,brisc2025_test_00160_gl_co_t1.jpg,glioma
0.9587861831486065,0.9208350558081853,0.9970779418945312,5.0,0.9608540925266904,0.9567271555889617,proposed_narrow,brisc2025_test_00359_me_ax_t1.jpg,meningioma
0.9646479402312284,0.93171007014432,0.9967689514160156,4.0,0.9356327422880738,0.9955203308063405,proposed_narrow,brisc2025_test_00401_me_co_t1.jpg,meningioma
0.7547533092659446,0.6061074603788171,0.9961128234863281,32.96902013053426,0.6413087934560328,0.9169590643274854,proposed_narrow,brisc2025_test_00077_gl_ax_t1.jpg,glioma
0.9158826784726065,0.844818785094436,0.99884033203125,4.0,0.8508997429305912,0.9916117435590174,proposed_narrow,brisc2025_test_00363_me_ax_t1.jpg,meningioma
0.9300769488123118,0.8692933083176986,0.9976081848144531,6.082762530298219,0.9985632183908046,0.8703819661865999,proposed_narrow,brisc2025_test_00459_me_co_t1.jpg,meningioma
0.5327586206896552,0.36310223266745006,0.9979324340820312,44.096481837268946,0.7392344497607656,0.4164420485175202,proposed_narrow,brisc2025_test_00886_pi_co_t1.jpg,pituitary
0.9624204377016304,0.927563025210084,0.9983558654785156,3.5833875946991784,0.9556709956709957,0.9692658939234282,proposed_narrow,brisc2025_test_00511_me_sa_t1.jpg,meningioma
0.0,0.0,0.9874267578125,53.06834739261276,0.0,0.0,proposed_narrow,brisc2025_test_00910_pi_co_t1.jpg,pituitary
0.14816859930057058,0.08001192724381274,0.964691162109375,86.05085682255176,0.36001788908765653,0.093279258400927,proposed_narrow,brisc2025_test_00135_gl_co_t1.jpg,glioma
0.927144535840188,0.864184008762322,0.99810791015625,4.47213595499958,0.9190448456610367,0.9353882631890931,proposed_narrow,brisc2025_test_00035_gl_ax_t1.jpg,glioma
0.9560541913632514,0.9158082569551464,0.9960403442382812,8.54400374531753,0.9543571971938128,0.9577572313173297,proposed_narrow,brisc2025_test_00536_me_sa_t1.jpg,meningioma
0.9516539440203562,0.9077669902912622,0.9986953735351562,4.920820393249949,0.9166666666666666,0.9894179894179894,proposed_narrow,brisc2025_test_00520_me_sa_t1.jpg,meningioma
0.932824427480916,0.8741058655221745,0.99932861328125,2.23606797749979,0.9285714285714286,0.9371165644171779,proposed_narrow,brisc2025_test_00759_pi_ax_t1.jpg,pituitary
0.6727373068432672,0.5068607068607068,0.9954757690429688,22.59090323903261,0.9752,0.5134793597304128,proposed_narrow,brisc2025_test_00777_pi_ax_t1.jpg,pituitary
0.7942530852827409,0.6587228842040941,0.9957389831542969,17.46424919657298,0.6786276361347183,0.9573712255772646,proposed_narrow,brisc2025_test_00885_pi_co_t1.jpg,pituitary
0.9596774193548387,0.9224806201550387,0.9975204467773438,5.0,0.9445597753083405,0.9752868490732568,proposed_narrow,brisc2025_test_00301_me_ax_t1.jpg,meningioma
0.9377189567925263,0.8827409307438622,0.99755859375,5.0,0.9489856214299783,0.9267166762839008,proposed_narrow,brisc2025_test_00196_gl_sa_t1.jpg,glioma
0.908968307484828,0.8331273176761433,0.9994850158691406,2.23606797749979,0.8998664886515354,0.9182561307901907,proposed_narrow,brisc2025_test_00979_pi_sa_t1.jpg,pituitary
0.9227778759498144,0.8566272965879265,0.9983329772949219,9.080009036010734,0.9501455604075691,0.896942631398145,proposed_narrow,brisc2025_test_00234_gl_sa_t1.jpg,glioma
0.7998136935258501,0.666407947842285,0.9918022155761719,17.403777388090692,0.7292339052148803,0.885519801980198,proposed_narrow,brisc2025_test_00187_gl_sa_t1.jpg,glioma
0.9429069092316624,0.8919809593555474,0.9988746643066406,3.0,0.9038961038961039,0.9854368932038835,proposed_narrow,brisc2025_test_00127_gl_co_t1.jpg,glioma
0.9445451250453063,0.8949175824175825,0.9994163513183594,2.23606797749979,0.9587932303164092,0.9307142857142857,proposed_narrow,brisc2025_test_00181_gl_sa_t1.jpg,glioma
0.9184943970884015,0.8492738221749911,0.9967536926269531,6.708203932499369,0.9121171770972037,0.9249614197530864,proposed_narrow,brisc2025_test_00381_me_ax_t1.jpg,meningioma
0.8111702127659575,0.6823266219239373,0.9951248168945312,18.0,0.9491701244813278,0.708204334365325,proposed_narrow,brisc2025_test_00800_pi_ax_t1.jpg,pituitary
0.9390111872970047,0.8850340136054422,0.9993553161621094,2.2953038922244096,0.9665676077265973,0.9129824561403509,proposed_narrow,brisc2025_test_00456_me_co_t1.jpg,meningioma
0.9462284725878017,0.8979446188980873,0.9972724914550781,5.0,0.9533262615547811,0.9392355927142431,proposed_narrow,brisc2025_test_00270_me_ax_t1.jpg,meningioma
0.7972142564522736,0.6628065395095368,0.9981117248535156,12.467244694190159,0.9848178137651822,0.6696490020646937,proposed_narrow,brisc2025_test_00225_gl_sa_t1.jpg,glioma
0.9364791288566243,0.8805460750853242,0.9993324279785156,3.0,0.9869931140015302,0.8908839779005525,proposed_narrow,brisc2025_test_00790_pi_ax_t1.jpg,pituitary
0.881461061337009,0.7880468268638324,0.998687744140625,5.0,0.949517446176689,0.822508038585209,proposed_narrow,brisc2025_test_00933_pi_sa_t1.jpg,pituitary
0.8564015388744743,0.7488655922390862,0.9938774108886719,31.07380165319262,0.7571586774244582,0.9855848434925865,proposed_narrow,brisc2025_test_00243_gl_sa_t1.jpg,glioma
0.0,0.0,0.9517669677734375,143.79081004871298,0.0,0.0,proposed_narrow,brisc2025_test_00045_gl_ax_t1.jpg,glioma
0.8664192949907236,0.7643207855973814,0.99835205078125,5.983095189484526,0.9589322381930184,0.7901861252115059,proposed_narrow,brisc2025_test_00704_pi_ax_t1.jpg,pituitary
0.8489208633093526,0.7375,0.9990386962890625,6.324555320336759,0.954177897574124,0.7645788336933045,proposed_narrow,brisc2025_test_00955_pi_sa_t1.jpg,pituitary
0.952625277920301,0.9095362508164598,0.9989433288574219,2.8284271247461903,0.9336238685886691,0.9724162011173184,proposed_narrow,brisc2025_test_00071_gl_ax_t1.jpg,glioma
0.9007398273736128,0.8194054963544588,0.9987716674804688,6.324555320336759,0.8329532497149373,0.9805369127516779,proposed_narrow,brisc2025_test_00916_pi_sa_t1.jpg,pituitary
0.965978806469604,0.9341963322545846,0.9990692138671875,2.23606797749979,0.9590254706533776,0.9730337078651685,proposed_narrow,brisc2025_test_00448_me_co_t1.jpg,meningioma
0.7205651491365777,0.5631901840490797,0.9959259033203125,30.374324851400576,0.7714285714285715,0.6759941089837997,proposed_narrow,brisc2025_test_00880_pi_co_t1.jpg,pituitary
0.9530201342281879,0.9102564102564102,0.9974632263183594,7.615773105863909,0.9699453551912568,0.9366754617414248,proposed_narrow,brisc2025_test_00038_gl_ax_t1.jpg,glioma
0.8660149511213341,0.7636916835699797,0.9991111755371094,6.308327554319917,0.9592356687898089,0.789308176100629,proposed_narrow,brisc2025_test_00788_pi_ax_t1.jpg,pituitary
0.7616349656009712,0.6150326797385621,0.9977531433105469,12.328626561573161,0.8910984848484849,0.665017667844523,proposed_narrow,brisc2025_test_00500_me_sa_t1.jpg,meningioma
0.9092847769028871,0.8336591968717101,0.9957809448242188,11.045361017187261,0.8392127176381529,0.9921245749060319,proposed_narrow,brisc2025_test_00203_gl_sa_t1.jpg,glioma
0.7624309392265194,0.6160714285714286,0.9958992004394531,15.14538563736055,0.956738768718802,0.6337252020573108,proposed_narrow,brisc2025_test_00758_pi_ax_t1.jpg,pituitary
0.782109398609852,0.6421836228287842,0.9972496032714844,9.0,0.9855293221629855,0.6482965931863728,proposed_narrow,brisc2025_test_00940_pi_sa_t1.jpg,pituitary
0.9277464410421703,0.8652304609218436,0.9989738464355469,3.0,0.9515151515151515,0.9051362683438156,proposed_narrow,brisc2025_test_00832_pi_co_t1.jpg,pituitary
0.9698002461421944,0.9413710714942106,0.9987831115722656,3.0,0.9458910433979686,0.9949494949494949,proposed_narrow,brisc2025_test_00349_me_ax_t1.jpg,meningioma
0.8964068081529734,0.8122619954303123,0.9981193542480469,9.848857801796104,0.9757548032936871,0.8289933929265448,proposed_narrow,brisc2025_test_00049_gl_ax_t1.jpg,glioma
0.9775491113189897,0.9560841720036597,0.99908447265625,2.0,0.9663399297207323,0.9890213893621048,proposed_narrow,brisc2025_test_00028_gl_ax_t1.jpg,glioma
0.6151460325665546,0.44419559537140724,0.9943199157714844,19.745752364131135,0.5669366364935684,0.672316384180791,proposed_narrow,brisc2025_test_00125_gl_co_t1.jpg,glioma
0.9650072425097203,0.9323806717737183,0.9982490539550781,3.0,0.9525888019265503,0.977753746330913,proposed_narrow,brisc2025_test_00490_me_sa_t1.jpg,meningioma
0.899711630887536,0.8177052999417589,0.9988059997558594,3.1622776601683795,0.8948374760994264,0.904639175257732,proposed_narrow,brisc2025_test_00855_pi_co_t1.jpg,pituitary
0.9348899865289627,0.8777403035413154,0.9988937377929688,6.004138126514907,0.9733520336605891,0.8993520518358531,proposed_narrow,brisc2025_test_00967_pi_sa_t1.jpg,pituitary
0.8915753683415187,0.8043626448534424,0.9989051818847656,6.401285042769277,0.9577922077922078,0.833922261484099,proposed_narrow,brisc2025_test_00889_pi_co_t1.jpg,pituitary
0.4321967927759614,0.2756703078450844,0.9721755981445312,69.8418984393412,0.2966128859920932,0.7960997992543734,proposed_narrow,brisc2025_test_00009_gl_ax_t1.jpg,glioma
0.7002703746620317,0.5387815750371471,0.99407958984375,41.688333406299805,0.6154107264086898,0.8122759856630825,proposed_narrow,brisc2025_test_00016_gl_ax_t1.jpg,glioma
0.9657224162462812,0.9337168584292146,0.9989891052246094,2.79880916738383,0.944585020242915,0.987827467584017,proposed_narrow,brisc2025_test_00497_me_sa_t1.jpg,meningioma
0.9773469387755102,0.9556974655757334,0.9983062744140625,2.23606797749979,0.9783452502553626,0.9763506625891947,proposed_narrow,brisc2025_test_00554_me_sa_t1.jpg,meningioma
0.5780346820809249,0.4065040650406504,0.9871902465820312,28.455225221353672,0.45266679787443415,0.7994438651372958,proposed_narrow,brisc2025_test_00154_gl_co_t1.jpg,glioma
0.9395348837209302,0.8859649122807017,0.9991073608398438,3.1622776601683795,0.9629237288135594,0.917255297679112,proposed_narrow,brisc2025_test_00786_pi_ax_t1.jpg,pituitary
0.8975265017667845,0.8141025641025641,0.9984512329101562,9.145672763672918,0.8308411214953271,0.9758507135016465,proposed_narrow,brisc2025_test_00076_gl_ax_t1.jpg,glioma
0.9696231442710316,0.9410373873208216,0.9984779357910156,3.0,0.9720653335368646,0.9671931956257594,proposed_narrow,brisc2025_test_00447_me_co_t1.jpg,meningioma
0.9625994984189292,0.9278957326045827,0.9986915588378906,3.0,0.9488392089423904,0.9767647709670281,proposed_narrow,brisc2025_test_00373_me_ax_t1.jpg,meningioma
0.8493518104604381,0.7381507381507382,0.9987144470214844,7.155088655302972,0.7936507936507936,0.9134615384615384,proposed_narrow,brisc2025_test_00926_pi_sa_t1.jpg,pituitary
0.9513957960347457,0.9072973314784368,0.9972038269042969,4.47213595499958,0.9100596219713307,0.9966657404834677,proposed_pruned,brisc2025_test_00387_me_ax_t1.jpg,meningioma
0.9019255711862716,0.8213701617299655,0.9962501525878906,13.013441683641854,0.9712075633863343,0.8418699944123673,proposed_pruned,brisc2025_test_00717_pi_ax_t1.jpg,pituitary
0.5643966547192354,0.39314247669773633,0.9860916137695312,82.13403679352427,0.8873027798647634,0.4138051857042747,proposed_pruned,brisc2025_test_00132_gl_co_t1.jpg,glioma
0.9327935222672065,0.874051593323217,0.9990501403808594,3.0567971810589274,0.9032932566649242,0.9642857142857143,proposed_pruned,brisc2025_test_00457_me_co_t1.jpg,meningioma
0.9709349593495935,0.9435117519257358,0.9978179931640625,3.1622776601683795,0.9631048387096774,0.9788934426229509,proposed_pruned,brisc2025_test_00461_me_co_t1.jpg,meningioma
0.885558583106267,0.7946210268948656,0.9990386962890625,5.039607805437112,0.9206798866855525,0.8530183727034121,proposed_pruned,brisc2025_test_00782_pi_ax_t1.jpg,pituitary
0.8653500897666068,0.7626582278481012,0.9985694885253906,7.010660171779819,0.7655654383735705,0.9950454170107349,proposed_pruned,brisc2025_test_00030_gl_ax_t1.jpg,glioma
0.915182613945065,0.8436282693377852,0.9989280700683594,4.123105625617661,0.8594104308390023,0.9786959328599096,proposed_pruned,brisc2025_test_00803_pi_ax_t1.jpg,pituitary
0.9624961468644039,0.9277036841410273,0.9958229064941406,5.656854249492381,0.9435900879726009,0.9821753110582973,proposed_pruned,brisc2025_test_00265_me_ax_t1.jpg,meningioma
0.4531899291126864,0.29298356510745893,0.9914665222167969,48.54894437575342,0.2988394584139265,0.9373104145601617,proposed_pruned,brisc2025_test_00471_me_co_t1.jpg,meningioma
0.9400549361770884,0.886890243902439,0.9985847473144531,3.605551275463989,0.8887870455239841,0.997599451303155,proposed_pruned,brisc2025_test_00215_gl_sa_t1.jpg,glioma
0.5867944621938233,0.4152223059532781,0.99407958984375,35.0781182916357,0.7997097242380261,0.4634146341463415,proposed_pruned,brisc2025_test_00058_gl_ax_t1.jpg,glioma
0.8894601542416453,0.8009259259259259,0.9993438720703125,3.0,0.8307322929171669,0.9571230982019364,proposed_pruned,brisc2025_test_00947_pi_sa_t1.jpg,pituitary
0.53666728867326,0.3667431777607753,0.9905281066894531,47.77237310478729,0.8741641337386018,0.3871836295099623,proposed_pruned,brisc2025_test_00390_me_ax_t1.jpg,meningioma
0.9004440188055024,0.818916029929926,0.9825515747070312,33.06281751987611,0.9790325634229459,0.8335348162475822,proposed_pruned,brisc2025_test_00298_me_ax_t1.jpg,meningioma
0.9286054878841735,0.8667260074445703,0.9937171936035156,13.0,0.9338273757628597,0.9234416760065522,proposed_pruned,brisc2025_test_00164_gl_co_t1.jpg,glioma
0.8871315600287563,0.7971576227390181,0.9988021850585938,5.0990195135927845,0.9762658227848101,0.8129117259552042,proposed_pruned,brisc2025_test_00276_me_ax_t1.jpg,meningioma
0.8402082498998799,0.7244475138121547,0.9984779357910156,5.0,0.7557636887608069,0.9458972046889089,proposed_pruned,brisc2025_test_00911_pi_co_t1.jpg,pituitary
0.0,0.0,0.973785400390625,230.356462825883,0.0,0.0,proposed_pruned,brisc2025_test_00011_gl_ax_t1.jpg,glioma
0.9376909413854352,0.8826912787586945,0.9966545104980469,12.36931687685298,0.9766168417936955,0.9017491117791746,proposed_pruned,brisc2025_test_00546_me_sa_t1.jpg,meningioma
0.9286089698668535,0.866732074237593,0.9937820434570312,18.0,0.872151378033731,0.9928818956635759,proposed_pruned,brisc2025_test_00408_me_co_t1.jpg,meningioma
0.8965116279069767,0.8124341412012644,0.9986419677734375,5.0,0.8662921348314607,0.9289156626506024,proposed_pruned,brisc2025_test_00343_me_ax_t1.jpg,meningioma
0.9314606229194218,0.8717138955274838,0.9942665100097656,10.770329614269007,0.9777884155098133,0.8893242772553117,proposed_pruned,brisc2025_test_00348_me_ax_t1.jpg,meningioma
0.9482581967213115,0.901607403799318,0.9992294311523438,2.8284271247461903,0.908243375858685,0.9919614147909968,proposed_pruned,brisc2025_test_00475_me_co_t1.jpg,meningioma
0.9229450219697781,0.8569154228855721,0.9972572326660156,5.0,0.8584529505582137,0.9979142526071842,proposed_pruned,brisc2025_test_00247_gl_sa_t1.jpg,glioma
0.7978723404255319,0.6637168141592921,0.99884033203125,6.324555320336759,0.9478672985781991,0.6888633754305397,proposed_pruned,brisc2025_test_00991_pi_sa_t1.jpg,pituitary
0.9665234780032588,0.9352157087573456,0.996551513671875,6.540410100212797,0.9636685866194062,0.9693953350170851,proposed_pruned,brisc2025_test_00255_me_ax_t1.jpg,meningioma
0.6130803794308537,0.44204463642908565,0.9940872192382812,34.221991219242476,0.5227756492124308,0.7410983705491853,proposed_pruned,brisc2025_test_00143_gl_co_t1.jpg,glioma
0.8504631671812969,0.7398311588641596,0.9974136352539062,10.0,0.9727547931382442,0.7554858934169278,proposed_pruned,brisc2025_test_00761_pi_ax_t1.jpg,pituitary
0.501189288728612,0.3343913177024675,0.9752006530761719,54.037024344425184,0.9645599527466037,0.33855084482222453,proposed_pruned,brisc2025_test_00412_me_co_t1.jpg,meningioma
0.9502169231249414,0.9051554974133318,0.9939155578613281,8.95820393249937,0.9228250985147014,0.9792846114256305,proposed_pruned,brisc2025_test_00222_gl_sa_t1.jpg,glioma
0.12078518283995568,0.06427428186336451,0.9576263427734375,75.20304955788563,0.06583261432269198,0.7308429118773946,proposed_pruned,brisc2025_test_00210_gl_sa_t1.jpg,glioma
0.9694844579226687,0.9407761633253633,0.9987716674804688,2.0,0.9585832083958021,0.9806365030674846,proposed_pruned,brisc2025_test_00494_me_sa_t1.jpg,meningioma
0.9436102769436103,0.8932406822488945,0.9980659484863281,4.123105625617661,0.9207727371391361,0.9676094890510949,proposed_pruned,brisc2025_test_00403_me_co_t1.jpg,meningioma
0.9555925374441622,0.9149614223414961,0.9980659484863281,4.0,0.9610641296687809,0.9501828949660338,proposed_pruned,brisc2025_test_00360_me_ax_t1.jpg,meningioma
0.9383526161284752,0.883864671437866,0.9904670715332031,36.8456022918822,0.9666090668835129,0.9117012607257562,proposed_pruned,brisc2025_test_00292_me_ax_t1.jpg,meningioma
0.906817918740595,0.8295213892418467,0.9969291687011719,6.324555320336759,0.8650618374558304,0.9528095353928484,proposed_pruned,brisc2025_test_00424_me_co_t1.jpg,meningioma
0.6281295311744804,0.45786358511837655,0.9853248596191406,74.21243897398168,0.49167675544794187,0.8694139684238694,proposed_pruned,brisc2025_test_00042_gl_ax_t1.jpg,glioma
0.4401697312588402,0.28219078708741385,0.9924507141113281,23.606132029404264,0.2905153099327857,0.9078179696616102,proposed_pruned,brisc2025_test_00083_gl_ax_t1.jpg,glioma
0.785502621381354,0.6467717717717718,0.9964103698730469,15.905694150420949,0.8108235294117647,0.7617152961980548,proposed_pruned,brisc2025_test_00892_pi_co_t1.jpg,pituitary
0.8870346598202824,0.7970011534025375,0.99932861328125,7.615773105863909,0.9815340909090909,0.8091334894613583,proposed_pruned,brisc2025_test_00770_pi_ax_t1.jpg,pituitary
0.7552138564863909,0.6067016896209002,0.9894332885742188,34.97626765016323,0.8575155528797913,0.6747197220906364,proposed_pruned,brisc2025_test_00029_gl_ax_t1.jpg,glioma
0.943593574897273,0.8932107496463932,0.9988479614257812,3.0,0.9070017953321364,0.9832619696379914,proposed_pruned,brisc2025_test_00384_me_ax_t1.jpg,meningioma
0.9667464751263634,0.935633367662204,0.9976158142089844,3.1622776601683795,0.9545072494221475,0.9793036541985556,proposed_pruned,brisc2025_test_00312_me_ax_t1.jpg,meningioma
0.8556386387913932,0.747699693292439,0.9927825927734375,15.297058540778355,0.75,0.9959147424511545,proposed_pruned,brisc2025_test_00152_gl_co_t1.jpg,glioma
0.9547198772064467,0.9133627019089574,0.9957237243652344,4.242640687119285,0.9183308726396767,0.9941117092866757,proposed_pruned,brisc2025_test_00274_me_ax_t1.jpg,meningioma
0.8858418367346939,0.7950772753291356,0.9972686767578125,12.619324002040555,0.8033545401966454,0.9872068230277186,proposed_pruned,brisc2025_test_00361_me_ax_t1.jpg,meningioma
0.916310323762981,0.8455467869222097,0.9989547729492188,3.0,0.8625646923519263,0.9771986970684039,proposed_pruned,brisc2025_test_00965_pi_sa_t1.jpg,pituitary
0.9333902647309992,0.8751000800640513,0.998809814453125,5.0,0.9550021843599825,0.9127348643006263,proposed_pruned,brisc2025_test_00990_pi_sa_t1.jpg,pituitary
0.9361078546307151,0.8798898071625344,0.9983367919921875,6.25201748332518,0.8926774734488541,0.9839802834257547,proposed_pruned,brisc2025_test_00751_pi_ax_t1.jpg,pituitary
0.9614337448124554,0.9257317383558157,0.9944343566894531,7.0,0.936360827927093,0.9878863599326416,proposed_pruned,brisc2025_test_00398_me_co_t1.jpg,meningioma
0.9567921594496537,0.9171635049683831,0.9965019226074219,7.0,0.9877419982488569,0.9277229532163743,proposed_pruned,brisc2025_test_00199_gl_sa_t1.jpg,glioma
0.8691896338955163,0.7686431429610767,0.9975738525390625,7.933587386567325,0.933303886925795,0.8133179368745188,proposed_pruned,brisc2025_test_00744_pi_ax_t1.jpg,pituitary
0.9611387257117036,0.925184862983906,0.996063232421875,6.324555320336759,0.9329629358871262,0.9910693484507261,proposed_pruned,brisc2025_test_00379_me_ax_t1.jpg,meningioma
0.6929585544242076,0.5301733596664472,0.9673309326171875,49.77694770854986,0.888725400036785,0.5678693148431073,proposed_pruned,brisc2025_test_00043_gl_ax_t1.jpg,glioma
0.9667293675052904,0.9356013198316077,0.9956817626953125,244.9989780410573,0.9775320970042796,0.9561627906976744,proposed_pruned,brisc2025_test_00297_me_ax_t1.jpg,meningioma
0.9374545454545454,0.8822724161533196,0.9993438720703125,2.8284271247461903,0.9266714593817398,0.9484915378955114,proposed_pruned,brisc2025_test_00966_pi_sa_t1.jpg,pituitary
0.9256148770245951,0.8615298715801228,0.999053955078125,3.605551275463989,0.917906008328376,0.9334543254688445,proposed_pruned,brisc2025_test_00720_pi_ax_t1.jpg,pituitary
0.7366754617414248,0.5831244778613199,0.9961929321289062,12.658636770032185,0.9680998613037448,0.5945485519591142,proposed_pruned,brisc2025_test_00768_pi_ax_t1.jpg,pituitary
0.9410585404971933,0.8886785308595229,0.9988784790039062,4.0,0.9365522745411013,0.9456083803384367,proposed_pruned,brisc2025_test_00535_me_sa_t1.jpg,meningioma
0.8236607142857143,0.7001897533206831,0.9963836669921875,13.789130035606417,0.7209378052751547,0.9605206073752711,proposed_pruned,brisc2025_test_00378_me_ax_t1.jpg,meningioma
0.8748898678414097,0.7776037588097102,0.997833251953125,11.146595169921028,0.9511494252873564,0.8099510603588908,proposed_pruned,brisc2025_test_00833_pi_co_t1.jpg,pituitary
0.9388535031847134,0.8847539015606243,0.99853515625,3.339587106286613,0.9138251704897706,0.9652914210870989,proposed_pruned,brisc2025_test_00853_pi_co_t1.jpg,pituitary
0.9525794684731631,0.909452736318408,0.9986114501953125,5.0643626838353075,0.9762349799732978,0.930043245993386,proposed_pruned,brisc2025_test_00801_pi_ax_t1.jpg,pituitary
0.9336108676599474,0.8754879802753236,0.9976882934570312,4.0,0.8787378840998143,0.9957934096751577,proposed_pruned,brisc2025_test_00380_me_ax_t1.jpg,meningioma
0.942418070727643,0.8911064425770309,0.9976272583007812,4.242640687119285,0.9471529586899888,0.9377302873986736,proposed_pruned,brisc2025_test_00495_me_sa_t1.jpg,meningioma
0.9274992015330565,0.8648004764740918,0.9991340637207031,3.0,0.8842874543239951,0.9751511081262593,proposed_pruned,brisc2025_test_00745_pi_ax_t1.jpg,pituitary
0.9553886925795053,0.9145877378435519,0.9984588623046875,3.1622776601683795,0.9474375821287779,0.9634743875278396,proposed_pruned,brisc2025_test_00501_me_sa_t1.jpg,meningioma
0.7634810464495462,0.6174438687392055,0.9966201782226562,10.954163456597993,0.9507978723404256,0.6378233719892953,proposed_pruned,brisc2025_test_00748_pi_ax_t1.jpg,pituitary
0.9185938945420906,0.8494439692044482,0.99932861328125,3.0,0.8589965397923875,0.9870775347912525,proposed_pruned,brisc2025_test_00174_gl_sa_t1.jpg,glioma
0.9322709163346613,0.8731343283582089,0.9990272521972656,3.0,0.8823529411764706,0.9881756756756757,proposed_pruned,brisc2025_test_00887_pi_co_t1.jpg,pituitary
0.9319677489649161,0.8726026279278544,0.9940452575683594,10.353500688156402,0.8986384266263238,0.9678645786186295,proposed_pruned,brisc2025_test_00467_me_co_t1.jpg,meningioma
0.1980107115531752,0.10988451086956522,0.9800071716308594,93.00537618869137,0.14390569395017794,0.3173124080431584,proposed_pruned,brisc2025_test_00079_gl_ax_t1.jpg,glioma
0.8590184432635198,0.7528767123287671,0.9948387145996094,7.810249675906654,0.7638991845811712,0.9811949535824803,proposed_pruned,brisc2025_test_00317_me_ax_t1.jpg,meningioma
0.9106309669083339,0.8359251449657353,0.9952507019042969,13.0,0.8972980619606734,0.9243660740308948,proposed_pruned,brisc2025_test_00185_gl_sa_t1.jpg,glioma
0.8926539698243878,0.8061201697565334,0.9966888427734375,13.391341161573457,0.9662650602409638,0.8294644909216272,proposed_pruned,brisc2025_test_00405_me_co_t1.jpg,meningioma
0.7277261391974609,0.5719885958660014,0.9954185485839844,21.55457140345348,0.5798410404624278,0.9768715763846622,proposed_pruned,brisc2025_test_00137_gl_co_t1.jpg,glioma
0.9821304988199386,0.9648884239888424,0.9961585998535156,3.605551275463989,0.9705397537965139,0.9940014367816092,proposed_pruned,brisc2025_test_00304_me_ax_t1.jpg,meningioma
0.9446916719643992,0.8951807228915662,0.9980087280273438,4.437711664817541,0.9020639417239984,0.9915480427046264,proposed_pruned,brisc2025_test_00332_me_ax_t1.jpg,meningioma
0.949459510714963,0.9037819297770557,0.9959335327148438,8.009338662244781,0.9621408667243202,0.9371080954609265,proposed_pruned,brisc2025_test_00377_me_ax_t1.jpg,meningioma
0.8401037165082109,0.7242921013412816,0.9971771240234375,8.06225774829855,0.8009888751545118,0.8832348932303499,proposed_pruned,brisc2025_test_00093_gl_co_t1.jpg,glioma
0.9595626354981619,0.9222685269070484,0.9983634948730469,4.0,0.9382488479262673,0.9818672839506173,proposed_pruned,brisc2025_test_00439_me_co_t1.jpg,meningioma
0.8069381598793364,0.6763590391908976,0.9970703125,11.313708498984761,0.939695550351288,0.7070484581497798,proposed_pruned,brisc2025_test_00799_pi_ax_t1.jpg,pituitary
0.9631767515923567,0.9289690919562296,0.9985885620117188,3.0,0.9533096926713948,0.9732502011263073,proposed_pruned,brisc2025_test_00489_me_sa_t1.jpg,meningioma
0.9736766398158804,0.9487035739313244,0.9986038208007812,2.8284271247461903,0.9634215769997153,0.9841523698749637,proposed_pruned,brisc2025_test_00465_me_co_t1.jpg,meningioma
0.7305605786618445,0.5754985754985755,0.9982948303222656,8.04852813742384,0.9950738916256158,0.5771428571428572,proposed_pruned,brisc2025_test_00929_pi_sa_t1.jpg,pituitary
0.927432359792152,0.864684263280989,0.9984550476074219,11.492806589536112,0.940748818611414,0.9144876325088339,proposed_pruned,brisc2025_test_00090_gl_co_t1.jpg,glioma
0.9548231994390464,0.9135518497220625,0.9965591430664062,5.054460732476027,0.9760393200901085,0.9345098039215687,proposed_pruned,brisc2025_test_00245_gl_sa_t1.jpg,glioma
0.7503344481605351,0.6004282082162451,0.9886093139648438,25.77300636326083,0.644683908045977,0.8974,proposed_pruned,brisc2025_test_00062_gl_ax_t1.jpg,glioma
0.8418484360513346,0.726889694109716,0.9876365661621094,17.029386365926403,0.7275027409968795,0.9988420565076425,proposed_pruned,brisc2025_test_00080_gl_ax_t1.jpg,glioma
0.768,0.6233766233766234,0.9960174560546875,11.40175425099138,0.9626740947075209,0.6388170055452865,proposed_pruned,brisc2025_test_00781_pi_ax_t1.jpg,pituitary
0.9021499223412082,0.8217423678332092,0.9954338073730469,10.04987562112089,0.8901435715437974,0.9144845873384156,proposed_pruned,brisc2025_test_00907_pi_co_t1.jpg,pituitary
0.8777393310265282,0.7821171634121274,0.9991912841796875,4.3344387942713976,0.8362637362637363,0.9235436893203883,proposed_pruned,brisc2025_test_00812_pi_ax_t1.jpg,pituitary
0.9213483146067416,0.8541666666666666,0.9989852905273438,5.0,0.931261207411835,0.9116442363955529,proposed_pruned,brisc2025_test_00503_me_sa_t1.jpg,meningioma
0.916030534351145,0.8450704225352113,0.99932861328125,3.0,0.8711433756805808,0.96579476861167,proposed_pruned,brisc2025_test_00831_pi_co_t1.jpg,pituitary
0.9402488172419835,0.8872354497354498,0.9986991882324219,3.0,0.9030629417704477,0.9806286549707602,proposed_pruned,brisc2025_test_00906_pi_co_t1.jpg,pituitary
0.9554583959557317,0.9147155003270111,0.9975128173828125,4.123105625617661,0.9487179487179487,0.9622953075546993,proposed_pruned,brisc2025_test_00103_gl_co_t1.jpg,glioma
0.840498899486427,0.7248797772715768,0.9958534240722656,16.284940539637553,0.8952797749296655,0.7920353982300885,proposed_pruned,brisc2025_test_00325_me_ax_t1.jpg,meningioma
0.9385307346326837,0.884180790960452,0.9984359741210938,3.605551275463989,0.9263095590411364,0.9510786994834397,proposed_pruned,brisc2025_test_00358_me_ax_t1.jpg,meningioma
0.9038953653682116,0.8246433203631647,0.9974212646484375,9.219544457292887,0.9111493264545715,0.896755994358251,proposed_pruned,brisc2025_test_00089_gl_co_t1.jpg,glioma
0.9324723247232473,0.873487729001037,0.9986038208007812,4.47213595499958,0.9338507021433851,0.9310980103168754,proposed_pruned,brisc2025_test_00898_pi_co_t1.jpg,pituitary
0.9229309035687168,0.8568910821290096,0.9969024658203125,10.668726234647451,0.8757204610951008,0.9755216693418941,proposed_pruned,brisc2025_test_00442_me_co_t1.jpg,meningioma
0.9638703527168732,0.930260373539424,0.9971084594726562,5.0,0.9560325264750378,0.971837754709727,proposed_pruned,brisc2025_test_00283_me_ax_t1.jpg,meningioma
0.9430756159728122,0.8922829581993569,0.9974441528320312,5.385164807134504,0.9398814563928873,0.9462915601023018,proposed_pruned,brisc2025_test_00828_pi_co_t1.jpg,pituitary
0.9283548747407053,0.8662894580107207,0.9965744018554688,14.866068747318506,0.8939766441303012,0.9654829074012612,proposed_pruned,brisc2025_test_00894_pi_co_t1.jpg,pituitary
0.9047619047619048,0.8260869565217391,0.99884033203125,4.018465843842646,0.8366164542294322,0.984993178717599,proposed_pruned,brisc2025_test_00808_pi_ax_t1.jpg,pituitary
0.9453561157164608,0.8963747192813603,0.9987678527832031,4.092329219213245,0.9307128580946036,0.9604675146098316,proposed_pruned,brisc2025_test_00226_gl_sa_t1.jpg,glioma
0.9363500745897564,0.8803179055633473,0.99609375,9.433981132056603,0.8930519326535452,0.9840606218970473,proposed_pruned,brisc2025_test_00209_gl_sa_t1.jpg,glioma
0.9355197331851028,0.8788511749347259,0.999114990234375,4.0,0.9121951219512195,0.9600684540787222,proposed_pruned,brisc2025_test_00792_pi_ax_t1.jpg,pituitary
0.9212384573601303,0.8539778449144008,0.9983406066894531,7.289992295835198,0.8833333333333333,0.9625425652667423,proposed_pruned,brisc2025_test_00550_me_sa_t1.jpg,meningioma
0.7284880436829222,0.5729305493854583,0.9889984130859375,22.282141543086208,0.7838330632090762,0.6804431938093564,proposed_pruned,brisc2025_test_00178_gl_sa_t1.jpg,glioma
0.9080180492884415,0.831532104259377,0.9979782104492188,5.830951894845301,0.8922237380627558,0.9243816254416961,proposed_pruned,brisc2025_test_00337_me_ax_t1.jpg,meningioma
0.9077522737115634,0.8310864393338621,0.9983749389648438,6.497197195809929,0.9676823638042474,0.8548123980424144,proposed_pruned,brisc2025_test_00437_me_co_t1.jpg,meningioma
0.9537115623163805,0.9115187819792837,0.9972953796386719,4.188849909443548,0.9215240979056271,0.9882289270734678,proposed_pruned,brisc2025_test_00395_me_co_t1.jpg,meningioma
0.9027819323960514,0.8227917121046892,0.9962806701660156,12.36931687685298,0.8699077632590315,0.9382383419689119,proposed_pruned,brisc2025_test_00205_gl_sa_t1.jpg,glioma
0.950446791226645,0.9055727554179567,0.9913902282714844,12.36931687685298,0.974824355971897,0.9272587071070556,proposed_pruned,brisc2025_test_00073_gl_ax_t1.jpg,glioma
0.8997429305912596,0.8177570093457944,0.9992561340332031,3.0,0.8603736479842674,0.9428879310344828,proposed_pruned,brisc2025_test_00994_pi_sa_t1.jpg,pituitary
0.8766849725411883,0.7804444444444445,0.9971733093261719,9.914570696119913,0.8399234693877551,0.916811695092238,proposed_pruned,brisc2025_test_00972_pi_sa_t1.jpg,pituitary
0.9075610611195513,0.8307659392383397,0.9969825744628906,11.661903789690601,0.8763258858045588,0.9411051866214251,proposed_pruned,brisc2025_test_00809_pi_ax_t1.jpg,pituitary
0.5832376578645235,0.41166936790923825,0.9972305297851562,19.73067361830675,0.7815384615384615,0.4652014652014652,proposed_pruned,brisc2025_test_00146_gl_co_t1.jpg,glioma
0.9654683902957323,0.9332420403971242,0.9992561340332031,2.5026295937606635,0.9485038274182325,0.9830508474576272,proposed_pruned,brisc2025_test_00476_me_co_t1.jpg,meningioma
0.9081481481481481,0.8317503392130258,0.999053955078125,3.0,0.8922852983988355,0.9245852187028658,proposed_pruned,brisc2025_test_00433_me_co_t1.jpg,meningioma
0.8462035351459275,0.7334079804560261,0.9900093078613281,19.235384061671343,0.9551902426090415,0.7595403752899009,proposed_pruned,brisc2025_test_00156_gl_co_t1.jpg,glioma
0.9153899240855763,0.8439806566556376,0.9976615905761719,3.1622776601683795,0.8747032445265102,0.9600463231036479,proposed_pruned,brisc2025_test_00998_pi_sa_t1.jpg,pituitary
0.9662074649711527,0.934624145785877,0.9989051818847656,2.8284271247461903,0.952414113277623,0.9804062126642772,proposed_pruned,brisc2025_test_00514_me_sa_t1.jpg,meningioma
0.79565816678153,0.6606580829756795,0.9773788452148438,35.84689665786984,0.965785511125983,0.6764912691902027,proposed_pruned,brisc2025_test_00158_gl_co_t1.jpg,glioma
0.9412615740740741,0.8890407215086089,0.9984512329101562,3.605551275463989,0.9153066966797974,0.9687313877307921,proposed_pruned,brisc2025_test_00891_pi_co_t1.jpg,pituitary
0.9133834586466165,0.840575698865209,0.997802734375,10.770329614269007,0.8478503629257398,0.9898956975228161,proposed_pruned,brisc2025_test_00735_pi_ax_t1.jpg,pituitary
0.9192479372379277,0.8505632040050063,0.9977226257324219,9.0,0.8578641757132037,0.9900932400932401,proposed_pruned,brisc2025_test_00436_me_co_t1.jpg,meningioma
0.9653256010631871,0.9329752452125175,0.9989051818847656,2.8284271247461903,0.9598750600672753,0.9708383961117861,proposed_pruned,brisc2025_test_00430_me_co_t1.jpg,meningioma
0.8858418367346939,0.7950772753291356,0.9972686767578125,12.619324002040555,0.8033545401966454,0.9872068230277186,proposed_pruned,brisc2025_test_00429_me_co_t1.jpg,meningioma
0.9378131447096965,0.8829078801331853,0.9975852966308594,5.385164807134504,0.9466481554938516,0.9291415222892739,proposed_pruned,brisc2025_test_00006_gl_ax_t1.jpg,glioma
0.8841705221414409,0.7923885680438324,0.9946517944335938,13.019202405202648,0.9912930715079659,0.797942141365941,proposed_pruned,brisc2025_test_00543_me_sa_t1.jpg,meningioma
0.9723694171082513,0.9462246777163904,0.997772216796875,3.605551275463989,0.9472713864306784,0.9988335925349923,proposed_pruned,brisc2025_test_00342_me_ax_t1.jpg,meningioma
0.9137803979366249,0.841248303934871,0.9991073608398438,3.0,0.9057706355003652,0.9219330855018587,proposed_pruned,brisc2025_test_00818_pi_ax_t1.jpg,pituitary
0.7840751043115438,0.6448384329425222,0.9952621459960938,21.00118980208143,0.9118479579458147,0.6877096675815797,proposed_pruned,brisc2025_test_00784_pi_ax_t1.jpg,pituitary
0.9545706371191136,0.9130895601483837,0.998748779296875,3.0,0.9181987743138822,0.9939428901067205,proposed_pruned,brisc2025_test_00328_me_ax_t1.jpg,meningioma
0.8152209492635024,0.688078463876226,0.9913864135742188,27.45344325932525,0.6998735422228467,0.9760924946110131,proposed_pruned,brisc2025_test_00160_gl_co_t1.jpg,glioma
0.9605653557749366,0.9241228980693378,0.9972114562988281,5.0,0.9600992127682519,0.9610319516407599,proposed_pruned,brisc2025_test_00359_me_ax_t1.jpg,meningioma
0.9484878697241609,0.9020227560050569,0.995269775390625,7.2069451621852245,0.9242976277224516,0.9739783294940705,proposed_pruned,brisc2025_test_00401_me_co_t1.jpg,meningioma
0.6642610133814464,0.4972985141828005,0.9914817810058594,19.90597849937909,0.903476482617587,0.5252020922491678,proposed_pruned,brisc2025_test_00077_gl_ax_t1.jpg,glioma
0.8975084937712344,0.8140729327170005,0.9986190795898438,4.123105625617661,0.8149100257069408,0.9987397605545053,proposed_pruned,brisc2025_test_00363_me_ax_t1.jpg,meningioma
0.9100656455142232,0.8349728970086328,0.9968643188476562,7.190097340068606,0.9959291187739464,0.8378323932312651,proposed_pruned,brisc2025_test_00459_me_co_t1.jpg,meningioma
0.7613636363636364,0.6146788990825688,0.999359130859375,4.47213595499958,0.6411483253588517,0.9370629370629371,proposed_pruned,brisc2025_test_00886_pi_co_t1.jpg,pituitary
0.952355602874634,0.9090447154471545,0.9979515075683594,4.0,0.9293506493506494,0.976528384279476,proposed_pruned,brisc2025_test_00511_me_sa_t1.jpg,meningioma
0.3366606170598911,0.20240043644298963,0.9888458251953125,45.880278987817846,0.3560460652591171,0.3192771084337349,proposed_pruned,brisc2025_test_00910_pi_co_t1.jpg,pituitary
0.2400719071743749,0.13641006592998423,0.9645233154296875,89.54243823569388,0.6569767441860465,0.14687062587482502,proposed_pruned,brisc2025_test_00135_gl_co_t1.jpg,glioma
0.9003101462117855,0.8186946011281225,0.9974250793457031,5.385164807134504,0.8875946418171229,0.9133952652082709,proposed_pruned,brisc2025_test_00035_gl_ax_t1.jpg,glioma
0.9608525815217391,0.9246547356378197,0.9964828491210938,6.324555320336759,0.9563857662074212,0.9653613172937463,proposed_pruned,brisc2025_test_00536_me_sa_t1.jpg,meningioma
0.9205494972383516,0.8527945421149304,0.9978599548339844,6.387410454013627,0.8850762527233116,0.9589849513130717,proposed_pruned,brisc2025_test_00520_me_sa_t1.jpg,meningioma
0.9099451840250588,0.8347701149425287,0.9991226196289062,3.0,0.8829787234042553,0.938610662358643,proposed_pruned,brisc2025_test_00759_pi_ax_t1.jpg,pituitary
0.6694867456288776,0.5031793132683341,0.9955291748046875,20.258214343799573,0.9496,0.51698606271777,proposed_pruned,brisc2025_test_00777_pi_ax_t1.jpg,pituitary
0.8406466512702079,0.7250996015936255,0.9965782165527344,9.0,0.7447277305634246,0.9649265905383361,proposed_pruned,brisc2025_test_00885_pi_co_t1.jpg,pituitary
0.8910683012259194,0.8035375868603917,0.9928817749023438,145.07377287663593,0.9319819269752107,0.8535957946538418,proposed_pruned,brisc2025_test_00301_me_ax_t1.jpg,meningioma
0.9345065493450655,0.8770645645645646,0.9975013732910156,5.385164807134504,0.9204254480992712,0.9490251827782291,proposed_pruned,brisc2025_test_00196_gl_sa_t1.jpg,glioma
0.8746355685131195,0.7772020725388601,0.9993438720703125,3.5168965524048597,0.8010680907877169,0.9630818619582665,proposed_pruned,brisc2025_test_00979_pi_sa_t1.jpg,pituitary
0.9237333333333333,0.8582755203171457,0.9983634948730469,7.092073022724848,0.9454148471615721,0.9030239833159541,proposed_pruned,brisc2025_test_00234_gl_sa_t1.jpg,glioma
0.7051524710830704,0.5445834010069839,0.9893035888671875,23.750771808284412,0.5695600475624257,0.9254761247584874,proposed_pruned,brisc2025_test_00187_gl_sa_t1.jpg,glioma
0.9263366336633664,0.8627812615271118,0.9985809326171875,4.123105625617661,0.8679035250463822,0.9932059447983015,proposed_pruned,brisc2025_test_00127_gl_co_t1.jpg,glioma
0.9284082254379284,0.8663823738450604,0.9992828369140625,3.0,0.8969830757910228,0.9621152328334649,proposed_pruned,brisc2025_test_00181_gl_sa_t1.jpg,glioma
0.9229540918163672,0.8569310600444774,0.9970550537109375,5.0,0.8795891192695454,0.970816712156204,proposed_pruned,brisc2025_test_00381_me_ax_t1.jpg,meningioma
0.8607316690218244,0.7555126791620728,0.9966163635253906,8.67071459563391,0.9477869986168741,0.7883232671843543,proposed_pruned,brisc2025_test_00800_pi_ax_t1.jpg,pituitary
0.9365313653136531,0.8806384455239417,0.9993438720703125,2.8284271247461903,0.9427934621099554,0.9303519061583577,proposed_pruned,brisc2025_test_00456_me_co_t1.jpg,meningioma
0.9332320546904671,0.8748219880375961,0.9966468811035156,6.082762530298219,0.9308986210031823,0.9355772159610113,proposed_pruned,brisc2025_test_00270_me_ax_t1.jpg,meningioma
0.8899567515617491,0.8017316017316017,0.9991264343261719,5.0,0.937246963562753,0.8472095150960659,proposed_pruned,brisc2025_test_00225_gl_sa_t1.jpg,glioma
0.953799159984727,0.9116788321167884,0.9995384216308594,2.23606797749979,0.9556235654169855,0.9519817073170732,proposed_pruned,brisc2025_test_00790_pi_ax_t1.jpg,pituitary
0.8507462686567164,0.7402597402597403,0.9983978271484375,5.0,0.888641425389755,0.8159509202453987,proposed_pruned,brisc2025_test_00933_pi_sa_t1.jpg,pituitary
0.8767480239729002,0.7805443860191772,0.9945869445800781,7.810249675906654,0.7984496124031008,0.9720724191063174,proposed_pruned,brisc2025_test_00243_gl_sa_t1.jpg,glioma
0.0,0.0,0.9518852233886719,512.0,0.0,0.0,proposed_pruned,brisc2025_test_00045_gl_ax_t1.jpg,glioma
0.8428390367553865,0.7283680175246441,0.99810791015625,5.830951894845301,0.9103353867214237,0.7846607669616519,proposed_pruned,brisc2025_test_00704_pi_ax_t1.jpg,pituitary
0.8323773103887827,0.712882096069869,0.9989967346191406,6.54041010021278,0.8800539083557951,0.7896009673518742,proposed_pruned,brisc2025_test_00955_pi_sa_t1.jpg,pituitary
0.9339706142680121,0.8761208900697443,0.9985771179199219,3.605551275463989,0.8843446195105599,0.9894973743435859,proposed_pruned,brisc2025_test_00071_gl_ax_t1.jpg,glioma
0.8833227647431833,0.7910278250993753,0.99859619140625,5.0,0.7941847206385405,0.995,proposed_pruned,brisc2025_test_00916_pi_sa_t1.jpg,pituitary
0.9447976878612717,0.8953711311969323,0.9985427856445312,3.032455532033665,0.9050387596899225,0.9882103990326482,proposed_pruned,brisc2025_test_00448_me_co_t1.jpg,meningioma
0.5315420560747663,0.3619729514717582,0.9908218383789062,42.190046219457976,0.7647058823529411,0.40734109221128023,proposed_pruned,brisc2025_test_00880_pi_co_t1.jpg,pituitary
0.9438666476706083,0.8937002563064886,0.9969940185546875,8.567332354007567,0.952689099798677,0.9352060982495765,proposed_pruned,brisc2025_test_00038_gl_ax_t1.jpg,glioma
0.8917910447761194,0.8047138047138047,0.9993362426757812,5.0,0.913375796178344,0.8712029161603888,proposed_pruned,brisc2025_test_00788_pi_ax_t1.jpg,pituitary
0.7846683893195521,0.6456413890857547,0.9980926513671875,10.271232362536644,0.8626893939393939,0.7195892575039494,proposed_pruned,brisc2025_test_00500_me_sa_t1.jpg,meningioma
0.913452188006483,0.8406921241050119,0.9959259033203125,10.63014581273465,0.8532929598788797,0.9827375762859634,proposed_pruned,brisc2025_test_00203_gl_sa_t1.jpg,glioma
0.7570700046360687,0.6091010816859381,0.996002197265625,13.038404810405298,0.9057127010537992,0.6503385105535643,proposed_pruned,brisc2025_test_00758_pi_ax_t1.jpg,pituitary
0.8017760862670472,0.6691371095817893,0.9976158142089844,9.055385138137417,0.9626808834729627,0.6869565217391305,proposed_pruned,brisc2025_test_00940_pi_sa_t1.jpg,pituitary
0.889067955949503,0.8002901353965184,0.9984245300292969,7.228354385516113,0.9118457300275482,0.8674004192872118,proposed_pruned,brisc2025_test_00832_pi_co_t1.jpg,pituitary
0.954177897574124,0.9123711340206185,0.9981842041015625,3.1622776601683795,0.9152354570637119,0.9965815403177156,proposed_pruned,brisc2025_test_00349_me_ax_t1.jpg,meningioma
0.6779601816276632,0.5128137384412154,0.9929656982421875,61.02252043988418,0.8879231473010064,0.5483050847457627,proposed_pruned,brisc2025_test_00049_gl_ax_t1.jpg,glioma
0.9529287700124629,0.9100897271561985,0.9981269836425781,3.605551275463989,0.9191788422415388,0.9892515923566879,proposed_pruned,brisc2025_test_00028_gl_ax_t1.jpg,glioma
0.6807017543859649,0.5159574468085106,0.99444580078125,18.856012058704614,0.739399714149595,0.6306379520520113,proposed_pruned,brisc2025_test_00125_gl_co_t1.jpg,glioma
0.9568188878533707,0.9172126265634306,0.9978790283203125,3.605551275463989,0.9271523178807947,0.9884467265725289,proposed_pruned,brisc2025_test_00490_me_sa_t1.jpg,meningioma
0.8101449275362319,0.6808769792935444,0.9980010986328125,6.985410196624948,0.7125557680050988,0.9387069689336692,proposed_pruned,brisc2025_test_00855_pi_co_t1.jpg,pituitary
0.9214417744916821,0.8543273350471294,0.9987030029296875,5.830951894845301,0.9322113136979897,0.910918227501142,proposed_pruned,brisc2025_test_00967_pi_sa_t1.jpg,pituitary
0.7991452991452992,0.6654804270462633,0.9978485107421875,19.68626871091291,0.9107142857142857,0.7119289340101523,proposed_pruned,brisc2025_test_00889_pi_co_t1.jpg,pituitary
0.7458942333244751,0.5947618240379725,0.9817619323730469,26.09300701801446,0.7497595896997542,0.7420685279187818,proposed_pruned,brisc2025_test_00009_gl_ax_t1.jpg,glioma
0.7104521868050407,0.550931248562888,0.9925498962402344,32.7566787083184,0.813306177868296,0.6306922874440642,proposed_pruned,brisc2025_test_00016_gl_ax_t1.jpg,glioma
0.9461794019933555,0.8978562421185372,0.9984550476074219,3.1622776601683795,0.9008097165991903,0.9963616008956059,proposed_pruned,brisc2025_test_00497_me_sa_t1.jpg,meningioma
0.9747019180922758,0.9506522398624735,0.998138427734375,2.8284271247461903,0.9602655771195097,0.989578947368421,proposed_pruned,brisc2025_test_00554_me_sa_t1.jpg,meningioma
0.802711157455683,0.6704406897753005,0.9927825927734375,15.024934996820177,0.7575280456603031,0.8536260811709914,proposed_pruned,brisc2025_test_00154_gl_co_t1.jpg,glioma
0.9424055719260648,0.8910840932117527,0.9991798400878906,4.47213595499958,0.9316737288135594,0.9533875338753387,proposed_pruned,brisc2025_test_00786_pi_ax_t1.jpg,pituitary
0.8930399181166837,0.8067498844197873,0.9984054565429688,4.182873156368473,0.8154205607476636,0.9869909502262444,proposed_pruned,brisc2025_test_00076_gl_ax_t1.jpg,glioma
0.9636830235632631,0.9299114512982141,0.9982185363769531,3.6844410203711644,0.9458098000305297,0.9822447685478757,proposed_pruned,brisc2025_test_00447_me_co_t1.jpg,meningioma
0.9504538991578256,0.905585660691955,0.9982719421386719,4.0,0.9340068787618229,0.9674905366288132,proposed_pruned,brisc2025_test_00373_me_ax_t1.jpg,meningioma
0.005,0.002506265664160401,0.9954452514648438,47.86177823582908,0.002506265664160401,1.0,proposed_pruned,brisc2025_test_00926_pi_sa_t1.jpg,pituitary
0.9639082237690126,0.930330928091565,0.99786376953125,3.0,0.9486236204490676,0.9796934363946024,proposed,brisc2025_test_00387_me_ax_t1.jpg,meningioma
0.9099009900990099,0.8346957311534968,0.9965286254882812,12.060247706453318,0.987322733132789,0.8437385236871098,proposed,brisc2025_test_00717_pi_ax_t1.jpg,pituitary
0.3205786280914606,0.19088635732147818,0.977783203125,94.41707479334086,0.5161532682193839,0.23248730964467004,proposed,brisc2025_test_00132_gl_co_t1.jpg,glioma
0.9417825862957239,0.8899707887049659,0.9991378784179688,3.0,0.9555671719811814,0.9283900457084815,proposed,brisc2025_test_00457_me_co_t1.jpg,meningioma
0.9769833741075441,0.9550024402147389,0.9982414245605469,2.8284271247461903,0.9862903225806452,0.967850430309625,proposed,brisc2025_test_00461_me_co_t1.jpg,meningioma
0.8859461768475011,0.7952453987730062,0.9989814758300781,5.7090835430982585,0.9792256846081209,0.8088923556942278,proposed,brisc2025_test_00782_pi_ax_t1.jpg,pituitary
0.9094608341810784,0.8339552238805971,0.9989814758300781,5.0,0.8519695044472682,0.9752727272727273,proposed,brisc2025_test_00030_gl_ax_t1.jpg,glioma
0.9306474820143885,0.8702906350914962,0.9990806579589844,3.0,0.9166666666666666,0.9450613676212741,proposed,brisc2025_test_00803_pi_ax_t1.jpg,pituitary
0.9735798319327731,0.9485197799318836,0.9970016479492188,4.0492422502470475,0.9725337452152307,0.9746281714785652,proposed,brisc2025_test_00265_me_ax_t1.jpg,meningioma
0.47969421882465363,0.3155248271527341,0.9916915893554688,47.84610382924863,0.3236621534493875,0.9261992619926199,proposed,brisc2025_test_00471_me_co_t1.jpg,meningioma
0.9575062034739454,0.9184766438559953,0.9989547729492188,2.8284271247461903,0.9431714023831348,0.9722834645669292,proposed,brisc2025_test_00215_gl_sa_t1.jpg,glioma
0.7478711588300629,0.5972797161442933,0.9974021911621094,9.848857801796104,0.7329462989840348,0.763416477702192,proposed,brisc2025_test_00058_gl_ax_t1.jpg,glioma
0.9230769230769231,0.8571428571428571,0.9995040893554688,2.8284271247461903,0.936374549819928,0.9101516919486581,proposed,brisc2025_test_00947_pi_sa_t1.jpg,pituitary
0.5665566556655666,0.3952417498081351,0.9909820556640625,47.43416490252569,0.939209726443769,0.40561827251247046,proposed,brisc2025_test_00390_me_ax_t1.jpg,meningioma
0.9443035681941677,0.8944840010294244,0.9906158447265625,17.88854381999832,0.9870314274895873,0.9051215277777778,proposed,brisc2025_test_00298_me_ax_t1.jpg,meningioma
0.907694322000611,0.8309892919929679,0.9919319152832031,15.0,0.9066259808195292,0.9087651839552565,proposed,brisc2025_test_00164_gl_co_t1.jpg,glioma
0.865935620799434,0.7635683094198378,0.9985542297363281,6.239927843823264,0.9683544303797469,0.783109404990403,proposed,brisc2025_test_00276_me_ax_t1.jpg,meningioma
0.8730277986476334,0.7746666666666666,0.9987106323242188,3.0,0.8371757925072046,0.9120879120879121,proposed,brisc2025_test_00911_pi_co_t1.jpg,pituitary
0.0,0.0,0.9793777465820312,227.30618117324602,0.0,0.0,proposed,brisc2025_test_00011_gl_ax_t1.jpg,glioma
0.9524825722008821,0.9092761102811354,0.9974517822265625,7.0,0.9908243303241083,0.9169976715518422,proposed,brisc2025_test_00546_me_sa_t1.jpg,meningioma
0.9462926537244505,0.8980602223845467,0.995208740234375,16.44963896890404,0.9103249691484986,0.98521948179147,proposed,brisc2025_test_00408_me_co_t1.jpg,meningioma
0.93181185638742,0.8723293381969776,0.9990653991699219,3.0,0.9404494382022472,0.9233314947600662,proposed,brisc2025_test_00343_me_ax_t1.jpg,meningioma
0.9234194122885129,0.8577336641852771,0.993438720703125,12.083045973594572,0.9928195308760173,0.8630878069080317,proposed,brisc2025_test_00348_me_ax_t1.jpg,meningioma
0.9636319257993654,0.9298162976919454,0.9994316101074219,2.0,0.9685966633954858,0.9587178241864983,proposed,brisc2025_test_00475_me_co_t1.jpg,meningioma
0.9464641173389209,0.8983691328560064,0.9980506896972656,5.385164807134504,0.9005183413078149,0.9973504084786928,proposed,brisc2025_test_00247_gl_sa_t1.jpg,glioma
0.7842884739214424,0.6451271186440678,0.9987220764160156,6.0,0.9620853080568721,0.6619565217391304,proposed,brisc2025_test_00991_pi_sa_t1.jpg,pituitary
0.9642922541659037,0.9310466760961811,0.9962806701660156,9.436623724479027,0.9721606852754394,0.9565501707476568,proposed,brisc2025_test_00255_me_ax_t1.jpg,meningioma
0.5823553217320923,0.4107907507850414,0.99212646484375,19.007889277132133,0.6126011068539804,0.5549556498264558,proposed,brisc2025_test_00143_gl_co_t1.jpg,glioma
0.8132917964693666,0.6853342667133356,0.9965705871582031,14.142135623730951,0.987891019172553,0.6911401341334275,proposed,brisc2025_test_00761_pi_ax_t1.jpg,pituitary
0.7831981600290522,0.6436530043772384,0.9931678771972656,17.98328157299975,0.955404607206143,0.6635897435897435,proposed,brisc2025_test_00412_me_co_t1.jpg,meningioma
0.8973989386097098,0.8138926852457068,0.9880523681640625,47.21256898393546,0.8303728402546227,0.9761955669588768,proposed,brisc2025_test_00222_gl_sa_t1.jpg,glioma
0.606547714729679,0.43528416519264784,0.9719886779785156,73.54114488021693,0.4883520276100086,0.80022621235685,proposed,brisc2025_test_00210_gl_sa_t1.jpg,glioma
0.9731630575606145,0.9477289113193944,0.9988937377929688,2.23606797749979,0.9853823088455772,0.9612431444241316,proposed,brisc2025_test_00494_me_sa_t1.jpg,meningioma
0.9411891658573432,0.8889115368935997,0.9979209899902344,5.385164807134504,0.9466029954417191,0.9358369098712447,proposed,brisc2025_test_00403_me_co_t1.jpg,meningioma
0.9460167272112866,0.8975633215774287,0.9975624084472656,5.0,0.9864341085271318,0.9087810420386301,proposed,brisc2025_test_00360_me_ax_t1.jpg,meningioma
0.967607472880675,0.9372476528676363,0.9950790405273438,8.0,0.9792132547265704,0.9562735755409967,proposed,brisc2025_test_00292_me_ax_t1.jpg,meningioma
0.9235267656320288,0.8579189302131216,0.997406005859375,6.0,0.9068021201413428,0.9408799266727773,proposed,brisc2025_test_00424_me_co_t1.jpg,meningioma
0.5579879849302515,0.3869509956220873,0.9834403991699219,89.42580488472753,0.4146489104116223,0.8527855586679116,proposed,brisc2025_test_00042_gl_ax_t1.jpg,glioma
0.4008120649651972,0.2506347479143997,0.9921188354492188,25.583180814046337,0.2580283793876027,0.8974025974025974,proposed,brisc2025_test_00083_gl_ax_t1.jpg,glioma
0.8839419709854928,0.7920215150156881,0.99822998046875,10.478274369675368,0.8315294117647059,0.9434063000533903,proposed,brisc2025_test_00892_pi_co_t1.jpg,pituitary
0.8631840796019901,0.7592997811816192,0.9991607666015625,3.605551275463989,0.9857954545454546,0.7676991150442478,proposed,brisc2025_test_00770_pi_ax_t1.jpg,pituitary
0.8884470489744664,0.7992845038599133,0.9959335327148438,23.66696491010149,0.851896447922938,0.928274655587142,proposed,brisc2025_test_00029_gl_ax_t1.jpg,glioma
0.9651904501549116,0.9327227897146882,0.9992713928222656,2.23606797749979,0.9508078994614003,0.9800148038490007,proposed,brisc2025_test_00384_me_ax_t1.jpg,meningioma
0.967181567587247,0.9364487863833216,0.9975929260253906,3.605551275463989,0.9768859003992435,0.95766814296014,proposed,brisc2025_test_00312_me_ax_t1.jpg,meningioma
0.9057640847616981,0.8277594183740912,0.9950294494628906,12.695678256969646,0.8376136971642589,0.9859864588253818,proposed,brisc2025_test_00152_gl_co_t1.jpg,glioma
0.9657115644098738,0.9336965697183639,0.9967041015625,4.0,0.9454503069391561,0.9868602481953118,proposed,brisc2025_test_00274_me_ax_t1.jpg,meningioma
0.6635980053701572,0.4965556831228473,0.9933090209960938,18.06926332679739,0.5002891844997108,0.9851936218678815,proposed,brisc2025_test_00361_me_ax_t1.jpg,meningioma
0.9254159495123351,0.8611852642819007,0.9990081787109375,3.605551275463989,0.9275445658424382,0.9232970807097882,proposed,brisc2025_test_00965_pi_sa_t1.jpg,pituitary
0.9319026000825423,0.8724884080370943,0.9987411499023438,5.656854249492381,0.9864569681083443,0.8830660930778256,proposed,brisc2025_test_00990_pi_sa_t1.jpg,pituitary
0.921090387374462,0.8537234042553191,0.9979019165039062,9.219544457292887,0.8971492453884852,0.9463443396226415,proposed,brisc2025_test_00751_pi_ax_t1.jpg,pituitary
0.9685648495511112,0.9390458034415291,0.9953651428222656,5.830951894845301,0.9637524456801565,0.9734255551510739,proposed,brisc2025_test_00398_me_co_t1.jpg,meningioma
0.9617156016119747,0.926254505128916,0.9969558715820312,4.47213595499958,0.975094853584979,0.9486985328916233,proposed,brisc2025_test_00199_gl_sa_t1.jpg,glioma
0.8726689392420293,0.7741017431519033,0.9975776672363281,7.615773105863909,0.9611307420494699,0.799118619170033,proposed,brisc2025_test_00744_pi_ax_t1.jpg,pituitary
0.9791208791208791,0.9590958019375673,0.9978256225585938,3.2952597447570424,0.9770451056363769,0.9812054915204463,proposed,brisc2025_test_00379_me_ax_t1.jpg,meningioma
0.5778338351371145,0.406305429993706,0.960418701171875,48.46648326421054,0.6530255655692477,0.5181698774080561,proposed,brisc2025_test_00043_gl_ax_t1.jpg,glioma
0.9779686442921435,0.9568871236976918,0.9971427917480469,3.0,0.988112220637185,0.9680312117859431,proposed,brisc2025_test_00297_me_ax_t1.jpg,meningioma
0.9577564785232516,0.9189373297002725,0.9995460510253906,2.0708203932499396,0.9698058950395398,0.9460028050490884,proposed,brisc2025_test_00966_pi_sa_t1.jpg,pituitary
0.9333728161089725,0.8750694058856191,0.9991416931152344,4.368863084453436,0.9375371802498513,0.9292452830188679,proposed,brisc2025_test_00720_pi_ax_t1.jpg,pituitary
0.7565562913907284,0.6084363016616958,0.9964942932128906,10.546516894797737,0.9902912621359223,0.612087441063009,proposed,brisc2025_test_00768_pi_ax_t1.jpg,pituitary
0.9491916859122402,0.9032967032967033,0.998992919921875,3.0,0.9840383080606544,0.916728624535316,proposed,brisc2025_test_00535_me_sa_t1.jpg,meningioma
0.7547846889952153,0.6061479346781941,0.9953079223632812,23.1524516744735,0.6164115923152068,0.9732647814910026,proposed,brisc2025_test_00378_me_ax_t1.jpg,meningioma
0.9033837934105076,0.8237921234267154,0.9983444213867188,8.48528137423857,0.9717432950191571,0.8440099833610649,proposed,brisc2025_test_00833_pi_co_t1.jpg,pituitary
0.9571912534647367,0.9178972238629651,0.9989395141601562,3.0892527130926015,0.9634221946683199,0.9510403916768666,proposed,brisc2025_test_00853_pi_co_t1.jpg,pituitary
0.934519205980923,0.8770868618436971,0.9980621337890625,5.0,0.9679572763684913,0.9033142287565412,proposed,brisc2025_test_00801_pi_ax_t1.jpg,pituitary
0.9595927457842826,0.9223241590214067,0.9985466003417969,3.605551275463989,0.9329758713136729,0.9877729257641922,proposed,brisc2025_test_00380_me_ax_t1.jpg,meningioma
0.9459409932197178,0.8974269819193325,0.9977493286132812,3.1622776601683795,0.960550800148865,0.9317689530685921,proposed,brisc2025_test_00495_me_sa_t1.jpg,meningioma
0.9449818621523579,0.8957020057306591,0.9993057250976562,3.0,0.9518879415347138,0.9381752701080432,proposed,brisc2025_test_00745_pi_ax_t1.jpg,pituitary
0.9590668538719084,0.9213529777962233,0.9985542297363281,3.0,0.9724047306176085,0.9460899211591732,proposed,brisc2025_test_00501_me_sa_t1.jpg,meningioma
0.8179508890770534,0.6919770773638968,0.9975395202636719,10.295630140987,0.9634308510638298,0.7106424717999019,proposed,brisc2025_test_00748_pi_ax_t1.jpg,pituitary
0.9340849956634866,0.8763222131814483,0.999420166015625,2.23606797749979,0.9316608996539792,0.9365217391304348,proposed,brisc2025_test_00174_gl_sa_t1.jpg,glioma
0.953760162601626,0.9116075764934434,0.9993057250976562,2.23606797749979,0.9436902966314731,0.9640472521828454,proposed,brisc2025_test_00887_pi_co_t1.jpg,pituitary
0.9406612279948475,0.8879701686121919,0.9947280883789062,10.0,0.920658934274668,0.9615519662921348,proposed,brisc2025_test_00467_me_co_t1.jpg,meningioma
0.8442375440362355,0.7304593947311125,0.9952774047851562,10.795807930936634,0.7462188612099644,0.9719003476245655,proposed,brisc2025_test_00079_gl_ax_t1.jpg,glioma
0.9337680484396833,0.8757644591997205,0.9972877502441406,3.605551275463989,0.9288361749444033,0.9387525753886495,proposed,brisc2025_test_00317_me_ax_t1.jpg,meningioma
0.9462686567164179,0.8980169971671388,0.9971160888671875,10.19494316902433,0.941717357476305,0.9508641622625339,proposed,brisc2025_test_00185_gl_sa_t1.jpg,glioma
0.9545929018789144,0.9131303045431852,0.9986724853515625,4.920820393249949,0.9793842034805891,0.9310257062865869,proposed,brisc2025_test_00405_me_co_t1.jpg,meningioma
0.6507492178494978,0.4823041249694899,0.9919090270996094,28.0,0.7138728323699421,0.5978819969742813,proposed,brisc2025_test_00137_gl_co_t1.jpg,glioma
0.9864675361099425,0.9732964372189554,0.9970550537109375,2.8284271247461903,0.9868481043734437,0.9860872612581041,proposed,brisc2025_test_00304_me_ax_t1.jpg,meningioma
0.9363010068892422,0.8802311677959347,0.9977073669433594,9.848857801796104,0.8937677053824362,0.983084798575562,proposed,brisc2025_test_00332_me_ax_t1.jpg,meningioma
0.9698786581013562,0.9415188470066519,0.9975852966308594,4.47213595499958,0.9792447391179014,0.9606900452488688,proposed,brisc2025_test_00377_me_ax_t1.jpg,meningioma
0.8684588549148369,0.7675009067827349,0.9975547790527344,7.703287562383142,0.8718582612278534,0.8650858544562551,proposed,brisc2025_test_00093_gl_co_t1.jpg,glioma
0.958656566578443,0.9205959684487292,0.9982719421386719,4.0,0.968110599078341,0.9493853940708604,proposed,brisc2025_test_00439_me_co_t1.jpg,meningioma
0.8429041234505439,0.7284652383034543,0.9976310729980469,8.517578678331995,0.9754098360655737,0.7420935412026726,proposed,brisc2025_test_00799_pi_ax_t1.jpg,pituitary
0.9629126213592233,0.9284778131436061,0.9985427856445312,3.0,0.9769503546099291,0.9492725880551302,proposed,brisc2025_test_00489_me_sa_t1.jpg,meningioma
0.9719426001285072,0.9454166666666667,0.9985008239746094,3.0,0.9688300597779675,0.9750752041254834,proposed,brisc2025_test_00465_me_co_t1.jpg,meningioma
0.6729281767955801,0.5070774354704413,0.99774169921875,8.6536172634861,1.0,0.5070774354704413,proposed,brisc2025_test_00929_pi_sa_t1.jpg,pituitary
0.9141483516483516,0.8418722327640734,0.9980926513671875,13.9011565719009,0.9676481279534714,0.8662544744549301,proposed,brisc2025_test_00090_gl_co_t1.jpg,glioma
0.9624936126724578,0.927698975571316,0.9972000122070312,4.242640687119285,0.9643661683391358,0.9606283149734802,proposed,brisc2025_test_00245_gl_sa_t1.jpg,glioma
0.6402013942680093,0.4708060381657647,0.9858245849609375,38.05259518088089,0.475,0.9815914489311164,proposed,brisc2025_test_00062_gl_ax_t1.jpg,glioma
0.8524986696337865,0.7429173693086003,0.9883689880371094,16.727133323096112,0.7431053386185376,0.9996596324029953,proposed,brisc2025_test_00080_gl_ax_t1.jpg,glioma
0.7926994141505183,0.6565882792086599,0.996490478515625,12.0,0.9799442896935933,0.665531592886871,proposed,brisc2025_test_00781_pi_ax_t1.jpg,pituitary
0.8925033025099075,0.8058744595199046,0.9950332641601562,14.126165607314029,0.8719148249717696,0.9140876035853205,proposed,brisc2025_test_00907_pi_co_t1.jpg,pituitary
0.9368770764119602,0.88125,0.9995651245117188,2.23606797749979,0.9296703296703297,0.9441964285714286,proposed,brisc2025_test_00812_pi_ax_t1.jpg,pituitary
0.9438525770227469,0.8936750272628136,0.9992561340332031,3.0,0.9796772265391512,0.9105555555555556,proposed,brisc2025_test_00503_me_sa_t1.jpg,meningioma
0.9317561419472248,0.8722316865417377,0.9994277954101562,2.0,0.9292196007259528,0.9343065693430657,proposed,brisc2025_test_00831_pi_co_t1.jpg,pituitary
0.9653548604103599,0.9330299089726918,0.9992141723632812,2.23606797749979,0.9660047122181084,0.9647058823529412,proposed,brisc2025_test_00906_pi_co_t1.jpg,pituitary
0.9486833700049684,0.9023764515257899,0.9972419738769531,5.385164807134504,0.9066612399945734,0.9947901161059839,proposed,brisc2025_test_00103_gl_co_t1.jpg,glioma
0.8617531617967727,0.757088122605364,0.9963722229003906,13.92838827718412,0.9265395436073773,0.8054347826086956,proposed,brisc2025_test_00325_me_ax_t1.jpg,meningioma
0.9524781341107872,0.9092680211522405,0.9987564086914062,3.0,0.9668540988458124,0.9385234128124103,proposed,brisc2025_test_00358_me_ax_t1.jpg,meningioma
0.9361702127659575,0.88,0.998260498046875,7.0710678118654755,0.9584408139868157,0.9149110807113543,proposed,brisc2025_test_00089_gl_co_t1.jpg,glioma
0.9554117224020137,0.9146299483648881,0.999053955078125,2.8284271247461903,0.9818920916481892,0.9303221288515406,proposed,brisc2025_test_00898_pi_co_t1.jpg,pituitary
0.9282473845014351,0.8661022805805114,0.9970436096191406,11.604862930907759,0.9029178674351584,0.9550390550581063,proposed,brisc2025_test_00442_me_co_t1.jpg,meningioma
0.9688444108761329,0.9395715070499908,0.9974822998046875,4.47213595499958,0.9703101361573374,0.9673831070889894,proposed,brisc2025_test_00283_me_ax_t1.jpg,meningioma
0.9535039304231477,0.9111395237334186,0.9978790283203125,4.47213595499958,0.9654530059271803,0.9418470180075995,proposed,brisc2025_test_00828_pi_co_t1.jpg,pituitary
0.948143456575093,0.9013999698931205,0.9975013732910156,10.56713123146117,0.9200983405039951,0.9779519843214111,proposed,brisc2025_test_00894_pi_co_t1.jpg,pituitary
0.9328226281673542,0.8741027056874655,0.9991302490234375,3.605551275463989,0.9171494785631518,0.9490407673860911,proposed,brisc2025_test_00808_pi_ax_t1.jpg,pituitary
0.9620672519463309,0.9269071177784871,0.9991264343261719,2.8284271247461903,0.9673550966022652,0.956836902800659,proposed,brisc2025_test_00226_gl_sa_t1.jpg,glioma
0.9155046163642152,0.8441756693283231,0.9949378967285156,10.0,0.8523832108133744,0.9887223215513684,proposed,brisc2025_test_00209_gl_sa_t1.jpg,glioma
0.9333690125769334,0.875062719518314,0.9990501403808594,4.0,0.9452574525745258,0.9217758985200846,proposed,brisc2025_test_00792_pi_ax_t1.jpg,pituitary
0.9008880994671403,0.8196509372979961,0.9978713989257812,9.848857801796104,0.8805555555555555,0.9221818181818182,proposed,brisc2025_test_00550_me_sa_t1.jpg,meningioma
0.7380802729639939,0.5848868649494806,0.9888725280761719,21.965856099730654,0.8326580226904376,0.6627963231736816,proposed,brisc2025_test_00178_gl_sa_t1.jpg,glioma
0.9458196295655185,0.8972085385878489,0.9988059997558594,4.0,0.931787175989086,0.9602811950790862,proposed,brisc2025_test_00337_me_ax_t1.jpg,meningioma
0.9209443361490145,0.853472501003613,0.9986076354980469,4.4491864282115445,0.9815327793167128,0.8674010607915137,proposed,brisc2025_test_00437_me_co_t1.jpg,meningioma
0.9628341384863124,0.9283318842379829,0.9977989196777344,4.47213595499958,0.9429724955841534,0.9835504671667324,proposed,brisc2025_test_00395_me_co_t1.jpg,meningioma
0.901826942381048,0.8212065813528336,0.9962692260742188,13.781519356727236,0.8631821675634127,0.9440941572089113,proposed,brisc2025_test_00205_gl_sa_t1.jpg,glioma
0.9452792990142388,0.8962366038049348,0.9904708862304688,15.0,0.9717168077823816,0.9202422588074725,proposed,brisc2025_test_00073_gl_ax_t1.jpg,glioma
0.9019047619047619,0.821335646140503,0.9992141723632812,3.7436083290515794,0.9311701081612586,0.8744228993536473,proposed,brisc2025_test_00994_pi_sa_t1.jpg,pituitary
0.8721754906811809,0.7733255337818076,0.9970436096191406,12.96124969497313,0.8431122448979592,0.9033139733515545,proposed,brisc2025_test_00972_pi_sa_t1.jpg,pituitary
0.9243523316062177,0.859344894026975,0.9974937438964844,10.23707547270614,0.9058903182125931,0.9435825105782792,proposed,brisc2025_test_00809_pi_ax_t1.jpg,pituitary
0.6643026004728132,0.49734513274336284,0.997833251953125,16.76305461424021,0.8646153846153846,0.5393474088291746,proposed,brisc2025_test_00146_gl_co_t1.jpg,glioma
0.9673427294602956,0.936750998668442,0.9992752075195312,2.0,0.9791231732776617,0.9558423913043478,proposed,brisc2025_test_00476_me_co_t1.jpg,meningioma
0.9253625751680227,0.8610928242264648,0.9991950988769531,3.0,0.9519650655021834,0.9002064693737095,proposed,brisc2025_test_00433_me_co_t1.jpg,meningioma
0.7889847378898474,0.6515068493150685,0.985443115234375,27.018512172212592,0.9457775420920058,0.6767858836922493,proposed,brisc2025_test_00156_gl_co_t1.jpg,glioma
0.940628637951106,0.8879120879120879,0.9982490539550781,2.8284271247461903,0.959113690319177,0.9228426395939087,proposed,brisc2025_test_00998_pi_sa_t1.jpg,pituitary
0.9708827252848429,0.943413106687542,0.9990348815917969,2.8284271247461903,0.979108635097493,0.9627938826751883,proposed,brisc2025_test_00514_me_sa_t1.jpg,meningioma
0.7747514412231599,0.6323218547562223,0.97943115234375,31.304951684997057,0.775723607160783,0.7737817089452603,proposed,brisc2025_test_00158_gl_co_t1.jpg,glioma
0.9611923509561305,0.9252842447211694,0.9989471435546875,2.23606797749979,0.9617332583005065,0.9606520517144463,proposed,brisc2025_test_00891_pi_co_t1.jpg,pituitary
0.9368512110726643,0.8812042310821806,0.9983291625976562,9.219544457292887,0.907035175879397,0.9686940966010733,proposed,brisc2025_test_00735_pi_ax_t1.jpg,pituitary
0.9473006055920629,0.8998776009791921,0.9984397888183594,7.14777178564957,0.9280484726079273,0.9673684210526315,proposed,brisc2025_test_00436_me_co_t1.jpg,meningioma
0.9655334666509823,0.9333636570388901,0.9988822937011719,2.23606797749979,0.9860643921191735,0.945840055312284,proposed,brisc2025_test_00430_me_co_t1.jpg,meningioma
0.6635980053701572,0.4965556831228473,0.9933090209960938,18.06926332679739,0.5002891844997108,0.9851936218678815,proposed,brisc2025_test_00429_me_co_t1.jpg,meningioma
0.9568837347606304,0.9173318129988598,0.9983406066894531,3.1622776601683795,0.9573581911939707,0.9564097483653655,proposed,brisc2025_test_00006_gl_ax_t1.jpg,glioma
0.9086272843178921,0.8325545171339563,0.9958992004394531,13.0,0.9901815487217488,0.8394848437254594,proposed,brisc2025_test_00543_me_sa_t1.jpg,meningioma
0.9838612716763006,0.9682351870392282,0.9986686706542969,2.23606797749979,0.980641592920354,0.9871021620116915,proposed,brisc2025_test_00342_me_ax_t1.jpg,meningioma
0.928719723183391,0.8669250645994832,0.9992141723632812,3.605551275463989,0.9802775748721695,0.8823142669296515,proposed,brisc2025_test_00818_pi_ax_t1.jpg,pituitary
0.7977359746961877,0.6635281085571864,0.9953651428222656,20.249597861888848,0.9688637282652649,0.677985285795133,proposed,brisc2025_test_00784_pi_ax_t1.jpg,pituitary
0.9646586345381526,0.9317300232738557,0.998992919921875,2.23606797749979,0.9600319744204636,0.9693301049233253,proposed,brisc2025_test_00328_me_ax_t1.jpg,meningioma
0.8099320608217405,0.6805763218703276,0.9910354614257812,37.12070726825793,0.7035267668961641,0.9542595769010863,proposed,brisc2025_test_00160_gl_co_t1.jpg,glioma
0.9638142070661179,0.9301557825234705,0.9974174499511719,3.605551275463989,0.9722851288687587,0.9554896142433235,proposed,brisc2025_test_00359_me_ax_t1.jpg,meningioma
0.9682143451489432,0.9383870967741935,0.9970855712890625,4.0,0.9421099506112866,0.9958065896448438,proposed,brisc2025_test_00401_me_co_t1.jpg,meningioma
0.6390812978490703,0.4695954995981784,0.9924468994140625,30.768620980093527,0.7169734151329243,0.5764551134495232,proposed,brisc2025_test_00077_gl_ax_t1.jpg,glioma
0.9432643183651519,0.8926208651399491,0.9991950988769531,3.0,0.9017994858611825,0.9887260428410372,proposed,brisc2025_test_00363_me_ax_t1.jpg,meningioma
0.9393590039197602,0.8856521739130435,0.9979934692382812,5.0,0.9755747126436781,0.9057358826144953,proposed,brisc2025_test_00459_me_co_t1.jpg,meningioma
0.7674943566591422,0.6227106227106227,0.9992141723632812,42.243125637775854,0.8133971291866029,0.7264957264957265,proposed,brisc2025_test_00886_pi_co_t1.jpg,pituitary
0.9603753910323254,0.9237713139418254,0.998260498046875,4.0,0.9568831168831169,0.9638932496075353,proposed,brisc2025_test_00511_me_sa_t1.jpg,meningioma
0.561962806688545,0.3907846120408607,0.9893074035644531,101.49384217774002,0.8627639155470249,0.4166859791425261,proposed,brisc2025_test_00910_pi_co_t1.jpg,pituitary
0.25681381957773514,0.14732437789033254,0.9852294921875,87.27198446419473,0.29919499105545616,0.22494956287827841,proposed,brisc2025_test_00135_gl_co_t1.jpg,glioma
0.9273044489677231,0.8644619137977771,0.9980926513671875,4.242640687119285,0.9286546301688993,0.9259581881533101,proposed,brisc2025_test_00035_gl_ax_t1.jpg,glioma
0.9669249354328084,0.9359677419354838,0.9969711303710938,5.385164807134504,0.980982165497422,0.953264887063655,proposed,brisc2025_test_00536_me_sa_t1.jpg,meningioma
0.9567747298420615,0.9171314741035856,0.998809814453125,3.1622776601683795,0.940359477124183,0.9737732656514383,proposed,brisc2025_test_00520_me_sa_t1.jpg,meningioma
0.9305135951661632,0.8700564971751412,0.999298095703125,2.8284271247461903,0.9361702127659575,0.924924924924925,proposed,brisc2025_test_00759_pi_ax_t1.jpg,pituitary
0.7230905337658508,0.5662817551963049,0.9964179992675781,20.82698765763972,0.9808,0.5726296123306865,proposed,brisc2025_test_00777_pi_ax_t1.jpg,pituitary
0.8637478108581436,0.7601726263871763,0.9970321655273438,11.045084971874736,0.7762039660056658,0.9735491512041058,proposed,brisc2025_test_00885_pi_co_t1.jpg,pituitary
0.9417411651766965,0.8898968136976981,0.9962959289550781,142.0351252098229,0.9583587739650751,0.9256900212314225,proposed,brisc2025_test_00301_me_ax_t1.jpg,meningioma
0.9389193422083008,0.8848708487084871,0.99761962890625,5.385164807134504,0.9446523537522159,0.9332554971784394,proposed,brisc2025_test_00196_gl_sa_t1.jpg,glioma
0.9179875947622329,0.8484076433121019,0.9995460510253906,2.23606797749979,0.8891855807743658,0.9487179487179487,proposed,brisc2025_test_00979_pi_sa_t1.jpg,pituitary
0.925056511910972,0.8605629246198642,0.9983558654785156,9.219544457292887,0.9679767103347889,0.8857808857808858,proposed,brisc2025_test_00234_gl_sa_t1.jpg,glioma
0.724912206023199,0.5685194458354198,0.9901390075683594,27.485816969686994,0.5785629352811279,0.9703703703703703,proposed,brisc2025_test_00187_gl_sa_t1.jpg,glioma
0.9458940905602455,0.8973425555151074,0.9989242553710938,3.0,0.9146567717996289,0.9793404847040127,proposed,brisc2025_test_00127_gl_co_t1.jpg,glioma
0.9485213581599123,0.9020833333333333,0.9994621276855469,2.6211014232099368,0.9558498896247241,0.941304347826087,proposed,brisc2025_test_00181_gl_sa_t1.jpg,glioma
0.9423022264329701,0.8908993192404157,0.9976768493652344,5.0,0.9459767928476317,0.9386560966402416,proposed,brisc2025_test_00381_me_ax_t1.jpg,meningioma
0.8612779060816013,0.7563547863710114,0.9965629577636719,10.0,0.9671507607192255,0.7762975298362476,proposed,brisc2025_test_00800_pi_ax_t1.jpg,pituitary
0.9343168247277837,0.8767303889255109,0.9992866516113281,3.1622776601683795,0.9881129271916791,0.8860759493670886,proposed,brisc2025_test_00456_me_co_t1.jpg,meningioma
0.9503857207684163,0.9054618821155787,0.99749755859375,4.47213595499958,0.9521139566601,0.9486637475464291,proposed,brisc2025_test_00270_me_ax_t1.jpg,meningioma
0.8555166374781086,0.7475133894414691,0.9987411499023438,30.259639876036317,0.9888663967611336,0.753858024691358,proposed,brisc2025_test_00225_gl_sa_t1.jpg,glioma
0.9305157593123209,0.870060281312793,0.9992599487304688,3.0,0.9938791124713083,0.8747474747474747,proposed,brisc2025_test_00790_pi_ax_t1.jpg,pituitary
0.8808435852372584,0.7870603015075377,0.9987068176269531,5.0,0.9302152932442465,0.8364485981308412,proposed,brisc2025_test_00933_pi_sa_t1.jpg,pituitary
0.8932469304229195,0.8070878274268105,0.9952239990234375,8.94427190999916,0.8286663502610346,0.9687442204549658,proposed,brisc2025_test_00243_gl_sa_t1.jpg,glioma
0.0,0.0,0.9485282897949219,192.27322928130152,0.0,0.0,proposed,brisc2025_test_00045_gl_ax_t1.jpg,glioma
0.9011272141706924,0.8200468933177022,0.9988288879394531,4.920820393249919,0.9575633127994524,0.8509732360097324,proposed,brisc2025_test_00704_pi_ax_t1.jpg,pituitary
0.8707653701380176,0.7711111111111111,0.9992141723632812,5.0990195135927845,0.9353099730458221,0.8145539906103286,proposed,brisc2025_test_00955_pi_sa_t1.jpg,pituitary
0.9586183310533516,0.9205254515599344,0.9990768432617188,2.8284271247461903,0.9396580623533356,0.9783595113438045,proposed,brisc2025_test_00071_gl_ax_t1.jpg,glioma
0.9410384276914051,0.8886426592797784,0.9992332458496094,2.23606797749979,0.9144811858608894,0.9691842900302114,proposed,brisc2025_test_00916_pi_sa_t1.jpg,pituitary
0.9573525339241208,0.9181938911022577,0.9988250732421875,2.38415776431139,0.9570874861572536,0.957617728531856,proposed,brisc2025_test_00448_me_co_t1.jpg,meningioma
0.4977809337830641,0.331363743795793,0.9892082214355469,44.03454907263003,0.7854341736694678,0.36434511434511435,proposed,brisc2025_test_00880_pi_co_t1.jpg,pituitary
0.9657420149199681,0.9337535014005602,0.9981956481933594,3.605551275463989,0.95872878918608,0.9728586020720852,proposed,brisc2025_test_00038_gl_ax_t1.jpg,glioma
0.8681635002878526,0.7670396744659207,0.9991264343261719,6.0,0.9605095541401274,0.792016806722689,proposed,brisc2025_test_00788_pi_ax_t1.jpg,pituitary
0.805761316872428,0.6747070985527223,0.998199462890625,9.909314681077658,0.9270833333333334,0.7125181950509462,proposed,brisc2025_test_00500_me_sa_t1.jpg,meningioma
0.9344132126409401,0.8769001490312965,0.9968490600585938,9.848857801796104,0.8908402725208175,0.9824678577391885,proposed,brisc2025_test_00203_gl_sa_t1.jpg,glioma
0.7663006946000448,0.6211405739193607,0.9960212707519531,13.45362404707371,0.9484193011647255,0.6428571428571429,proposed,brisc2025_test_00758_pi_ax_t1.jpg,pituitary
0.7848484848484848,0.6458852867830424,0.9972915649414062,9.944722215136414,0.9862909367859863,0.6517362858580775,proposed,brisc2025_test_00940_pi_sa_t1.jpg,pituitary
0.9219211161792327,0.8551518168242906,0.9988899230957031,6.4031242374328485,0.946556473829201,0.8985355648535565,proposed,brisc2025_test_00832_pi_co_t1.jpg,pituitary
0.9728260869565217,0.9470899470899471,0.9988937377929688,2.23606797749979,0.9586334256694368,0.9874453110138862,proposed,brisc2025_test_00349_me_ax_t1.jpg,meningioma
0.9239690721649485,0.858682634730539,0.9986495971679688,8.06225774829855,0.9839890210430009,0.8708502024291498,proposed,brisc2025_test_00049_gl_ax_t1.jpg,glioma
0.9616790030919142,0.9261866089153582,0.9984397888183594,2.8284271247461903,0.9491400036989088,0.9745537409798709,proposed,brisc2025_test_00028_gl_ax_t1.jpg,glioma
0.7160322952710496,0.5576715774344233,0.9953041076660156,19.35096694715156,0.739399714149595,0.6940966010733453,proposed,brisc2025_test_00125_gl_co_t1.jpg,glioma
0.9659677909450015,0.9341757272994416,0.998291015625,3.0,0.956953642384106,0.9751533742331289,proposed,brisc2025_test_00490_me_sa_t1.jpg,meningioma
0.7381679389312977,0.5849969751966122,0.9973831176757812,35.87755887415929,0.6163161249203314,0.9200761179828735,proposed,brisc2025_test_00855_pi_co_t1.jpg,pituitary
0.929808973789427,0.8688252386882523,0.9987945556640625,6.0,0.978494623655914,0.8857384680490902,proposed,brisc2025_test_00967_pi_sa_t1.jpg,pituitary
0.8778314147790568,0.7822634017207147,0.9987449645996094,14.34886795744953,0.9594155844155844,0.8090349075975359,proposed,brisc2025_test_00889_pi_co_t1.jpg,pituitary
0.5781292609762749,0.4065976217874952,0.9763946533203125,38.63935817272331,0.45303985468532965,0.7986438123940478,proposed,brisc2025_test_00009_gl_ax_t1.jpg,glioma
0.6730738931778794,0.5072429351697934,0.9920845031738281,41.60197831110048,0.725050916496945,0.6280505733607762,proposed,brisc2025_test_00016_gl_ax_t1.jpg,glioma
0.9698064516129032,0.9413827655310621,0.9991073608398438,2.23606797749979,0.9509109311740891,0.989468141126909,proposed,brisc2025_test_00497_me_sa_t1.jpg,meningioma
0.9767962548341136,0.9546449174457927,0.998260498046875,2.23606797749979,0.980388151174668,0.9732305820320422,proposed,brisc2025_test_00554_me_sa_t1.jpg,meningioma
0.7838682784493539,0.6445586975149957,0.9920883178710938,19.57962667069519,0.7402086203503248,0.8330011074197121,proposed,brisc2025_test_00154_gl_co_t1.jpg,glioma
0.9357798165137615,0.8793103448275862,0.9990386962890625,3.605551275463989,0.972457627118644,0.9017681728880157,proposed,brisc2025_test_00786_pi_ax_t1.jpg,pituitary
0.8975782038345106,0.814187643020595,0.9984512329101562,9.541136703698776,0.8313084112149532,0.975328947368421,proposed,brisc2025_test_00076_gl_ax_t1.jpg,glioma
0.9676144138665045,0.937260677466863,0.9983749389648438,3.0,0.9714547397343917,0.9638043313645313,proposed,brisc2025_test_00447_me_co_t1.jpg,meningioma
0.9725447639717851,0.9465568229826785,0.9990348815917969,2.23606797749979,0.9632416165090284,0.9820293666447513,proposed,brisc2025_test_00373_me_ax_t1.jpg,meningioma
0.7576687116564417,0.6098765432098765,0.9981918334960938,16.290537878752865,0.6190476190476191,0.9762845849802372,proposed,brisc2025_test_00926_pi_sa_t1.jpg,pituitary
0.966615502686109,0.935388043074638,0.9980087280273438,3.0,0.9586451858429532,0.9747194634335096,unet_pso,brisc2025_test_00387_me_ax_t1.jpg,meningioma
0.0,0.0,0.9822463989257812,512.0,0.0,0.0,unet_pso,brisc2025_test_00717_pi_ax_t1.jpg,pituitary
0.5450476975621246,0.37461550914683506,0.9852638244628906,67.99779375974293,0.8692712246431255,0.39698061417052666,unet_pso,brisc2025_test_00132_gl_co_t1.jpg,glioma
0.9326607818411097,0.8738185255198487,0.9989814758300781,3.1622776601683795,0.9665446941975954,0.9010721247563352,unet_pso,brisc2025_test_00457_me_co_t1.jpg,meningioma
0.9640930050034338,0.9306752533383843,0.9972076416015625,4.123105625617661,0.990625,0.938945155742404,unet_pso,brisc2025_test_00461_me_co_t1.jpg,meningioma
0.8015414258188824,0.6688102893890675,0.9980354309082031,8.06225774829855,0.9820585457979226,0.6770833333333334,unet_pso,brisc2025_test_00782_pi_ax_t1.jpg,pituitary
0.9045057162071285,0.8256599140577041,0.9989166259765625,5.0,0.8545108005082592,0.9607142857142857,unet_pso,brisc2025_test_00030_gl_ax_t1.jpg,glioma
0.9398663697104677,0.8865546218487395,0.999176025390625,2.8284271247461903,0.9569160997732427,0.9234135667396062,unet_pso,brisc2025_test_00803_pi_ax_t1.jpg,pituitary
0.9695313020868058,0.9408643892339544,0.9965133666992188,7.0071067811865415,0.9765630246457592,0.9626001191500629,unet_pso,brisc2025_test_00265_me_ax_t1.jpg,meningioma
0.4813848707612047,0.3169893816364772,0.9916572570800781,46.87216658103186,0.3272082527401676,0.9103139013452914,unet_pso,brisc2025_test_00471_me_co_t1.jpg,meningioma
0.965212084223375,0.9327631966971395,0.9991302490234375,2.23606797749979,0.9663916895814237,0.9640353550746723,unet_pso,brisc2025_test_00215_gl_sa_t1.jpg,glioma
0.7818997146351406,0.64190093708166,0.9979591369628906,9.5169564660045,0.6959361393323658,0.892093023255814,unet_pso,brisc2025_test_00058_gl_ax_t1.jpg,glioma
0.9131428571428571,0.8401682439537329,0.999420166015625,3.605551275463989,0.9591836734693877,0.871319520174482,unet_pso,brisc2025_test_00947_pi_sa_t1.jpg,pituitary
0.6121642969984202,0.4410927717700626,0.9925079345703125,46.07329171484833,0.9422492401215805,0.4533489324363849,unet_pso,brisc2025_test_00390_me_ax_t1.jpg,meningioma
0.9404772624943719,0.8876423593404725,0.9899139404296875,15.25777926032456,0.988640666414237,0.8967885969431565,unet_pso,brisc2025_test_00298_me_ax_t1.jpg,meningioma
0.9272214145215086,0.8643176020408163,0.9935073852539062,8.06225774829855,0.9452484742807323,0.9098690835850957,unet_pso,brisc2025_test_00164_gl_co_t1.jpg,glioma
0.8863391896737182,0.7958789439793947,0.9987907409667969,5.385164807134504,0.9778481012658228,0.8104918032786885,unet_pso,brisc2025_test_00276_me_ax_t1.jpg,meningioma
0.8764209754308764,0.7800261096605744,0.9987144470214844,4.0,0.8609510086455331,0.8924570575056012,unet_pso,brisc2025_test_00911_pi_co_t1.jpg,pituitary
0.0,0.0,0.998260498046875,221.36010407510753,0.0,0.0,unet_pso,brisc2025_test_00011_gl_ax_t1.jpg,glioma
0.9419183072934912,0.8902132167924778,0.9968376159667969,8.246211251235321,0.994820186473287,0.8943587014369345,unet_pso,brisc2025_test_00546_me_sa_t1.jpg,meningioma
0.924870579022926,0.8602411588573279,0.9934120178222656,16.303300370251115,0.8745372274784039,0.9813515509601182,unet_pso,brisc2025_test_00408_me_co_t1.jpg,meningioma
0.9251626898047722,0.8607467204843592,0.9989471435546875,4.0,0.9584269662921349,0.8941299790356394,unet_pso,brisc2025_test_00343_me_ax_t1.jpg,meningioma
0.9175339566061034,0.8476330155626172,0.9928665161132812,11.40175425099138,0.9959789372905696,0.8505437004333252,unet_pso,brisc2025_test_00348_me_ax_t1.jpg,meningioma
0.9634615384615385,0.9294990723562152,0.999420166015625,2.0,0.9833169774288518,0.944392082940622,unet_pso,brisc2025_test_00475_me_co_t1.jpg,meningioma
0.9666127074059085,0.9353828079107108,0.9987411499023438,3.0,0.9523524720893142,0.9813064913722268,unet_pso,brisc2025_test_00247_gl_sa_t1.jpg,glioma
0.7077444884115319,0.5476815398075241,0.9980278015136719,9.230266291031075,0.9889415481832543,0.551056338028169,unet_pso,brisc2025_test_00991_pi_sa_t1.jpg,pituitary
0.961147119527827,0.9252004182642035,0.9959068298339844,8.94427190999916,0.9800620292423571,0.9429484902309059,unet_pso,brisc2025_test_00255_me_ax_t1.jpg,meningioma
0.5471527568544743,0.3766072169224388,0.9942665100097656,56.96792868419625,0.38654746700723713,0.9360824742268041,unet_pso,brisc2025_test_00143_gl_co_t1.jpg,glioma
0.7613176651897515,0.6146189735614308,0.9952735900878906,13.601470508735444,0.9969727547931383,0.6157681520722966,unet_pso,brisc2025_test_00761_pi_ax_t1.jpg,pituitary
0.6020097098340296,0.4306251009529963,0.9865531921386719,217.42676716167685,0.787359716479622,0.48729665509047704,unet_pso,brisc2025_test_00412_me_co_t1.jpg,meningioma
0.8959302901277354,0.8114798206278027,0.9879722595214844,46.52300712854442,0.8227947862988785,0.9833357484422548,unet_pso,brisc2025_test_00222_gl_sa_t1.jpg,glioma
0.3879749693568157,0.2406755242516408,0.9638099670410156,100.5837790706516,0.25944779982743743,0.7688570698031194,unet_pso,brisc2025_test_00210_gl_sa_t1.jpg,glioma
0.9686703096539162,0.9392440833627693,0.998687744140625,3.1622776601683795,0.9966266866566716,0.9422395464209781,unet_pso,brisc2025_test_00494_me_sa_t1.jpg,meningioma
0.9371115558832824,0.8816650148662042,0.9977226257324219,5.069313659514942,0.9654873019318428,0.9103561195251739,unet_pso,brisc2025_test_00403_me_co_t1.jpg,meningioma
0.9384602468306608,0.8840556785827269,0.9972038269042969,7.0710678118654755,0.9846723044397463,0.8963913392141138,unet_pso,brisc2025_test_00360_me_ax_t1.jpg,meningioma
0.9609634963993047,0.9248601883275178,0.9940032958984375,9.219544457292887,0.9833807684488717,0.9395454986889386,unet_pso,brisc2025_test_00292_me_ax_t1.jpg,meningioma
0.9259052924791087,0.8620331950207469,0.9974632263183594,6.324555320336759,0.9176236749116607,0.9343377557904206,unet_pso,brisc2025_test_00424_me_co_t1.jpg,meningioma
0.04004152454397153,0.020429782082324457,0.9753074645996094,111.92226741985267,0.020429782082324457,1.0,unet_pso,brisc2025_test_00042_gl_ax_t1.jpg,glioma
0.0023859230539815092,0.0011943863839952225,0.9872398376464844,53.15401289829659,0.0014936519790888724,0.005925925925925926,unet_pso,brisc2025_test_00083_gl_ax_t1.jpg,glioma
0.804932735426009,0.6735459662288931,0.997344970703125,14.37523228449513,0.6757647058823529,0.9951489951489951,unet_pso,brisc2025_test_00892_pi_co_t1.jpg,pituitary
0.791196388261851,0.6545284780578898,0.9985885620117188,5.0,0.9957386363636364,0.6563670411985019,unet_pso,brisc2025_test_00770_pi_ax_t1.jpg,pituitary
0.6088379705400983,0.4376470588235294,0.9772071838378906,50.08991914547278,0.9331727874774233,0.45180722891566266,unet_pso,brisc2025_test_00029_gl_ax_t1.jpg,glioma
0.9664358018114012,0.9350515463917526,0.9992790222167969,2.8284271247461903,0.9770197486535009,0.9560787069571328,unet_pso,brisc2025_test_00384_me_ax_t1.jpg,meningioma
0.956259888735773,0.9161858190709047,0.9967308044433594,5.141941307624036,0.9842403866358479,0.9298263027295285,unet_pso,brisc2025_test_00312_me_ax_t1.jpg,meningioma
0.9573002754820936,0.9180977542932629,0.9976348876953125,4.47213595499958,0.92964151952916,0.9866553094832482,unet_pso,brisc2025_test_00152_gl_co_t1.jpg,glioma
0.9710809102402023,0.9437874366456765,0.9972076416015625,3.605551275463989,0.9550081591421244,0.9877039299204372,unet_pso,brisc2025_test_00274_me_ax_t1.jpg,meningioma
0.7281272595806219,0.572484366117112,0.9942626953125,20.604607597336866,0.5824175824175825,0.9710703953712633,unet_pso,brisc2025_test_00361_me_ax_t1.jpg,meningioma
0.9234209055338177,0.857736240913811,0.9989547729492188,4.3114892674833625,0.9499712478435882,0.8983143012506797,unet_pso,brisc2025_test_00965_pi_sa_t1.jpg,pituitary
0.9083665338645418,0.8321167883211679,0.9982452392578125,6.0,0.9960681520314548,0.834859025997803,unet_pso,brisc2025_test_00990_pi_sa_t1.jpg,pituitary
0.9435495167390391,0.8931317952797666,0.9984626770019531,5.0,0.941307993292342,0.9458017410839652,unet_pso,brisc2025_test_00751_pi_ax_t1.jpg,pituitary
0.9727782637781094,0.9469992986674682,0.9959640502929688,4.123105625617661,0.9733292142930697,0.9722279366385518,unet_pso,brisc2025_test_00398_me_co_t1.jpg,meningioma
0.9259469696969697,0.8621054487744666,0.9940338134765625,8.54400374531753,0.9512598501799786,0.9019463149155982,unet_pso,brisc2025_test_00199_gl_sa_t1.jpg,glioma
0.8327137546468402,0.7133757961783439,0.9965667724609375,10.816653826391969,0.9893992932862191,0.7188703465982028,unet_pso,brisc2025_test_00744_pi_ax_t1.jpg,pituitary
0.9495607126605762,0.9039653448850383,0.9945030212402344,8.056031973468686,0.9915929527012208,0.9109469442578912,unet_pso,brisc2025_test_00379_me_ax_t1.jpg,meningioma
0.5867125932884505,0.4151403249630724,0.9697914123535156,43.683519141761856,0.5169210961927534,0.6782912996259202,unet_pso,brisc2025_test_00043_gl_ax_t1.jpg,glioma
0.9787571151927704,0.9583979773602253,0.9972381591796875,3.0,0.9913813599619591,0.9664503418704369,unet_pso,brisc2025_test_00297_me_ax_t1.jpg,meningioma
0.9246947082767978,0.8599369085173502,0.9991531372070312,3.605551275463989,0.9798705966930266,0.8754014129736674,unet_pso,brisc2025_test_00966_pi_sa_t1.jpg,pituitary
0.9353828636493026,0.8786096256684492,0.9991340637207031,4.3229640308773805,0.9773944080904223,0.8968340611353712,unet_pso,brisc2025_test_00720_pi_ax_t1.jpg,pituitary
0.7339308578745198,0.5796925566343042,0.9960365295410156,10.0,0.9937586685159501,0.5818107998375964,unet_pso,brisc2025_test_00768_pi_ax_t1.jpg,pituitary
0.930171277997365,0.8694581280788177,0.9985847473144531,4.242640687119285,0.9860335195530726,0.8802992518703242,unet_pso,brisc2025_test_00535_me_sa_t1.jpg,meningioma
0.7974373469003203,0.6631150109683485,0.9958992004394531,22.360679774997898,0.6890263757733637,0.9463327370304114,unet_pso,brisc2025_test_00378_me_ax_t1.jpg,meningioma
0.9150501672240803,0.843403205918619,0.9985466003417969,5.0,0.9827586206896551,0.8560700876095119,unet_pso,brisc2025_test_00833_pi_co_t1.jpg,pituitary
0.9605365777569802,0.9240696278511404,0.9990348815917969,3.0,0.9544327340359579,0.9667189952904238,unet_pso,brisc2025_test_00853_pi_co_t1.jpg,pituitary
0.9232303090727817,0.8574074074074074,0.997650146484375,7.003553390593271,0.9890520694259012,0.8656228090675392,unet_pso,brisc2025_test_00801_pi_ax_t1.jpg,pituitary
0.9657491069552427,0.9337667614790736,0.9987564086914062,3.605551275463989,0.9478242936687977,0.9843649603769544,unet_pso,brisc2025_test_00380_me_ax_t1.jpg,meningioma
0.9279223643581826,0.8655365371955234,0.9968833923339844,11.375340525389388,0.978600669892073,0.8822345244086562,unet_pso,brisc2025_test_00495_me_sa_t1.jpg,meningioma
0.9435078379177758,0.893057110862262,0.9992713928222656,4.2067801686687964,0.9713763702801461,0.917193789534215,unet_pso,brisc2025_test_00745_pi_ax_t1.jpg,pituitary
0.9555341262187935,0.9148543290931473,0.9984169006347656,4.0,0.9765659220324134,0.9353891336270191,unet_pso,brisc2025_test_00501_me_sa_t1.jpg,meningioma
0.7500634356762244,0.6000812017864393,0.9962425231933594,10.0,0.9827127659574468,0.6064833812064013,unet_pso,brisc2025_test_00748_pi_ax_t1.jpg,pituitary
0.9199346405228758,0.8517397881996974,0.9992523193359375,183.8885312855158,0.9740484429065744,0.871517027863777,unet_pso,brisc2025_test_00174_gl_sa_t1.jpg,glioma
0.9540918163672655,0.9122137404580153,0.999298095703125,2.23606797749979,0.9612870789341378,0.9470034670629024,unet_pso,brisc2025_test_00887_pi_co_t1.jpg,pituitary
0.8963317384370016,0.8121387283236994,0.9910736083984375,30.228882599801185,0.8502269288956127,0.9477234401349073,unet_pso,brisc2025_test_00467_me_co_t1.jpg,meningioma
0.8721674876847291,0.7733129504258571,0.9960403442382812,11.40175425099138,0.7875889679715302,0.9770971302428256,unet_pso,brisc2025_test_00079_gl_ax_t1.jpg,glioma
0.9303908045977012,0.8698418156808804,0.9971122741699219,3.605551275463989,0.9375463306152706,0.9233436758532579,unet_pso,brisc2025_test_00317_me_ax_t1.jpg,meningioma
0.8525310700212185,0.7429665830141329,0.9925765991210938,20.0,0.7957278257179233,0.9180675697731353,unet_pso,brisc2025_test_00185_gl_sa_t1.jpg,glioma
0.9014461052375744,0.820575221238938,0.9969062805175781,12.727922061357855,0.9930388219544846,0.8253226524254562,unet_pso,brisc2025_test_00405_me_co_t1.jpg,meningioma
0.0,0.0,0.983795166015625,188.2876782950313,0.0,0.0,unet_pso,brisc2025_test_00137_gl_co_t1.jpg,glioma
0.9708340498710232,0.9433211910570464,0.9935302734375,127.96248625702233,0.9899694876021464,0.9524243344468064,unet_pso,brisc2025_test_00304_me_ax_t1.jpg,meningioma
0.9642279708973323,0.9309268292682927,0.9986495971679688,3.605551275463989,0.9653986240388507,0.9630601534113847,unet_pso,brisc2025_test_00332_me_ax_t1.jpg,meningioma
0.9625512270950115,0.9278060297856884,0.9969673156738281,5.0,0.9817430575574133,0.9440953613010534,unet_pso,brisc2025_test_00377_me_ax_t1.jpg,meningioma
0.7033689400164339,0.5424588086185045,0.9931144714355469,29.0,0.8817470127729707,0.5850191361399671,unet_pso,brisc2025_test_00093_gl_co_t1.jpg,glioma
0.9575735361495464,0.9186005625879043,0.9982337951660156,2.8284271247461903,0.9631336405529954,0.9520772594752187,unet_pso,brisc2025_test_00439_me_co_t1.jpg,meningioma
0.8156559555448176,0.6886984904120768,0.9970893859863281,10.079215610874224,0.9882903981264637,0.6943644590703414,unet_pso,brisc2025_test_00799_pi_ax_t1.jpg,pituitary
0.9293154761904762,0.8679638637943016,0.997100830078125,8.22781590094164,0.9842395587076438,0.8801973220577872,unet_pso,brisc2025_test_00489_me_sa_t1.jpg,meningioma
0.9736322617033277,0.948619315840088,0.9985733032226562,2.8284271247461903,0.9827782522060916,0.9646549315451244,unet_pso,brisc2025_test_00465_me_co_t1.jpg,meningioma
0.5654596100278552,0.3941747572815534,0.996429443359375,14.815445903775952,1.0,0.3941747572815534,unet_pso,brisc2025_test_00929_pi_sa_t1.jpg,pituitary
0.9101796407185628,0.8351648351648352,0.9979400634765625,14.92459841818755,0.9945474372955289,0.8390064397424103,unet_pso,brisc2025_test_00090_gl_co_t1.jpg,glioma
0.9542202431580528,0.912448569514879,0.9965095520019531,6.324555320336759,0.9764489043620725,0.9329811173075041,unet_pso,brisc2025_test_00245_gl_sa_t1.jpg,glioma
0.7873684210526316,0.6493055555555556,0.9899826049804688,26.983281572999726,0.6985632183908046,0.9020408163265307,unet_pso,brisc2025_test_00062_gl_ax_t1.jpg,glioma
0.8576759316844472,0.7508166513108301,0.9886512756347656,16.76305461424021,0.7560091085434765,0.9909352199867345,unet_pso,brisc2025_test_00080_gl_ax_t1.jpg,glioma
0.834407535944472,0.7158655891110166,0.9974517822265625,11.180339887498949,0.9376044568245125,0.7516748548459133,unet_pso,brisc2025_test_00781_pi_ax_t1.jpg,pituitary
0.9377400768245838,0.8827783637185476,0.9970321655273438,7.0710678118654755,0.9451524439425714,0.9304430681276799,unet_pso,brisc2025_test_00907_pi_co_t1.jpg,pituitary
0.9275521405049396,0.8648925281473899,0.9994964599609375,2.8284271247461903,0.9285714285714286,0.9265350877192983,unet_pso,brisc2025_test_00812_pi_ax_t1.jpg,pituitary
0.7359037218631602,0.5821579689703809,0.9954795837402344,21.18962010041709,0.9868499701135685,0.5867093105899076,unet_pso,brisc2025_test_00503_me_sa_t1.jpg,meningioma
0.927694406548431,0.8651399491094147,0.9993934631347656,4.403287374635489,0.925589836660617,0.9298085688240656,unet_pso,brisc2025_test_00831_pi_co_t1.jpg,pituitary
0.9652535328345803,0.9328406169665809,0.9992027282714844,3.0,0.9771120834735779,0.9536793692509855,unet_pso,brisc2025_test_00906_pi_co_t1.jpg,pituitary
0.8977783248199889,0.8145170295924065,0.9936637878417969,16.0,0.9895536562203229,0.8215814372606443,unet_pso,brisc2025_test_00103_gl_co_t1.jpg,glioma
0.8662072925638817,0.7639908837680426,0.9964447021484375,12.002079728939613,0.9431072210065645,0.8009025749933634,unet_pso,brisc2025_test_00325_me_ax_t1.jpg,meningioma
0.9467978890315218,0.8989707475622969,0.9985771179199219,4.0,0.982243267238828,0.9138215859030837,unet_pso,brisc2025_test_00358_me_ax_t1.jpg,meningioma
0.9114130434782609,0.8372441337993011,0.9975128173828125,9.219544457292887,0.9613069647463457,0.866442779643503,unet_pso,brisc2025_test_00089_gl_co_t1.jpg,glioma
0.9432159915089333,0.8925343153665886,0.9987754821777344,4.0,0.9852180339985218,0.9046487953851374,unet_pso,brisc2025_test_00898_pi_co_t1.jpg,pituitary
0.9348322822411114,0.8776385790286597,0.9972801208496094,8.784164644126516,0.9211095100864554,0.9489701243273334,unet_pso,brisc2025_test_00442_me_co_t1.jpg,meningioma
0.9699831681316626,0.9417158420335906,0.9975509643554688,4.0,0.9808055975794251,0.9593969663337033,unet_pso,brisc2025_test_00283_me_ax_t1.jpg,meningioma
0.9451827242524917,0.8960629921259843,0.9974822998046875,5.0,0.9635901778154107,0.9274653626731867,unet_pso,brisc2025_test_00828_pi_co_t1.jpg,pituitary
0.936809960065774,0.8811312417145383,0.9969215393066406,10.487766334866576,0.9191763982790412,0.9551333226888072,unet_pso,brisc2025_test_00894_pi_co_t1.jpg,pituitary
0.9354005167958657,0.8786407766990292,0.9991416931152344,2.8284271247461903,0.9438006952491309,0.9271485486624929,unet_pso,brisc2025_test_00808_pi_ax_t1.jpg,pituitary
0.9492566257272139,0.9034143340510612,0.9988021850585938,5.0990195135927845,0.9783477681545636,0.9218455743879472,unet_pso,brisc2025_test_00226_gl_sa_t1.jpg,glioma
0.9377285057200142,0.8827578550016654,0.9959716796875,6.4031242374328485,0.9427317998577187,0.9327780384795871,unet_pso,brisc2025_test_00209_gl_sa_t1.jpg,glioma
0.9148665819567979,0.8430913348946136,0.9987220764160156,7.0,0.975609756097561,0.861244019138756,unet_pso,brisc2025_test_00792_pi_ax_t1.jpg,pituitary
0.9181555215245873,0.8486945580371186,0.9981651306152344,6.4031242374328485,0.9368055555555556,0.9002335669002336,unet_pso,brisc2025_test_00550_me_sa_t1.jpg,meningioma
0.7227263950569608,0.5658352229780801,0.989044189453125,23.08679276123039,0.7583063209076175,0.6903356694946514,unet_pso,brisc2025_test_00178_gl_sa_t1.jpg,glioma
0.9492377282626906,0.9033801020408163,0.9988441467285156,3.18444134093314,0.9662346521145976,0.9328284491274283,unet_pso,brisc2025_test_00337_me_ax_t1.jpg,meningioma
0.88379705400982,0.7917888563049853,0.997833251953125,6.4031242374328485,0.997229916897507,0.7935341660543718,unet_pso,brisc2025_test_00437_me_co_t1.jpg,meningioma
0.9635304546030138,0.929627367135003,0.997802734375,5.0,0.9600050466818068,0.9670818505338078,unet_pso,brisc2025_test_00395_me_co_t1.jpg,meningioma
0.9258536585365854,0.8619436875567665,0.997100830078125,10.198039027185569,0.9117986164488855,0.9403487911216806,unet_pso,brisc2025_test_00205_gl_sa_t1.jpg,glioma
0.9586099607791582,0.9205100151489648,0.9927940368652344,8.06225774829855,0.9851828499369483,0.933432899509281,unet_pso,brisc2025_test_00073_gl_ax_t1.jpg,glioma
0.8318509106310885,0.7121102248005802,0.9984855651855469,10.735283663885419,0.9655850540806293,0.7306547619047619,unet_pso,brisc2025_test_00994_pi_sa_t1.jpg,pituitary
0.9097859327217125,0.8345021037868162,0.9977493286132812,5.385164807134504,0.9486607142857143,0.8739717978848414,unet_pso,brisc2025_test_00972_pi_sa_t1.jpg,pituitary
0.9168777342850564,0.8465136054421769,0.9972457885742188,11.641052550594814,0.8986684721281878,0.9358401880141011,unet_pso,brisc2025_test_00809_pi_ax_t1.jpg,pituitary
0.5252796420581656,0.3561893203883495,0.9959526062011719,71.75474270759412,0.9030769230769231,0.37034700315457414,unet_pso,brisc2025_test_00146_gl_co_t1.jpg,glioma
0.953362622507604,0.9108814982240878,0.9989471435546875,2.8284271247461903,0.9815588030619345,0.9267411300919842,unet_pso,brisc2025_test_00476_me_co_t1.jpg,meningioma
0.9183955739972337,0.8491048593350383,0.9990997314453125,3.605551275463989,0.9665211062590975,0.8748353096179183,unet_pso,brisc2025_test_00433_me_co_t1.jpg,meningioma
0.7331794575879977,0.5787555798487747,0.98236083984375,26.263080341592985,0.8422378364046136,0.6491263921528558,unet_pso,brisc2025_test_00156_gl_co_t1.jpg,glioma
0.9149094517489457,0.8431641518061271,0.9973831176757812,5.0,0.9728303877604854,0.8634980098337626,unet_pso,brisc2025_test_00998_pi_sa_t1.jpg,pituitary
0.9625255507608449,0.9277583187390543,0.9987411499023438,3.0,0.9837511606313835,0.9421965317919075,unet_pso,brisc2025_test_00514_me_sa_t1.jpg,meningioma
0.7898265495912453,0.6526556580170134,0.9814643859863281,28.0178514522438,0.763761084155931,0.8177339901477833,unet_pso,brisc2025_test_00158_gl_co_t1.jpg,glioma
0.9502899751449876,0.9052880820836622,0.998626708984375,3.0,0.9682048396173326,0.9330260303687635,unet_pso,brisc2025_test_00891_pi_co_t1.jpg,pituitary
0.9304535637149028,0.869951534733441,0.9981575012207031,9.754460800120636,0.9020100502512562,0.9607493309545049,unet_pso,brisc2025_test_00735_pi_ax_t1.jpg,pituitary
0.9408306709265176,0.8882722007722008,0.9982337951660156,7.0,0.9293107801060339,0.952639751552795,unet_pso,brisc2025_test_00436_me_co_t1.jpg,meningioma
0.9484417965169569,0.9019394203530181,0.9982833862304688,4.242640687119285,0.9944738106679482,0.9064826982041174,unet_pso,brisc2025_test_00430_me_co_t1.jpg,meningioma
0.7281272595806219,0.572484366117112,0.9942626953125,20.604607597336866,0.5824175824175825,0.9710703953712633,unet_pso,brisc2025_test_00429_me_co_t1.jpg,meningioma
0.9028737722808294,0.8229442970822282,0.9959259033203125,9.219544457292887,0.9845299484331614,0.8337252267383272,unet_pso,brisc2025_test_00006_gl_ax_t1.jpg,glioma
0.8545871922742024,0.7460953697304769,0.9929924011230469,16.0,1.0,0.7460953697304769,unet_pso,brisc2025_test_00543_me_sa_t1.jpg,meningioma
0.982372383400661,0.9653554673403103,0.99853515625,2.23606797749979,0.9863569321533924,0.9784198975859546,unet_pso,brisc2025_test_00342_me_ax_t1.jpg,meningioma
0.9110512129380054,0.8366336633663366,0.998992919921875,4.123105625617661,0.987582176771366,0.8455284552845529,unet_pso,brisc2025_test_00818_pi_ax_t1.jpg,pituitary
0.7857508096130902,0.6471083660864683,0.9952049255371094,20.136950394416246,0.9320663162151234,0.6791396582203889,unet_pso,brisc2025_test_00784_pi_ax_t1.jpg,pituitary
0.9615539182853315,0.925954592363261,0.9989051818847656,2.23606797749979,0.9563016253663735,0.966864224137931,unet_pso,brisc2025_test_00328_me_ax_t1.jpg,meningioma
0.7899712289354706,0.6528532608695652,0.9902534484863281,39.54676511565858,0.6751440213573134,0.9518621236133122,unet_pso,brisc2025_test_00160_gl_co_t1.jpg,glioma
0.903312177707259,0.8236730264942581,0.9925613403320312,18.35755975068582,0.9823142456594414,0.8360715924736117,unet_pso,brisc2025_test_00359_me_ax_t1.jpg,meningioma
0.9727212790506016,0.9468912956277578,0.9974746704101562,3.0,0.9556311229859931,0.9904338340186288,unet_pso,brisc2025_test_00401_me_co_t1.jpg,meningioma
0.7161458333333334,0.5578093306288032,0.99334716796875,22.0,0.8997955010224948,0.5947553392808868,unet_pso,brisc2025_test_00077_gl_ax_t1.jpg,glioma
0.9395373291272345,0.8859692612791275,0.9991226196289062,4.083368334205461,0.9187660668380463,0.9612694997310381,unet_pso,brisc2025_test_00363_me_ax_t1.jpg,meningioma
0.8903102014710585,0.8023054755043227,0.9960746765136719,7.9525624189766635,1.0,0.8023054755043227,unet_pso,brisc2025_test_00459_me_co_t1.jpg,meningioma
0.8019559902200489,0.6693877551020408,0.9993820190429688,3.605551275463989,0.784688995215311,0.82,unet_pso,brisc2025_test_00886_pi_co_t1.jpg,pituitary
0.9616112928214839,0.9260610079575596,0.9982986450195312,4.242640687119285,0.9672727272727273,0.9560157453362998,unet_pso,brisc2025_test_00511_me_sa_t1.jpg,meningioma
0.0,0.0,0.9920501708984375,512.0,0.0,0.0,unet_pso,brisc2025_test_00910_pi_co_t1.jpg,pituitary
0.1936468706840154,0.10720321931589537,0.9576835632324219,110.55541159880758,0.5957066189624329,0.11561496397882129,unet_pso,brisc2025_test_00135_gl_co_t1.jpg,glioma
0.8796164312556694,0.7851029377746935,0.9964561462402344,8.48528137423857,0.988351776354106,0.7924352089656783,unet_pso,brisc2025_test_00035_gl_ax_t1.jpg,glioma
0.9660791486531427,0.9343840463171438,0.99688720703125,5.0,0.9821654974220269,0.9505112474437628,unet_pso,brisc2025_test_00536_me_sa_t1.jpg,meningioma
0.9450874831763122,0.8958918091349835,0.998443603515625,5.830951894845301,0.9561546840958606,0.9342735497605109,unet_pso,brisc2025_test_00520_me_sa_t1.jpg,meningioma
0.9201021524990879,0.852027027027027,0.9991645812988281,3.605551275463989,0.9582066869300911,0.8849122807017544,unet_pso,brisc2025_test_00759_pi_ax_t1.jpg,pituitary
0.6612903225806451,0.4939759036144578,0.9951934814453125,14.606335201775948,0.984,0.4979757085020243,unet_pso,brisc2025_test_00777_pi_ax_t1.jpg,pituitary
0.828673835125448,0.7074663402692778,0.9963531494140625,12.27166012018141,0.7277305634246144,0.9621306699958385,unet_pso,brisc2025_test_00885_pi_co_t1.jpg,pituitary
0.8773111098846514,0.7814374201160161,0.9915199279785156,158.5265753637799,0.9705702772011234,0.8004028197381672,unet_pso,brisc2025_test_00301_me_ax_t1.jpg,meningioma
0.9238444883742822,0.8584674597620714,0.9969139099121094,7.238705486268993,0.9665156588536538,0.8847818247385503,unet_pso,brisc2025_test_00196_gl_sa_t1.jpg,glioma
0.8916129032258064,0.8044237485448196,0.999359130859375,3.605551275463989,0.9225634178905207,0.8626716604244694,unet_pso,brisc2025_test_00979_pi_sa_t1.jpg,pituitary
0.9047858942065491,0.8261269549218031,0.9978370666503906,9.00553851381374,0.980349344978166,0.8400374181478016,unet_pso,brisc2025_test_00234_gl_sa_t1.jpg,glioma
0.7452038369304557,0.5938843764930721,0.9902725219726562,19.79519452572796,0.6334295906234075,0.9048774569279301,unet_pso,brisc2025_test_00187_gl_sa_t1.jpg,glioma
0.946236559139785,0.8979591836734694,0.9989128112792969,2.8284271247461903,0.9306122448979591,0.9623944742900997,unet_pso,brisc2025_test_00127_gl_co_t1.jpg,glioma
0.9260673377299549,0.8623141564318035,0.9991874694824219,3.605551275463989,0.9816041206769683,0.8764783180026281,unet_pso,brisc2025_test_00181_gl_sa_t1.jpg,glioma
0.9257754800590842,0.8618081815056721,0.9969329833984375,9.01938479834809,0.953775917823854,0.8993721973094171,unet_pso,brisc2025_test_00381_me_ax_t1.jpg,meningioma
0.7855261333703036,0.6468036529680365,0.9940986633300781,13.005760721560794,0.9795988934993084,0.6556352696135154,unet_pso,brisc2025_test_00800_pi_ax_t1.jpg,pituitary
0.9059656218402427,0.8280961182994455,0.9989356994628906,3.7633307652783845,0.9985141158989599,0.8291178285009253,unet_pso,brisc2025_test_00456_me_co_t1.jpg,meningioma
0.9492457457085531,0.9033946251768034,0.9973945617675781,5.830951894845301,0.9678739202909532,0.9313210848643919,unet_pso,brisc2025_test_00270_me_ax_t1.jpg,meningioma
0.4551788202508128,0.2946482260974143,0.9910507202148438,64.1942256119596,0.9919028340080972,0.29535864978902954,unet_pso,brisc2025_test_00225_gl_sa_t1.jpg,glioma
0.9201977401129944,0.8521909744931327,0.9991378784179688,3.605551275463989,0.9969395562356542,0.8544262295081967,unet_pso,brisc2025_test_00790_pi_ax_t1.jpg,pituitary
0.8214959145191704,0.6970666666666666,0.997833251953125,8.48528137423857,0.9703043801039347,0.7122615803814714,unet_pso,brisc2025_test_00933_pi_sa_t1.jpg,pituitary
0.8747759282970551,0.7774237596722804,0.9944038391113281,11.704699910719626,0.8106312292358804,0.949944382647386,unet_pso,brisc2025_test_00243_gl_sa_t1.jpg,glioma
0.0,0.0,0.9518852233886719,512.0,0.0,0.0,unet_pso,brisc2025_test_00045_gl_ax_t1.jpg,glioma
0.842573376815891,0.7279713114754098,0.9979743957519531,8.54400374531753,0.972621492128679,0.7432008368200836,unet_pso,brisc2025_test_00704_pi_ax_t1.jpg,pituitary
0.8195402298850575,0.6942551119766309,0.9988021850585938,7.364025693426366,0.9609164420485176,0.7144288577154309,unet_pso,brisc2025_test_00955_pi_sa_t1.jpg,pituitary
0.9600132187706544,0.92310136638068,0.9990768432617188,3.605551275463989,0.9738518270197788,0.9465623981753014,unet_pso,brisc2025_test_00071_gl_ax_t1.jpg,glioma
0.9003058103975535,0.8186874304783093,0.9987564086914062,6.464140176446149,0.8392246294184721,0.9709762532981531,unet_pso,brisc2025_test_00916_pi_sa_t1.jpg,pituitary
0.9510920541337264,0.9067450178845171,0.9986076354980469,3.7041634565979917,0.9825581395348837,0.9215788106985199,unet_pso,brisc2025_test_00448_me_co_t1.jpg,meningioma
0.5834970530451866,0.4119278779472954,0.991912841796875,36.951271131668605,0.8319327731092437,0.4493192133131619,unet_pso,brisc2025_test_00880_pi_co_t1.jpg,pituitary
0.9408369408369408,0.888283378746594,0.9967155456542969,10.611161882352235,0.9844693701466781,0.9009080142123964,unet_pso,brisc2025_test_00038_gl_ax_t1.jpg,glioma
0.8461538461538461,0.7333333333333333,0.9989471435546875,7.0,0.9668789808917198,0.7522299306243806,unet_pso,brisc2025_test_00788_pi_ax_t1.jpg,pituitary
0.68125,0.5165876777251185,0.9964981079101562,21.439430134364724,0.9289772727272727,0.537828947368421,unet_pso,brisc2025_test_00500_me_sa_t1.jpg,meningioma
0.8310333443380654,0.7109127880704925,0.9902381896972656,22.090722034374522,0.9527630582891748,0.7368852459016394,unet_pso,brisc2025_test_00203_gl_sa_t1.jpg,glioma
0.7615923009623797,0.6149770399152243,0.9958419799804688,14.120815280171303,0.9656128674431503,0.6287468400144457,unet_pso,brisc2025_test_00758_pi_ax_t1.jpg,pituitary
0.74437161584497,0.5928279618701771,0.9965782165527344,12.0,0.9946686976389947,0.5947176684881603,unet_pso,brisc2025_test_00940_pi_sa_t1.jpg,pituitary
0.9115117891816921,0.8374108053007135,0.9987831115722656,3.4725691908753014,0.9052341597796143,0.917877094972067,unet_pso,brisc2025_test_00832_pi_co_t1.jpg,pituitary
0.9717238139971818,0.9450027407272062,0.9988517761230469,3.0,0.9551246537396122,0.9889101338432122,unet_pso,brisc2025_test_00349_me_ax_t1.jpg,meningioma
0.8118848653667595,0.6833385432947796,0.9961357116699219,11.0,1.0,0.6833385432947796,unet_pso,brisc2025_test_00049_gl_ax_t1.jpg,glioma
0.9704447104318202,0.9425862994097657,0.9987754821777344,2.8284271247461903,0.9746624745700019,0.9662632929959662,unet_pso,brisc2025_test_00028_gl_ax_t1.jpg,glioma
0.4376506684198992,0.2801234394725768,0.9804229736328125,43.87025848632812,0.9514054311576942,0.2841895545752099,unet_pso,brisc2025_test_00125_gl_co_t1.jpg,glioma
0.9635615413393191,0.9296852440080855,0.9981422424316406,4.04308696896617,0.9691450933172787,0.958041958041958,unet_pso,brisc2025_test_00490_me_sa_t1.jpg,meningioma
0.7400076132470499,0.5873111782477342,0.9973945617675781,35.745996203247685,0.6195028680688337,0.9187145557655955,unet_pso,brisc2025_test_00855_pi_co_t1.jpg,pituitary
0.922706371797679,0.8565040650406504,0.9986534118652344,5.796132365774708,0.9850397381954185,0.8677924217462932,unet_pso,brisc2025_test_00967_pi_sa_t1.jpg,pituitary
0.9040992854456562,0.8249828414550446,0.9990272521972656,4.551315561749631,0.9756493506493507,0.8423265592151367,unet_pso,brisc2025_test_00889_pi_co_t1.jpg,pituitary
0.7306419589675711,0.5755995828988529,0.9798164367675781,26.4045439773597,0.7667485842504541,0.6977829638273045,unet_pso,brisc2025_test_00009_gl_ax_t1.jpg,glioma
0.44065040650406506,0.28258602711157454,0.989501953125,69.76192734727374,0.36795655125594023,0.5491388044579534,unet_pso,brisc2025_test_00016_gl_ax_t1.jpg,glioma
0.9513888888888888,0.9072847682119205,0.998504638671875,6.32848376619156,0.9706477732793523,0.9328793774319066,unet_pso,brisc2025_test_00497_me_sa_t1.jpg,meningioma
0.9759822015472519,0.9530910527355323,0.9981880187988281,2.8284271247461903,0.9858018386108274,0.9663562631420847,unet_pso,brisc2025_test_00554_me_sa_t1.jpg,meningioma
0.6698493528538086,0.5035890891689264,0.988128662109375,26.771087184414828,0.6213343829954733,0.7265822784810126,unet_pso,brisc2025_test_00154_gl_co_t1.jpg,glioma
0.9221858473936037,0.8556074766355141,0.9988212585449219,4.0,0.9698093220338984,0.8790206433029285,unet_pso,brisc2025_test_00786_pi_ax_t1.jpg,pituitary
0.8960078856579596,0.8116071428571429,0.9983901977539062,9.541136703698776,0.8495327102803738,0.9478623566214807,unet_pso,brisc2025_test_00076_gl_ax_t1.jpg,glioma
0.965418302627605,0.9331484454824114,0.9982528686523438,3.0,0.9758815448023203,0.9551770506499327,unet_pso,brisc2025_test_00447_me_co_t1.jpg,meningioma
0.9664214902462424,0.9350247524752475,0.9987983703613281,2.8284271247461903,0.9744196044711951,0.9585536054134066,unet_pso,brisc2025_test_00373_me_ax_t1.jpg,meningioma
0.8691099476439791,0.7685185185185185,0.9988555908203125,7.810249675906654,0.8320802005012531,0.9095890410958904,unet_pso,brisc2025_test_00926_pi_sa_t1.jpg,pituitary
